Rk,Player,PTS/100 Poss.,MP/G,G,Season,Team,G,GS,MP,FG,FGA,2P,2PA,3P,3PA,FT,FTA,ORB,DRB,TRB,AST,STL,BLK,TOV,PF,PTS,FG%,2P%,3P%,FT%,TS%,eFG%,Pos,Class,Player-additional
1,Darryn Peterson,49.0,26.8,9,2025-26,Kansas,9,9,241,67,133,41,69,26,64,40,48,4,36,40,19,10,7,14,11,200,.504,.594,.406,.833,.642,.602,G,FR,darryn-peterson-1
2,Bol Bol,43.1,29.8,9,2018-19,Oregon,9,9,268,74,132,61,107,13,25,28,37,19,67,86,9,7,24,18,15,189,.561,.570,.520,.757,.632,.610,C,FR,bol-bol-1
3,Mike Daum,42.7,20.8,34,2015-16,South Dakota State,34,3,706,172,311,143,246,29,65,145,176,71,136,207,27,17,11,56,71,518,.553,.581,.446,.824,.656,.600,F,FR,mike-daum-1
4,Jao Ituka,41.4,22.0,28,2021-22,Marist,28,16,617,151,287,135,248,16,39,109,142,19,69,88,45,19,7,66,54,427,.526,.544,.410,.768,.602,.554,G,FR,jao-ituka-1
5,Zion Williamson,41.2,30.0,33,2018-19,Duke,33,33,990,296,435,272,364,24,71,130,203,116,177,293,68,70,59,78,68,746,.680,.747,.338,.640,.702,.708,F,FR,zion-williamson-1
6,Cameron Boozer,41.1,32.2,18,2025-26,Duke,18,18,580,146,249,120,180,26,69,100,133,60,119,179,73,32,12,41,30,418,.586,.667,.377,.752,.669,.639,F,FR,cameron-boozer-3
7,Trae Young,40.4,35.4,32,2017-18,Oklahoma,32,32,1133,261,618,143,290,118,328,236,274,14,111,125,279,54,8,167,57,876,.422,.493,.360,.861,.585,.518,G,FR,trae-young-1
8,Brice Sensabaugh,40.3,24.5,33,2022-23,Ohio State,33,21,809,197,410,137,262,60,148,83,100,42,135,177,38,18,13,67,82,537,.480,.523,.405,.830,.587,.554,F,FR,brice-sensabaugh-1
9,Antoine Davis,39.7,37.4,30,2018-19,Detroit Mercy,30,29,1122,263,657,131,310,132,347,126,147,22,72,94,107,28,0,99,70,784,.400,.423,.380,.857,.539,.501,G,FR,antoine-davis-2
10,AJ Dybantsa,39.6,31.8,18,2025-26,Brigham Young,18,18,572,139,254,123,201,16,53,111,146,27,96,123,64,25,8,50,21,405,.547,.612,.302,.760,.626,.579,F,FR,aj-dybantsa-1
11,James Daniel,39.3,31.8,28,2013-14,Howard,28,26,891,155,421,64,190,91,231,186,233,15,54,69,44,37,1,93,64,587,.368,.337,.394,.798,.552,.476,G,FR,james-daniel-1
12,Vernon Carey Jr.,39.2,24.9,31,2019-20,Duke,31,30,772,199,345,191,324,8,21,146,218,83,189,272,30,22,49,63,85,552,.577,.590,.381,.670,.615,.588,C,FR,vernon-careyjr-1
13,Lamine Diane,39.0,35.3,33,2018-19,Cal State Northridge,33,33,1165,340,701,333,678,7,23,131,251,108,260,368,68,50,72,105,112,818,.485,.491,.304,.522,.499,.490,F,FR,lamine-diane-1
14,Jhivvan Jackson,38.7,25.7,29,2017-18,UTSA,29,9,745,174,404,97,195,77,209,109,142,9,85,94,52,30,2,70,70,534,.431,.497,.368,.768,.566,.526,G,FR,jhivvan-jackson-1
15,Money Williams,38.5,20.8,12,2023-24,Montana,12,6,249,53,114,43,80,10,34,45,51,5,42,47,39,6,1,26,32,161,.465,.538,.294,.882,.582,.509,G,FR,money-williams-1
16,Jabari Parker,38.2,30.7,35,2013-14,Duke,35,35,1074,236,499,198,393,38,106,160,214,105,201,306,41,37,43,81,83,670,.473,.504,.358,.748,.558,.511,F,FR,jabari-parker-1
17,Maurice Creek,38.2,25.4,12,2009-10,Indiana,12,12,305,69,131,39,64,30,67,29,38,19,27,46,22,17,5,18,22,197,.527,.609,.448,.763,.661,.641,G,FR,maurice-creek-1
18,Ebuka Okorie,38.0,33.6,17,2025-26,Stanford,17,17,571,116,263,84,163,32,100,112,137,15,45,60,54,26,5,24,24,376,.441,.515,.320,.818,.573,.502,G,FR,ebuka-okorie-1
19,John Brown,37.7,25.9,28,2012-13,High Point,28,28,724,180,347,180,347,0,0,100,151,84,87,171,19,48,34,37,72,460,.519,.519,,.662,.549,.519,F,FR,john-brown-3
20,Cooper Flagg,37.5,30.7,37,2024-25,Duke,37,37,1135,239,497,187,362,52,135,179,213,49,228,277,156,52,50,78,70,709,.481,.517,.385,.840,.593,.533,F,FR,cooper-flagg-1
21,Jalone Friday,37.3,21.7,26,2016-17,Abilene Christian,26,11,563,123,235,87,156,36,79,75,91,41,101,142,9,12,34,41,95,357,.523,.558,.456,.824,.642,.600,C,FR,jalone-friday-1
22,Cameron Thomas,37.3,34.0,29,2020-21,Louisiana State,29,29,986,203,500,135,291,68,209,194,220,18,80,98,42,25,6,49,40,668,.406,.464,.325,.882,.553,.474,G,FR,cameron-thomas-1
23,Kevin Obanor,37.1,22.4,28,2018-19,Oral Roberts,28,11,627,133,228,107,165,26,63,110,133,71,130,201,13,4,9,44,69,402,.583,.648,.413,.827,.690,.640,F,FR,kevin-obanor-1
24,DeMarcus Cousins,36.8,23.5,38,2009-10,Kentucky,38,37,893,206,369,205,363,1,6,162,268,154,220,374,38,37,67,78,122,575,.558,.565,.167,.604,.579,.560,F,FR,demarcus-cousins-1
25,Mister Dean,36.5,23.3,31,2024-25,USC Upstate,31,27,721,195,341,184,296,11,45,87,152,46,123,169,42,67,21,71,90,488,.572,.622,.244,.572,.591,.588,G,FR,mister-dean-1
26,Collin Sexton,36.5,29.9,33,2017-18,Alabama,33,32,987,196,438,152,307,44,131,196,252,34,90,124,119,28,3,92,81,632,.447,.495,.336,.778,.567,.498,G,FR,collin-sexton-1
27,Caleb Wilson,36.4,31.1,18,2025-26,North Carolina,18,18,560,127,220,123,203,4,17,97,139,59,131,190,49,29,25,37,38,355,.577,.606,.235,.698,.621,.586,F,FR,caleb-wilson-1
28,Kyrie Irving,36.1,27.5,11,2010-11,Duke,11,8,303,55,104,37,65,18,39,64,71,6,31,37,47,16,6,27,23,192,.529,.569,.462,.901,.697,.615,G,FR,kyrie-irving-1
29,Josh Hubbard,35.9,27.7,35,2023-24,Mississippi State,35,16,971,184,478,76,174,108,304,122,143,9,67,76,61,24,4,42,48,598,.385,.437,.355,.853,.548,.498,G,FR,josh-hubbard-1
30,Marcus Evans,35.8,33.5,32,2015-16,Rice,32,32,1073,223,474,171,304,52,170,187,235,28,100,128,91,70,6,100,92,685,.470,.563,.306,.796,.585,.525,G,FR,marcus-evans-2
31,Markelle Fultz,35.7,35.7,25,2016-17,Washington,25,25,892,209,439,157,313,52,126,109,168,33,110,143,148,40,30,80,63,579,.476,.502,.413,.649,.558,.535,G,FR,markelle-fultz-1
32,Madden Collins,35.4,20.4,18,2025-26,American,18,0,368,88,187,74,120,14,67,36,52,28,60,88,31,27,6,24,44,226,.471,.617,.209,.692,.534,.508,G,FR,madden-collins-1
33,Ace Glass lll,35.4,26.0,19,2025-26,Washington State,19,11,494,99,211,59,101,40,110,65,76,7,55,62,38,13,3,48,36,303,.469,.584,.364,.855,.613,.564,G,FR,ace-glass-lll-1
34,Rob Dillingham,35.3,23.3,32,2023-24,Kentucky,32,1,746,172,362,108,218,64,144,78,98,8,86,94,124,33,2,64,84,486,.475,.495,.444,.796,.595,.564,G,FR,rob-dillingham-1
35,Marvin Bagley III,35.3,33.9,33,2017-18,Duke,33,32,1118,270,440,247,382,23,58,131,209,132,234,366,50,27,29,75,60,694,.614,.647,.397,.627,.643,.640,F,FR,marvin-bagleyiii-1
36,PJ Haggerty,35.2,33.7,31,2023-24,Tulsa,31,31,1045,199,404,177,328,22,76,237,309,32,137,169,119,60,1,80,53,657,.493,.540,.289,.767,.596,.520,G,FR,pj-haggerty-1
37,Thijs De Ridder,35.1,27.3,18,2025-26,Virginia,18,18,492,105,197,84,143,21,54,58,87,42,70,112,27,13,8,33,53,289,.533,.587,.389,.667,.606,.586,F,FR,thijs-de-ridder-1
38,Jake Cohen,35.1,22.7,31,2009-10,Davidson,31,23,704,151,324,123,234,28,90,83,117,48,111,159,26,14,37,66,88,413,.466,.526,.311,.709,.544,.509,F,FR,jake-cohen-1
39,Caleb Mills,35.1,22.5,31,2019-20,Houston,31,7,699,143,371,93,234,50,137,73,97,12,70,82,35,16,5,43,58,409,.385,.397,.365,.753,.490,.453,G,FR,caleb-mills-1
40,R.J. Barrett,35.0,35.3,38,2018-19,Duke,38,38,1341,319,702,246,465,73,237,149,224,59,229,288,164,34,16,123,70,860,.454,.529,.308,.665,.532,.506,F,FR,rj-barrett-1
41,Alex Petrie,35.0,24.9,31,2017-18,Lafayette,31,21,772,156,358,88,190,68,168,86,95,9,66,75,23,14,0,58,22,466,.436,.463,.405,.905,.578,.531,G,FR,alex-petrie-1
42,R.J. Cole,35.0,37.9,33,2017-18,Howard,33,32,1252,241,612,132,308,109,304,191,248,27,103,130,200,57,0,127,87,782,.394,.429,.359,.770,.536,.483,G,FR,rj-cole-1
43,Deandre Ayton,35.0,33.5,35,2017-18,Arizona,35,35,1172,276,451,264,416,12,35,140,191,118,287,405,57,20,66,69,81,704,.612,.635,.343,.733,.650,.625,F,FR,deandre-ayton-1
44,Alex Wilkins,34.9,29.5,19,2025-26,Furman,19,19,561,123,271,92,158,31,113,57,69,5,37,42,95,14,2,76,47,334,.454,.582,.274,.826,.550,.511,G,FR,alex-wilkins-1
45,Jahlil Okafor,34.9,30.1,38,2014-15,Duke,38,38,1143,279,420,279,420,0,0,99,194,134,188,322,49,29,54,95,81,657,.664,.664,,.510,.641,.664,C,FR,jahlil-okafor-1
46,Anthony Lamb,34.7,22.5,35,2016-17,Vermont,35,35,787,171,334,145,271,26,63,79,106,68,124,192,24,27,43,70,98,447,.512,.535,.413,.745,.582,.551,F,FR,anthony-lamb-2
47,B.J. Young,34.5,25.2,32,2011-12,Arkansas,32,7,807,177,351,127,230,50,121,84,113,29,70,99,73,37,8,74,64,488,.504,.552,.413,.743,.603,.575,G,FR,bj-young-1
48,Anthony Bennett,34.4,27.1,35,2012-13,UNLV,35,31,950,202,379,166,283,36,96,124,177,86,199,285,34,24,43,65,80,564,.533,.587,.375,.701,.609,.580,F,FR,anthony-bennett-1
49,D'Angelo Russell,34.4,33.9,35,2014-15,Ohio State,35,34,1188,231,515,136,284,95,231,118,156,35,163,198,175,55,11,102,74,675,.449,.479,.411,.756,.573,.541,G,FR,dangelo-russell-1
50,Dylan Harper,34.4,32.6,29,2024-25,Rutgers,29,28,945,194,401,144,251,50,150,126,168,22,111,133,117,42,17,70,56,564,.484,.574,.333,.750,.587,.546,G,FR,dylan-harper-1
51,C.J. McCollum,34.3,31.9,33,2009-10,Lehigh,33,31,1052,203,442,131,271,72,171,153,189,46,119,165,79,43,7,66,48,631,.459,.483,.421,.810,.593,.541,G,FR,cj-mccollum-1
52,Jalen Haralson,34.2,26.0,17,2025-26,Notre Dame,17,15,442,91,186,86,167,5,19,63,101,22,37,59,41,8,6,50,37,250,.489,.515,.263,.624,.534,.503,G,FR,jalen-haralson-1
53,Gavin Sykes,34.2,31.4,19,2025-26,Long Beach State,19,17,596,129,267,85,151,44,116,58,71,10,53,63,26,5,4,15,18,360,.483,.563,.379,.817,.599,.566,G,FR,gavin-sykes-1
54,Myles Taylor,34.0,24.4,28,2011-12,UT Martin,28,27,683,128,261,125,245,3,16,125,167,59,87,146,22,20,21,47,87,384,.490,.510,.188,.749,.564,.496,F,FR,myles-taylor-1
55,Mikel Brown Jr.,33.9,27.2,10,2025-26,Louisville,10,10,272,45,118,26,47,19,71,57,68,0,30,30,51,8,1,24,12,166,.381,.553,.268,.838,.552,.462,G,FR,mikel-brown-jr-1
56,Rashad Vaughn,33.9,32.3,23,2014-15,UNLV,23,23,742,144,328,90,187,54,141,68,98,14,97,111,36,18,8,50,54,410,.439,.481,.383,.694,.547,.521,G,FR,rashad-vaughn-1
57,Ryan Forrest,33.9,20.1,10,2023-24,Northwestern State,10,7,201,42,109,34,74,8,35,26,42,5,16,21,8,7,4,20,15,118,.385,.459,.229,.619,.458,.422,G,FR,ryan-forrest-1
58,Markus Howard,33.9,22.0,31,2016-17,Marquette,31,27,681,136,269,54,119,82,150,56,63,9,60,69,70,26,2,63,79,410,.506,.454,.547,.889,.686,.658,G,FR,markus-howard-1
59,Matt Morgan,33.9,30.7,27,2015-16,Cornell,27,26,829,159,384,89,170,70,214,122,151,11,74,85,53,38,10,52,46,510,.414,.524,.327,.808,.560,.505,G,FR,matt-morgan-1
60,Darius Garland,33.8,27.8,5,2018-19,Vanderbilt,5,5,139,29,54,18,31,11,23,12,16,2,17,19,13,4,2,15,7,81,.537,.581,.478,.750,.657,.639,G,FR,darius-garland-1
61,Jared Sullinger,33.8,31.7,37,2010-11,Ohio State,37,36,1172,222,410,219,398,3,12,188,267,131,246,377,43,37,20,59,90,635,.541,.550,.250,.704,.591,.545,F,FR,jared-sullinger-1
62,Tre Johnson,33.6,34.7,33,2024-25,Texas,33,33,1145,224,525,135,301,89,224,121,139,11,92,103,90,31,10,60,69,658,.427,.449,.397,.871,.557,.511,G,FR,tre-johnson-2
63,Isaiah Johnson,33.6,26.8,18,2025-26,Colorado,18,1,482,80,155,53,94,27,61,98,120,20,31,51,39,20,0,18,26,285,.516,.564,.443,.817,.672,.603,G,FR,isaiah-johnson-3
64,Jamal Murray,33.4,35.2,36,2015-16,Kentucky,36,36,1267,244,538,131,261,113,277,119,152,53,133,186,79,35,11,84,75,720,.454,.502,.408,.783,.590,.559,G,FR,jamal-murray-1
65,Shabazz Muhammad,33.3,30.8,32,2012-13,UCLA,32,30,987,202,456,162,350,40,106,128,180,87,80,167,27,23,4,51,53,572,.443,.463,.377,.711,.528,.487,G,FR,shabazz-muhammad-1
66,Malik Monk,33.3,32.1,38,2016-17,Kentucky,38,37,1218,251,558,147,296,104,262,148,180,12,83,95,87,36,19,75,72,754,.450,.497,.397,.822,.586,.543,G,FR,malik-monk-1
67,Tounde Yessoufou,33.3,30.2,17,2025-26,Baylor,17,17,514,115,234,89,149,26,85,50,64,46,56,102,32,35,12,38,38,306,.491,.597,.306,.781,.579,.547,G,FR,tounde-yessoufou-1
68,Tyler Hall,33.2,32.0,31,2015-16,Montana State,31,31,993,202,442,106,219,96,223,78,90,26,137,163,51,28,8,56,68,578,.457,.484,.430,.867,.596,.566,G,FR,tyler-hall-2
69,Sharife Cooper,33.2,33.1,12,2020-21,Auburn,12,12,397,72,184,59,127,13,57,85,103,8,43,51,97,12,3,50,32,242,.391,.465,.228,.825,.519,.427,G,FR,sharife-cooper-1
70,Tre Mitchell,33.2,30.8,31,2019-20,Massachusetts,31,31,954,206,428,169,316,37,112,99,136,45,177,222,58,31,32,101,93,548,.481,.535,.330,.728,.556,.525,C,FR,tre-mitchell-1
71,Sam Finley,33.1,22.3,30,2013-14,UC Riverside,30,8,669,114,283,87,188,27,95,119,151,8,55,63,23,18,6,49,44,374,.403,.463,.284,.788,.527,.451,G,FR,sam-finley-1
72,Nate Calmese,33.1,31.5,31,2022-23,Lamar,31,31,975,203,422,142,256,61,166,80,106,22,57,79,62,36,8,74,43,547,.481,.555,.367,.755,.579,.553,G,FR,nate-calmese-1
73,Jabari Smith,33.0,28.8,34,2021-22,Auburn,34,34,978,183,427,104,239,79,188,131,164,32,220,252,68,37,35,63,70,576,.429,.435,.420,.799,.570,.521,F,FR,jabari-smith-2
74,Chris Clemons,32.9,32.2,30,2015-16,Campbell,30,29,965,186,439,94,193,92,246,92,109,10,101,111,54,45,8,57,75,556,.424,.487,.374,.844,.566,.528,G,FR,chris-clemons-2
75,Obi Toppin,32.9,26.5,33,2018-19,Dayton,33,15,873,201,302,190,281,11,21,62,87,50,136,186,61,21,28,63,70,475,.666,.676,.524,.713,.692,.684,F,FR,obadiah-toppin-1
76,Michael Weathers,32.9,28.3,32,2016-17,Miami (OH),32,28,906,177,411,158,325,19,86,160,206,23,111,134,155,60,45,146,109,533,.431,.486,.221,.777,.524,.454,G,FR,michael-weathers-1
77,Roman Domon,32.9,20.6,19,2025-26,Murray State,19,0,391,68,126,45,68,23,58,76,95,21,70,91,29,18,2,35,26,235,.540,.662,.397,.800,.687,.631,F,FR,roman-domon-1
78,Cody Zeller,32.8,28.5,36,2011-12,Indiana,36,36,1025,200,321,200,321,0,0,163,216,87,149,236,45,49,42,60,97,563,.623,.623,,.755,.665,.623,F,FR,cody-zeller-1
79,B.J. Tyson,32.8,24.2,33,2014-15,East Carolina,33,0,798,143,312,124,249,19,63,108,150,45,84,129,46,26,3,51,55,413,.458,.498,.302,.720,.539,.489,G,FR,bj-tyson-1
80,T.J. Weeks Jr.,32.7,26.0,10,2019-20,Massachusetts,10,2,260,46,109,14,43,32,66,23,32,7,31,38,6,18,3,11,21,147,.422,.326,.485,.719,.592,.569,G,FR,tj-weeks-1
81,Alec Burks,32.6,30.2,30,2009-10,Colorado,30,30,907,172,320,153,266,19,54,149,193,58,92,150,53,35,12,58,74,512,.538,.575,.352,.772,.622,.567,G,FR,alec-burks-1
82,Jeremiah Wilkinson,32.6,27.3,32,2024-25,California,32,14,875,157,393,97,206,60,187,110,140,16,46,62,47,25,4,51,59,484,.399,.471,.321,.786,.527,.476,G,FR,jeremiah-wilkinson-1
83,Chris Fouch,32.6,21.3,30,2009-10,Drexel,30,0,639,105,259,41,90,64,169,65,82,12,46,58,38,21,4,30,33,339,.405,.456,.379,.793,.569,.529,G,FR,chris-fouch-1
84,Javon McCrea,32.6,21.6,34,2010-11,Buffalo,34,0,733,166,263,166,263,0,0,68,134,101,119,220,58,43,58,71,78,400,.631,.631,,.507,.612,.631,F,FR,javon-mccrea-1
85,Marcquise Reed,32.6,27.8,35,2014-15,Robert Morris,35,28,973,197,402,164,322,33,80,102,131,20,68,88,73,67,1,90,72,529,.490,.509,.413,.779,.570,.531,G,FR,marcquise-reed-1
86,Alessandro Lever,32.5,21.3,34,2017-18,Grand Canyon,34,27,724,140,309,114,228,26,81,108,141,42,107,149,40,12,14,59,90,414,.453,.500,.321,.766,.551,.495,F,FR,alessandro-lever-1
87,Darius Acuff Jr.,32.5,33.1,18,2025-26,Arkansas,18,18,595,125,257,85,159,40,98,66,82,9,45,54,113,18,8,39,32,356,.486,.535,.408,.805,.601,.564,G,FR,darius-acuff-jr-1
88,Josh Harris,32.5,22.5,30,2024-25,North Florida,30,30,676,167,300,156,267,11,33,57,82,90,122,212,17,21,15,31,81,402,.557,.584,.333,.695,.593,.575,F,FR,josh-harris-1
89,Derrick Williams,32.5,28.2,31,2009-10,Arizona,31,30,875,162,282,158,266,4,16,158,232,68,151,219,22,19,20,60,78,486,.574,.594,.250,.681,.620,.582,F,FR,derrick-williams-2
90,Darrion Trammell,32.5,35.8,23,2020-21,Seattle,23,18,823,148,359,102,227,46,132,129,149,14,73,87,123,45,6,79,57,471,.412,.449,.348,.866,.548,.476,G,FR,darrion-trammell-1
91,Jeremiah Fears,32.4,30.2,34,2024-25,Oklahoma,34,31,1027,180,415,142,281,38,134,183,215,25,116,141,140,56,4,116,64,581,.434,.505,.284,.851,.562,.480,G,FR,jeremiah-fears-1
92,Tookie Brown,32.4,30.8,31,2015-16,Georgia Southern,31,26,956,177,408,127,274,50,134,147,181,18,82,100,104,51,4,69,81,551,.434,.464,.373,.812,.558,.495,G,FR,tookie-brown-1
93,Doug McDermott,32.3,29.1,39,2010-11,Creighton,39,39,1133,220,419,173,303,47,116,94,126,82,198,280,45,11,4,87,81,581,.525,.571,.405,.746,.607,.581,F,FR,doug-mcdermott-1
94,Marcus Foster,32.3,29.4,33,2013-14,Kansas State,33,33,969,177,418,98,218,79,200,80,109,26,80,106,84,19,7,73,79,513,.423,.450,.395,.734,.546,.518,G,FR,marcus-foster-1
95,Diamond Stone,32.1,23.1,35,2015-16,Maryland,35,22,807,167,294,167,294,0,0,102,134,77,111,188,15,18,55,53,80,436,.568,.568,,.761,.610,.568,C,FR,diamond-stone-1
96,Elijah Bryant,32.1,25.5,33,2014-15,Elon,33,13,840,147,385,103,259,44,126,130,173,45,93,138,89,42,13,115,87,468,.382,.398,.349,.751,.501,.439,G,FR,elijah-bryant-1
97,Anthony Edwards,32.1,33.0,32,2019-20,Georgia,32,32,1057,203,505,131,260,72,245,132,171,24,143,167,91,43,18,87,70,610,.402,.504,.294,.772,.520,.473,G,FR,anthony-edwards-2
98,Alex Chaikin,32.0,26.5,32,2024-25,Lafayette,32,19,847,141,283,61,116,80,167,84,100,15,67,82,34,18,5,43,59,446,.498,.526,.479,.840,.675,.640,G,FR,alex-chaikin-1
99,Brandon McCoy,32.0,28.8,33,2017-18,UNLV,33,33,949,208,382,205,373,3,9,140,193,103,238,341,17,15,60,87,87,559,.545,.550,.333,.725,.590,.548,F,FR,brandon-mccoy-1
100,Hunter Dickinson,32.0,26.0,28,2020-21,Michigan,28,23,727,156,261,156,257,0,4,82,111,61,145,206,25,9,40,64,71,394,.598,.607,.000,.739,.628,.598,C,FR,hunter-dickinson-1
101,Ray'Sean Taylor,32.0,32.3,21,2021-22,SIU Edwardsville,21,21,678,136,311,85,168,51,143,47,61,22,84,106,67,37,3,64,54,370,.437,.506,.357,.770,.544,.519,G,FR,raysean-taylor-1
102,Andrew Rowsey,32.0,36.1,32,2013-14,UNC Asheville,32,32,1156,202,471,96,209,106,262,138,165,14,104,118,94,42,3,102,63,648,.429,.459,.405,.836,.590,.541,G,FR,andrew-rowsey-1
103,Markus Burton,32.0,33.8,33,2023-24,Notre Dame,33,33,1114,210,499,168,359,42,140,115,140,21,89,110,143,63,7,123,95,577,.421,.468,.300,.821,.510,.463,G,FR,markus-burton-1
104,Evan Boudreaux,31.9,32.1,27,2015-16,Dartmouth,27,27,868,155,341,127,272,28,69,140,169,64,190,254,31,22,7,70,72,478,.455,.467,.406,.828,.567,.496,F,FR,evan-boudreaux-1
105,Souley Boum,31.9,20.3,36,2017-18,San Francisco,36,12,732,113,311,66,181,47,130,121,146,21,74,95,37,19,5,62,60,394,.363,.365,.362,.829,.518,.439,G,FR,souley-boum-1
106,Johni Broome,31.9,25.8,30,2020-21,Morehead State,30,27,774,173,303,173,303,0,0,68,110,91,180,271,20,18,56,57,61,414,.571,.571,,.618,.583,.571,F,FR,johni-broome-1
107,Nick Muszynski,31.8,24.9,32,2018-19,Belmont,32,32,797,198,328,190,306,8,22,67,86,40,145,185,87,19,70,50,65,471,.604,.621,.364,.779,.638,.616,C,FR,nick-muszynski-1
108,David Collette,31.8,25.5,31,2014-15,Utah State,31,31,792,163,276,161,270,2,6,69,116,47,109,156,37,25,56,36,115,397,.591,.596,.333,.595,.600,.594,F,FR,david-collette-1
109,Christian Keeling,31.8,31.2,31,2016-17,Charleston Southern,31,28,968,183,400,158,327,25,73,146,187,40,179,219,43,28,9,53,53,537,.458,.483,.342,.781,.549,.489,G,FR,christian-keeling-1
110,Desmond Cambridge Jr.,31.8,30.0,27,2017-18,Brown,27,27,809,160,399,92,196,68,203,80,104,25,97,122,33,29,27,39,77,468,.401,.469,.335,.769,.522,.486,G,FR,desmond-cambridge-2
111,Pat Curtin,31.8,20.1,14,2025-26,Bucknell,14,6,282,54,131,39,76,15,55,29,36,10,29,39,19,22,0,18,33,152,.412,.513,.273,.806,.513,.469,G,FR,pat-curtin-1
112,Blake Harper,31.7,34.4,32,2024-25,Howard,32,32,1101,182,407,142,308,40,99,221,268,32,165,197,110,31,1,86,99,625,.447,.461,.404,.825,.585,.496,G,FR,blake-harper-1
113,Brandon Miller,31.7,32.6,37,2022-23,Alabama,37,37,1208,222,516,116,240,106,276,146,170,76,229,305,77,33,32,81,87,696,.430,.483,.384,.859,.583,.533,F,FR,brandon-miller-3
114,K.D. Johnson,31.7,22.5,16,2020-21,Georgia,16,0,360,68,161,44,99,24,62,56,91,11,33,44,19,29,3,34,45,216,.422,.444,.387,.615,.529,.497,G,FR,kd-johnson-1
115,Nate Ament,31.7,28.2,18,2025-26,Tennessee,18,18,508,82,199,62,127,20,72,94,123,28,86,114,44,25,7,47,41,278,.412,.488,.278,.764,.540,.462,F,FR,nate-ament-1
116,R.J. Hunter,31.7,33.5,31,2012-13,Georgia State,31,31,1038,175,399,102,199,73,200,104,134,30,128,158,57,53,26,52,52,527,.439,.513,.365,.776,.570,.530,G,FR,rj-hunter-1
117,Kyle Filipowski,31.7,29.1,36,2022-23,Duke,36,36,1047,189,429,154,305,35,124,130,170,90,233,323,56,46,26,90,93,543,.441,.505,.282,.765,.533,.481,C,FR,kyle-filipowski-1
118,Keyonte George,31.6,28.6,33,2022-23,Baylor,33,33,944,155,412,78,184,77,228,119,150,33,104,137,91,37,6,95,70,506,.376,.424,.338,.793,.524,.470,G,FR,keyonte-george-1
119,Cleveland Melvin,31.6,26.2,27,2010-11,DePaul,27,18,708,163,312,163,311,0,1,60,90,60,74,134,19,26,40,41,53,386,.522,.524,.000,.667,.544,.522,F,FR,cleveland-melvin-1
120,Daniel Ortiz,31.6,25.8,30,2021-22,North Alabama,30,16,774,156,397,95,219,61,178,59,75,13,81,94,39,33,7,42,34,432,.393,.434,.343,.787,.499,.470,G,FR,daniel-ortiz-1
121,Desmar Jackson,31.6,20.7,31,2009-10,Wyoming,31,12,642,134,264,125,221,9,43,89,129,28,43,71,58,44,10,86,87,366,.508,.566,.209,.690,.563,.525,G,FR,desmar-jackson-1
122,Braden Frager,31.6,23.4,18,2025-26,Nebraska,18,1,421,79,148,48,65,31,83,40,48,20,54,74,17,10,2,14,25,229,.534,.738,.373,.833,.670,.639,F,FR,braden-frager-1
123,Jaylen Franklin,31.6,29.4,30,2015-16,Abilene Christian,30,23,883,176,343,168,315,8,28,126,206,23,92,115,82,52,4,85,84,486,.513,.533,.286,.612,.551,.525,G,FR,jaylen-franklin-1
124,Kendall Anthony,31.6,25.5,32,2011-12,Richmond,32,1,815,132,315,64,152,68,163,84,105,15,28,43,53,21,0,52,61,416,.419,.421,.417,.800,.570,.527,G,FR,kendall-anthony-1
125,Jordan Dykstra,31.5,20.7,31,2010-11,South Dakota State,31,17,643,125,223,91,157,34,66,67,94,46,112,158,40,23,18,40,69,351,.561,.580,.515,.713,.656,.637,F,FR,jordan-dykstra-1
126,Luka Garza,31.5,21.7,33,2017-18,Iowa,33,26,715,146,262,130,216,16,46,92,135,79,132,211,35,11,32,35,80,400,.557,.602,.348,.681,.613,.588,F,FR,luka-garza-1
127,Hannes Steinbach,31.4,32.4,15,2025-26,Washington,15,15,486,98,178,91,153,7,25,64,83,59,107,166,25,15,13,28,34,267,.551,.595,.280,.771,.614,.570,F,FR,hannes-steinbach-1
128,Four McGlynn,31.4,24.2,36,2011-12,Vermont,36,1,871,134,345,66,166,68,179,96,108,12,49,61,42,24,2,54,55,432,.388,.398,.380,.889,.545,.487,G,FR,four-mcglynn-1
129,Tariq Francis,31.3,27.5,27,2023-24,NJIT,27,11,742,139,357,81,192,58,165,63,80,31,79,110,71,40,3,54,66,399,.389,.422,.352,.788,.505,.471,G,FR,tariq-francis-1
130,James Blackmon,31.3,30.0,33,2014-15,Indiana,33,33,989,177,421,100,222,77,199,87,108,53,123,176,50,21,2,53,51,518,.420,.450,.387,.806,.548,.512,G,FR,james-blackmon-1
131,Cameron Tyson,31.3,25.4,32,2018-19,Idaho,32,31,813,142,339,36,92,106,247,42,48,12,50,62,24,15,3,47,56,432,.419,.391,.429,.875,.597,.575,G,FR,cameron-tyson-1
132,Tobias Harris,31.3,29.2,34,2010-11,Tennessee,34,33,993,185,402,162,326,23,76,128,170,67,180,247,44,24,29,62,70,521,.460,.497,.303,.753,.540,.489,F,FR,tobias-harris-1
133,Preston Parks,31.3,27.1,31,2016-17,The Citadel,31,9,841,185,456,108,222,77,234,96,116,30,64,94,116,60,5,78,62,543,.406,.486,.329,.828,.531,.490,G,FR,preston-parks-1
134,Adrian Wooley,31.2,33.5,33,2024-25,Kennesaw State,33,32,1107,208,406,135,233,73,173,130,169,43,130,173,118,47,3,109,90,619,.512,.579,.422,.769,.636,.602,G,FR,adrian-wooley-1
135,Jared Brownridge,31.2,33.5,33,2013-14,Santa Clara,33,33,1107,183,403,88,185,95,218,106,123,11,74,85,76,24,4,48,64,567,.454,.476,.436,.862,.614,.572,G,FR,jared-brownridge-1
136,Isaiah Collier,31.2,30.0,27,2023-24,Southern California,27,26,809,154,314,127,234,27,80,105,156,17,61,78,115,40,6,89,64,440,.490,.543,.338,.673,.567,.533,G,FR,isaiah-collier-2
137,Kellan Grady,31.2,35.2,33,2017-18,Davidson,33,32,1163,219,437,146,241,73,196,82,102,23,85,108,64,27,3,32,68,593,.501,.606,.372,.804,.611,.585,G,FR,kellan-grady-1
138,Amadou Sow,31.2,23.7,32,2018-19,UC Santa Barbara,32,31,759,150,266,149,261,1,5,90,127,77,133,210,13,17,24,62,100,391,.564,.571,.200,.709,.599,.566,F,FR,amadou-sow-1
139,Cade Cunningham,31.2,35.4,27,2020-21,Oklahoma State,27,26,956,175,400,113,245,62,155,132,156,19,148,167,94,43,21,109,67,544,.438,.461,.400,.846,.574,.515,G,FR,cade-cunningham-1
140,Kingston Flemings,31.2,30.4,17,2025-26,Houston,17,17,516,99,192,79,140,20,52,43,54,8,49,57,89,32,5,29,30,261,.516,.564,.385,.796,.600,.568,G,FR,kingston-flemings-1
141,Dimencio Vaughn,31.1,27.7,29,2017-18,Rider,29,22,804,164,323,137,246,27,77,113,148,74,119,193,31,53,21,69,83,468,.508,.557,.351,.764,.595,.550,G,FR,dimencio-vaughn-1
142,Andrew Rohde,31.1,32.9,31,2022-23,St. Thomas,31,31,1019,189,422,133,247,56,175,97,119,25,91,116,113,52,3,69,67,531,.448,.538,.320,.815,.555,.514,G,FR,andrew-rohde-1
143,Meleek Thomas,31.1,26.8,18,2025-26,Arkansas,18,2,482,93,229,47,112,46,117,44,53,18,46,64,50,29,2,20,33,276,.406,.420,.393,.830,.543,.507,G,FR,meleek-thomas-1
144,Jaylen Brown,31.1,27.6,34,2015-16,California,34,34,939,163,378,133,276,30,102,142,217,36,146,182,68,27,22,105,108,498,.431,.482,.294,.654,.518,.471,F,FR,jaylen-brown-1
145,Drew Lowder,31.1,26.3,12,2019-20,Holy Cross,12,6,316,65,149,36,80,29,69,10,14,3,22,25,39,10,0,35,25,169,.436,.450,.420,.714,.543,.534,G,FR,drew-lowder-1
146,Andrew Alekseyenko,31.0,28.2,19,2025-26,Colgate,19,19,536,102,208,82,150,20,58,56,70,35,85,120,50,14,2,41,43,280,.490,.547,.345,.800,.580,.538,F,FR,andrew-alekseyenko-1
147,Miles Bridges,31.0,32.0,28,2016-17,Michigan State,28,27,895,177,364,121,220,56,144,63,92,41,191,232,58,19,43,66,52,473,.486,.550,.389,.685,.580,.563,F,FR,miles-bridges-1
148,Damiyne Durham,31.0,22.1,32,2015-16,Cal State Bakersfield,32,0,706,132,348,43,98,89,250,21,34,18,87,105,23,32,4,30,33,374,.379,.439,.356,.618,.514,.507,G,FR,damiyne-durham-1
149,Julius Thedford,31.0,21.9,18,2024-25,Western Kentucky,18,6,395,71,166,41,84,30,82,51,81,10,59,69,16,11,6,22,35,223,.428,.488,.366,.630,.545,.518,G,FR,julius-thedford-1
150,Asa Newell,31.0,29.0,33,2024-25,Georgia,33,33,958,191,352,165,263,26,89,101,135,110,117,227,29,33,32,37,80,509,.543,.627,.292,.748,.612,.580,F,FR,asa-newell-1
151,Landers Nolley II,31.0,30.2,32,2019-20,Virginia Tech,32,29,967,171,462,103,247,68,215,85,109,25,161,186,77,24,10,87,63,495,.370,.417,.316,.780,.482,.444,G,FR,landers-nolleyii-1
152,Derik Queen,30.9,30.4,36,2024-25,Maryland,36,36,1093,210,399,203,364,7,35,167,218,84,239,323,67,39,39,85,77,594,.526,.558,.200,.766,.591,.535,C,FR,derik-queen-1
153,Ali Abdou Dibba,30.9,26.0,5,2021-22,Chicago State,5,2,130,21,41,16,26,5,15,20,24,5,10,15,1,6,1,14,8,67,.512,.615,.333,.833,.639,.573,G,FR,aliabdou-dibba-1
154,Sam Sessoms,30.9,34.3,33,2018-19,Binghamton,33,32,1132,224,500,154,309,70,191,70,106,24,85,109,115,37,2,142,71,588,.448,.498,.366,.660,.534,.518,G,FR,sam-sessoms-1
155,Bryce Aiken,30.9,27.8,26,2016-17,Harvard,26,9,724,117,296,58,127,59,169,84,95,11,47,58,74,21,0,64,62,377,.395,.457,.349,.884,.553,.495,G,FR,bryce-aiken-1
156,Eric Paschall,30.8,31.2,27,2014-15,Fordham,27,27,842,150,358,105,215,45,143,85,107,45,103,148,27,21,12,76,53,430,.419,.488,.315,.794,.526,.482,F,FR,eric-paschall-1
157,Rashawn Thomas,30.8,21.9,25,2013-14,Texas A&M–Corpus Christi,25,0,547,109,183,106,172,3,11,48,87,40,89,129,12,16,33,49,66,269,.596,.616,.273,.552,.600,.604,F,FR,rashawn-thomas-1
158,Markeith Cummings,30.7,34.0,33,2009-10,Kennesaw State,33,31,1123,204,448,171,350,33,98,134,187,79,122,201,70,31,6,95,80,575,.455,.489,.337,.717,.536,.492,F,FR,markeith-cummings-1
159,TJ Robinson,30.7,21.7,16,2025-26,Saint Peter's,16,3,347,51,133,43,97,8,36,68,88,8,27,35,43,18,0,28,31,178,.383,.443,.222,.773,.509,.414,G,FR,tj-robinson-3
160,Paolo Banchero,30.6,33.0,39,2021-22,Duke,39,39,1286,245,513,201,383,44,130,137,188,68,236,304,124,41,36,92,75,671,.478,.525,.338,.729,.557,.520,F,FR,paolo-banchero-1
161,Ignas Brazdeikis,30.6,29.6,37,2018-19,Michigan,37,37,1096,188,407,132,264,56,143,116,150,43,158,201,31,26,18,46,79,548,.462,.500,.392,.773,.573,.531,F,FR,ignas-brazdeikis-1
162,Karl-Anthony Towns,30.6,21.1,39,2014-15,Kentucky,39,39,822,145,256,143,248,2,8,109,134,92,169,261,44,18,88,53,115,401,.566,.577,.250,.813,.627,.570,F,FR,karl-anthony-towns-1
163,Malik Mack,30.6,33.2,24,2023-24,Harvard,24,24,797,134,327,89,195,45,132,100,123,12,85,97,116,32,2,61,41,413,.410,.456,.341,.813,.536,.479,G,FR,malik-mack-1
164,All Wright,30.5,29.6,34,2024-25,Valparaiso,34,31,1006,182,446,115,271,67,175,95,118,16,58,74,81,29,7,46,68,526,.408,.424,.383,.805,.524,.483,G,FR,all-wright-1
165,Keaton Wagler,30.5,31.3,18,2025-26,Illinois,18,18,563,85,185,45,90,40,95,80,96,37,55,92,68,14,5,27,38,290,.459,.500,.421,.833,.629,.568,G,FR,keaton-wagler-1
166,Donnie Freeman,30.5,25.5,14,2024-25,Syracuse,14,13,357,68,135,56,99,12,36,39,49,15,96,111,19,5,5,25,24,187,.504,.566,.333,.796,.591,.548,F,FR,donnie-freeman-1
167,Dwayne Bacon,30.5,28.8,34,2015-16,Florida State,34,32,979,197,441,165,327,32,114,110,154,46,151,197,50,33,1,74,73,536,.447,.505,.281,.714,.521,.483,G,FR,dwayne-bacon-1
168,Charles Williams,30.5,30.0,34,2016-17,Howard,34,25,1019,179,452,113,259,66,193,107,141,34,54,88,20,19,12,57,73,531,.396,.436,.342,.759,.512,.469,G,FR,charles-williams-5
169,Vasean Allette,30.4,32.2,19,2023-24,Old Dominion,19,18,611,132,292,104,213,28,79,39,64,19,90,109,59,35,0,43,43,331,.452,.488,.354,.609,.513,.500,G,FR,vasean-allette-1
170,Jayden Gardner,30.4,30.6,31,2018-19,East Carolina,31,31,949,166,337,164,327,2,10,171,228,93,169,262,39,24,14,75,88,505,.493,.502,.200,.750,.567,.496,F,FR,jayden-gardner-1
171,Devin Cannady,30.4,22.0,29,2015-16,Princeton,29,0,638,100,206,43,81,57,125,80,90,19,53,72,36,31,5,33,57,337,.485,.531,.456,.889,.677,.624,G,FR,devin-cannady-1
172,AJ Green,30.4,29.9,34,2018-19,Northern Iowa,34,34,1017,184,449,113,245,71,204,70,81,13,90,103,77,21,2,94,69,509,.410,.461,.348,.864,.522,.489,G,FR,aj-green-1
173,Jalen Johnson,30.4,21.4,13,2020-21,Duke,13,8,278,57,109,49,91,8,18,24,38,20,59,79,29,15,16,33,29,146,.523,.538,.444,.632,.575,.560,F,FR,jalen-johnson-24
174,De'Aaron Fox,30.4,29.6,36,2016-17,Kentucky,36,34,1064,214,447,197,378,17,69,156,212,21,122,143,165,53,7,87,90,601,.479,.521,.246,.736,.549,.498,G,FR,deaaron-fox-1
175,QJ Peterson,30.4,32.9,35,2013-14,VMI,35,35,1152,218,549,140,305,78,244,150,198,63,133,196,72,59,12,76,81,664,.397,.459,.320,.758,.516,.468,G,FR,qj-peterson-1
176,Thomas Bryant,30.4,22.6,35,2015-16,Indiana,35,35,791,157,230,152,215,5,15,96,136,70,132,202,34,17,32,58,99,415,.683,.707,.333,.706,.704,.693,C,FR,thomas-bryant-1
177,Airious Bailey,30.4,33.3,30,2024-25,Rutgers,30,30,1000,203,441,156,305,47,136,74,107,62,153,215,38,30,38,61,83,527,.460,.511,.346,.692,.536,.514,G,FR,airious-bailey-1
178,Jon Severe,30.4,32.9,31,2013-14,Fordham,31,23,1021,163,493,84,262,79,231,131,165,31,56,87,63,29,6,82,69,536,.331,.321,.342,.794,.469,.411,G,FR,jon-severe-1
179,Andrew Wiggins,30.3,32.8,35,2013-14,Kansas,35,35,1148,189,422,146,296,43,126,176,227,76,129,205,54,41,34,80,94,597,.448,.493,.341,.775,.563,.499,G,FR,andrew-wiggins-1
180,Terquavion Smith,30.3,31.6,32,2021-22,NC State,32,25,1010,182,457,86,197,96,260,60,86,30,102,132,67,42,15,54,69,520,.398,.437,.369,.698,.522,.503,G,FR,terquavion-smith-1
181,Michael Cooper,30.3,28.2,15,2025-26,Wright State,15,14,423,83,178,57,107,26,71,28,37,7,41,48,39,13,3,19,28,220,.466,.533,.366,.757,.562,.539,G,FR,michael-cooper-4
182,David Jenkins Jr.,30.3,29.5,35,2017-18,South Dakota State,35,21,1032,183,424,99,204,84,220,115,144,10,103,113,57,13,0,59,68,565,.432,.485,.382,.799,.574,.531,G,FR,david-jenkinsjr-1
183,Stefan Moody,30.3,31.3,29,2012-13,Florida Atlantic,29,20,908,151,359,99,212,52,147,101,124,19,102,121,65,21,9,91,59,455,.421,.467,.354,.815,.544,.493,G,FR,stefan-moody-1
184,Onyeka Okongwu,30.2,30.6,28,2019-20,Southern California,28,28,858,175,284,174,280,1,4,103,143,92,150,242,30,34,76,56,75,454,.616,.621,.250,.720,.645,.618,F,FR,onyeka-okongwu-1
185,Stan Okoye,30.2,21.9,29,2009-10,VMI,29,10,636,159,306,140,240,19,66,74,126,73,119,192,14,23,44,48,84,411,.520,.583,.288,.587,.562,.551,F,FR,stan-okoye-1
186,Kenneth Lofton Jr.,30.2,22.8,32,2020-21,Louisiana Tech,32,28,729,148,261,148,261,0,0,93,156,80,161,241,47,33,23,78,80,389,.567,.567,,.596,.580,.567,F,FR,kenneth-loftonjr-1
187,Allonzo Trier,30.2,28.0,27,2015-16,Arizona,27,21,757,122,262,82,152,40,110,115,145,12,77,89,30,14,6,52,52,399,.466,.539,.364,.793,.603,.542,G,FR,allonzo-trier-1
188,Jimmal Ball,30.2,35.0,26,1996-97,Akron,26,26,910,161,424,102,260,59,164,63,92,,,122,89,58,9,63,56,444,.380,.392,.360,.685,.475,.449,G,FR,jimmal-ball-1
189,Tim Kempton,30.2,26.4,32,2013-14,Lehigh,32,31,844,159,309,159,309,0,0,99,146,74,152,226,23,22,11,90,104,417,.515,.515,,.678,.551,.515,C,FR,tim-kempton-2
190,Matas Deniusas,30.2,25.7,19,2025-26,UT Martin,19,19,488,81,192,57,120,24,72,68,89,38,66,104,32,12,20,41,43,254,.422,.475,.333,.764,.542,.484,F,FR,matas-deniusas-1
191,Josh Okogie,30.2,30.8,37,2016-17,Georgia Tech,37,37,1141,194,428,166,355,28,73,180,241,55,146,201,61,48,27,77,94,596,.453,.468,.384,.747,.549,.486,G,FR,josh-okogie-1
192,Trevon Lewis,30.1,24.4,28,2011-12,Nicholls State,28,13,684,131,262,117,225,14,37,78,123,43,101,144,28,27,20,56,84,354,.500,.520,.378,.634,.552,.527,F,FR,trevon-lewis-1
193,Cole Anthony,30.1,34.9,22,2019-20,North Carolina,22,20,768,131,345,82,204,49,141,96,128,10,115,125,88,29,6,77,64,407,.380,.402,.348,.750,.501,.451,G,FR,cole-anthony-1
194,Jordan Ellerbee,30.1,24.8,19,2025-26,Florida Gulf Coast,19,9,472,89,177,61,99,28,78,47,58,22,45,67,39,17,1,29,48,253,.503,.616,.359,.810,.618,.582,G,FR,jordan-ellerbee-1
195,Ben Simmons,30.1,34.9,33,2015-16,Louisiana State,33,32,1151,216,386,215,383,1,3,199,297,103,285,388,158,65,27,111,92,632,.560,.561,.333,.670,.600,.561,F,FR,ben-simmons-1
196,Cameron Payne,30.1,32.7,34,2013-14,Murray State,34,34,1111,190,470,118,259,72,211,120,155,10,113,123,185,57,20,110,96,572,.404,.456,.341,.774,.526,.481,G,FR,cameron-payne-1
197,Karon Abraham,30.1,26.8,35,2009-10,Robert Morris,35,24,938,133,309,48,117,85,192,126,148,22,54,76,53,24,4,63,79,477,.430,.410,.443,.851,.629,.568,G,FR,karon-abraham-1
198,Mahamadou Diawara,30.1,26.0,33,2019-20,Stetson,33,31,859,162,275,160,263,2,12,89,148,100,113,213,22,18,18,99,105,415,.589,.608,.167,.601,.601,.593,F,FR,mahamadou-diawara-1
199,Terrence Jones,30.1,31.5,38,2010-11,Kentucky,38,35,1196,206,466,180,387,26,79,157,243,92,244,336,60,43,72,75,91,595,.442,.465,.329,.646,.512,.470,F,FR,terrence-jones-1
200,Lauri Markkanen,30.0,30.8,37,2016-17,Arizona,37,37,1140,185,376,116,213,69,163,137,164,88,178,266,32,15,19,40,73,576,.492,.545,.423,.835,.635,.584,F,FR,lauri-markkanen-1
