Rk,Player,PTS/100 Poss.,MP/G,G,Season,Team,G,GS,WS,ORtg,DRtg,OWS,DWS,WS/40,OBPM,DBPM,BPM,PER,ORB%,DRB%,TRB%,AST%,STL%,BLK%,TOV%,USG%,Pos,Class,Player-additional
1,Darryn Peterson,49.0,26.8,9,2025-26,Kansas,9,9,1.6,126,98,1.1,0.6,.273,13.1,4.9,18.0,32.9,2.0,14.4,9.0,19.4,2.4,3.3,8.2,36.5,G,FR,darryn-peterson-1
2,Bol Bol,43.1,29.8,9,2018-19,Oregon,9,9,1.8,118,87,1.1,0.8,.271,9.1,3.9,13.0,37.5,8.7,29.0,19.2,9.6,1.6,12.4,10.7,33.4,C,FR,bol-bol-1
3,Mike Daum,42.7,20.8,34,2015-16,South Dakota State,34,3,5.2,129,98,3.9,1.3,.292,9.0,0.3,9.3,34.5,11.7,21.7,16.7,9.5,1.4,1.7,12.4,31.9,F,FR,mike-daum-1
4,Jao Ituka,41.4,22.0,28,2021-22,Marist,28,16,3.0,112,103,2.3,0.8,.196,4.1,-0.2,3.9,28.2,3.6,12.7,8.2,19.0,1.8,1.3,15.7,35.8,G,FR,jao-ituka-1
5,Zion Williamson,41.2,30.0,33,2018-19,Duke,33,33,8.3,133,87,5.5,2.8,.335,13.4,6.7,20.1,40.8,12.7,18.0,15.5,14.9,3.9,5.8,12.8,28.6,F,FR,zion-williamson-1
6,Cameron Boozer,41.1,32.2,18,2025-26,Duke,18,18,5.1,138,89,3.3,1.8,.353,13.2,6.2,19.4,35.0,12.5,21.7,17.4,26.4,3.1,2.4,11.6,29.7,F,FR,cameron-boozer-3
7,Trae Young,40.4,35.4,32,2017-18,Oklahoma,32,32,5.7,115,108,4.6,1.1,.201,9.7,1.3,11.1,28.3,1.3,10.0,5.8,48.6,2.5,0.7,18.2,37.1,G,FR,trae-young-1
8,Brice Sensabaugh,40.3,24.5,33,2022-23,Ohio State,33,21,3.8,114,104,2.8,1.0,.187,7.8,0.8,8.6,26.4,6.2,18.9,12.8,11.0,1.3,1.7,12.8,34.0,F,FR,brice-sensabaugh-1
9,Antoine Davis,39.7,37.4,30,2018-19,Detroit Mercy,30,29,3.1,109,119,3.4,-0.2,.112,5.8,-3.6,2.2,22.4,2.1,7.5,4.7,24.0,1.4,0.0,12.0,36.4,G,FR,antoine-davis-2
10,AJ Dybantsa,39.6,31.8,18,2025-26,Brigham Young,18,18,3.7,126,98,2.4,1.3,.258,8.5,3.7,12.2,28.8,5.4,17.1,11.6,21.7,2.4,1.5,13.4,31.1,F,FR,aj-dybantsa-1
11,James Daniel,39.3,31.8,28,2013-14,Howard,28,26,3.0,107,108,2.1,0.9,.133,4.2,-1.2,3.0,20.7,1.9,7.2,4.5,16.2,2.5,0.1,14.9,35.6,G,FR,james-daniel-1
12,Vernon Carey Jr.,39.2,24.9,31,2019-20,Duke,31,30,5.6,121,88,3.6,2.0,.288,7.9,3.4,11.3,34.1,12.0,26.1,19.2,8.2,1.6,5.8,12.3,31.0,C,FR,vernon-careyjr-1
13,Lamine Diane,39.0,35.3,33,2018-19,Cal State Northridge,33,33,3.5,100,102,1.9,1.6,.119,2.3,-1.4,0.9,27.2,10.0,24.2,17.1,14.2,2.4,6.2,11.3,38.5,F,FR,lamine-diane-1
14,Jhivvan Jackson,38.7,25.7,29,2017-18,UTSA,29,9,2.8,107,103,1.7,1.0,.148,4.4,-0.6,3.8,21.8,1.2,11.7,6.5,15.2,2.2,0.3,12.9,34.3,G,FR,jhivvan-jackson-1
15,Money Williams,38.5,20.8,12,2023-24,Montana,12,6,1.1,113,106,0.8,0.3,.178,4.6,1.2,5.8,24.4,2.6,19.4,11.4,32.5,1.4,0.4,15.8,35.0,G,FR,money-williams-1
16,Jabari Parker,38.2,30.7,35,2013-14,Duke,35,35,5.5,115,99,3.6,1.9,.205,6.6,1.0,7.6,28.4,11.4,23.1,17.1,8.6,2.1,4.0,11.9,32.7,F,FR,jabari-parker-1
17,Maurice Creek,38.2,25.4,12,2009-10,Indiana,12,12,1.8,129,104,1.5,0.3,.237,,,,32.0,7.0,10.2,8.6,21.5,3.3,1.8,10.8,27.3,G,FR,maurice-creek-1
18,Ebuka Okorie,38.0,33.6,17,2025-26,Stanford,17,17,3.1,127,108,2.3,0.8,.218,8.5,2.2,10.8,25.3,3.0,9.9,6.3,22.3,2.6,1.0,6.8,30.4,G,FR,ebuka-okorie-1
19,John Brown,37.7,25.9,28,2012-13,High Point,28,28,4.2,116,94,2.8,1.4,.234,4.3,0.3,4.6,31.8,13.0,14.9,13.9,6.4,3.9,5.1,8.1,31.4,F,FR,john-brown-3
20,Cooper Flagg,37.5,30.7,37,2024-25,Duke,37,37,8.4,126,89,5.1,3.3,.296,9.7,6.7,16.3,30.4,5.5,21.2,14.1,26.8,2.8,4.9,11.5,30.9,F,FR,cooper-flagg-1
21,Jalone Friday,37.3,21.7,26,2016-17,Abilene Christian,26,11,2.8,116,100,1.8,0.9,.197,2.7,-1.0,1.7,27.5,9.1,21.7,15.5,4.1,1.3,7.3,12.8,30.1,C,FR,jalone-friday-1
22,Cameron Thomas,37.3,34.0,29,2020-21,Louisiana State,29,29,4.5,118,109,4.0,0.5,.183,7.1,-0.8,6.3,24.1,2.0,8.2,5.2,8.3,1.4,0.7,7.5,31.6,G,FR,cameron-thomas-1
23,Kevin Obanor,37.1,22.4,28,2018-19,Oral Roberts,28,11,3.4,131,113,3.1,0.2,.215,6.3,-3.4,2.9,30.5,13.2,24.3,18.7,4.6,0.4,1.6,13.1,26.9,F,FR,kevin-obanor-1
24,DeMarcus Cousins,36.8,23.5,38,2009-10,Kentucky,38,37,6.5,118,84,3.8,2.7,.290,,,,34.2,19.8,24.8,22.5,9.2,2.4,7.5,13.6,30.5,F,FR,demarcus-cousins-1
25,Mister Dean,36.5,23.3,31,2024-25,USC Upstate,31,27,2.5,108,104,1.5,1.1,.141,2.0,0.9,2.8,26.9,7.1,19.2,13.1,13.9,5.0,3.2,14.7,32.1,G,FR,mister-dean-1
26,Collin Sexton,36.5,29.9,33,2017-18,Alabama,33,32,4.4,113,105,3.2,1.2,.177,5.8,1.1,6.9,23.5,4.1,9.8,7.0,27.8,1.6,0.3,14.2,32.9,G,FR,collin-sexton-1
27,Caleb Wilson,36.4,31.1,18,2025-26,North Carolina,18,18,3.9,128,93,2.3,1.6,.277,8.4,5.0,13.4,31.3,12.3,23.9,18.5,18.1,3.0,4.6,11.5,28.4,F,FR,caleb-wilson-1
28,Kyrie Irving,36.1,27.5,11,2010-11,Duke,11,8,2.4,135,93,1.8,0.6,.320,9.8,5.0,14.8,32.5,2.3,10.6,6.7,29.8,3.0,1.8,16.4,26.4,G,FR,kyrie-irving-1
29,Josh Hubbard,35.9,27.7,35,2023-24,Mississippi State,35,16,4.2,119,107,3.1,1.1,.174,6.7,0.8,7.5,19.7,1.1,7.8,4.4,13.6,1.4,0.5,7.1,29.9,G,FR,josh-hubbard-1
30,Marcus Evans,35.8,33.5,32,2015-16,Rice,32,32,3.8,111,111,3.1,0.7,.140,3.1,-1.0,2.1,24.5,3.1,10.8,7.0,20.0,3.7,0.6,14.6,31.8,G,FR,marcus-evans-2
31,Markelle Fultz,35.7,35.7,25,2016-17,Washington,25,25,3.9,116,111,3.3,0.6,.173,7.7,1.7,9.4,28.0,4.0,13.9,8.9,35.5,2.5,3.1,13.4,31.4,G,FR,markelle-fultz-1
32,Madden Collins,35.4,20.4,18,2025-26,American,18,0,1.6,111,99,0.8,0.8,.170,2.2,0.1,2.2,24.6,8.7,19.9,14.1,19.1,4.2,1.9,10.2,32.3,G,FR,madden-collins-1
33,Ace Glass lll,35.4,26.0,19,2025-26,Washington State,19,11,1.6,114,114,1.1,0.4,.129,4.0,-0.6,3.4,19.5,1.7,13.3,7.6,17.3,1.5,0.7,16.3,30.2,G,FR,ace-glass-lll-1
34,Rob Dillingham,35.3,23.3,32,2023-24,Kentucky,32,1,3.3,118,110,2.6,0.7,.174,5.6,0.7,6.2,23.5,1.2,11.8,6.8,29.7,2.4,0.3,13.5,30.3,G,FR,rob-dillingham-1
35,Marvin Bagley III,35.3,33.9,33,2017-18,Duke,33,32,6.9,128,97,4.8,2.1,.248,8.8,2.0,10.8,30.6,13.8,21.5,17.9,8.8,1.4,2.6,12.2,26.3,F,FR,marvin-bagleyiii-1
36,PJ Haggerty,35.2,33.7,31,2023-24,Tulsa,31,31,5.5,119,102,3.8,1.7,.210,4.9,1.8,6.6,26.5,3.5,14.0,9.0,26.5,3.2,0.1,12.7,30.1,G,FR,pj-haggerty-1
37,Thijs De Ridder,35.1,27.3,18,2025-26,Virginia,18,18,2.6,124,100,1.6,1.0,.214,5.3,1.8,7.1,22.9,9.9,14.6,12.4,11.1,1.6,1.8,12.2,27.3,F,FR,thijs-de-ridder-1
38,Jake Cohen,35.1,22.7,31,2009-10,Davidson,31,23,2.2,103,102,1.4,0.9,.128,,,,22.1,7.6,18.7,13.0,9.5,1.2,5.7,14.8,32.2,F,FR,jake-cohen-1
39,Caleb Mills,35.1,22.5,31,2019-20,Houston,31,7,2.8,106,97,1.7,1.2,.161,4.2,1.2,5.4,17.8,1.9,11.1,6.4,11.7,1.4,0.9,9.3,32.4,G,FR,caleb-mills-1
40,R.J. Barrett,35.0,35.3,38,2018-19,Duke,38,38,6.5,110,96,3.8,2.7,.194,6.5,2.1,8.6,23.3,4.8,17.2,11.2,23.5,1.4,1.2,13.2,32.2,F,FR,rj-barrett-1
41,Alex Petrie,35.0,24.9,31,2017-18,Lafayette,31,21,1.8,105,112,1.4,0.4,.092,2.1,-4.1,-2.0,19.0,1.5,9.5,5.7,7.1,1.1,0.0,12.6,31.5,G,FR,alex-petrie-1
42,R.J. Cole,35.0,37.9,33,2017-18,Howard,33,32,4.1,109,112,3.4,0.8,.132,3.4,-2.9,0.5,22.2,2.3,9.2,5.7,36.5,2.6,0.0,14.8,33.3,G,FR,rj-cole-1
43,Deandre Ayton,35.0,33.5,35,2017-18,Arizona,35,35,7.6,130,99,5.5,2.1,.259,8.6,2.4,11.0,32.6,13.5,28.2,21.4,10.2,1.0,6.1,11.3,26.6,F,FR,deandre-ayton-1
44,Alex Wilkins,34.9,29.5,19,2025-26,Furman,19,19,1.6,105,107,0.8,0.8,.113,-0.5,-2.0,-2.5,16.1,1.0,7.1,4.2,35.5,1.5,0.4,20.0,33.7,G,FR,alex-wilkins-1
45,Jahlil Okafor,34.9,30.1,38,2014-15,Duke,38,38,6.7,120,95,4.5,2.2,.235,7.7,2.7,10.4,30.7,14.8,18.2,16.6,9.4,1.5,4.5,15.6,27.6,C,FR,jahlil-okafor-1
46,Anthony Lamb,34.7,22.5,35,2016-17,Vermont,35,35,3.9,109,91,2.0,1.9,.200,1.7,1.3,3.0,25.8,11.2,18.7,15.1,6.7,2.1,5.8,15.4,31.0,F,FR,anthony-lamb-2
47,B.J. Young,34.5,25.2,32,2011-12,Arkansas,32,7,3.5,113,103,2.6,0.9,.172,7.1,0.6,7.7,24.7,4.0,10.8,7.2,22.0,2.6,1.0,15.5,29.2,G,FR,bj-young-1
48,Anthony Bennett,34.4,27.1,35,2012-13,UNLV,35,31,5.7,118,90,3.5,2.2,.238,6.1,2.5,8.6,28.3,10.3,24.0,17.1,8.8,1.5,4.6,12.3,27.5,F,FR,anthony-bennett-1
49,D'Angelo Russell,34.4,33.9,35,2014-15,Ohio State,35,34,6.8,116,95,4.4,2.4,.229,8.6,3.3,11.9,26.6,3.6,15.4,9.8,30.1,2.8,1.1,14.8,30.2,G,FR,dangelo-russell-1
50,Dylan Harper,34.4,32.6,29,2024-25,Rutgers,29,28,3.9,118,110,3.0,0.9,.166,7.0,2.1,9.2,24.6,2.6,13.5,8.0,27.1,2.6,1.9,12.7,29.0,G,FR,dylan-harper-1
51,C.J. McCollum,34.3,31.9,33,2009-10,Lehigh,33,31,5.4,119,101,4.0,1.4,.205,,,,25.8,5.1,12.3,8.8,17.1,2.3,0.7,11.0,28.4,G,FR,cj-mccollum-1
52,Jalen Haralson,34.2,26.0,17,2025-26,Notre Dame,17,15,1.1,103,108,0.5,0.6,.098,2.2,0.9,3.1,17.2,6.0,9.7,7.9,21.4,1.1,1.8,17.6,33.2,G,FR,jalen-haralson-1
53,Gavin Sykes,34.2,31.4,19,2025-26,Long Beach State,19,17,2.3,125,115,1.9,0.5,.157,5.9,-2.6,3.3,20.6,1.9,11.3,6.4,9.1,0.5,0.7,4.8,26.3,G,FR,gavin-sykes-1
54,Myles Taylor,34.0,24.4,28,2011-12,UT Martin,28,27,2.4,113,111,2.2,0.2,.139,2.3,-2.4,-0.1,24.7,9.9,18.7,13.7,8.7,1.8,3.2,12.1,29.0,F,FR,myles-taylor-1
55,Mikel Brown Jr.,33.9,27.2,10,2025-26,Louisville,10,10,1.4,119,102,0.8,0.5,.203,4.5,0.9,5.4,20.2,0.0,11.3,5.9,32.9,1.6,0.4,13.8,30.3,G,FR,mikel-brown-jr-1
56,Rashad Vaughn,33.9,32.3,23,2014-15,UNLV,23,23,2.5,104,100,1.4,1.1,.132,4.5,0.1,4.5,20.2,2.3,13.7,8.4,11.8,1.5,1.1,11.8,30.8,G,FR,rashad-vaughn-1
57,Ryan Forrest,33.9,20.1,10,2023-24,Northwestern State,10,7,0.0,89,111,-0.1,0.2,.008,-2.3,-3.7,-6.0,13.0,2.7,9.1,5.9,9.6,2.0,2.2,13.4,36.9,G,FR,ryan-forrest-1
58,Markus Howard,33.9,22.0,31,2016-17,Marquette,31,27,2.9,120,109,2.4,0.5,.169,7.9,0.0,7.9,23.1,1.6,10.3,6.1,19.9,2.1,0.3,17.4,26.7,G,FR,markus-howard-1
59,Matt Morgan,33.9,30.7,27,2015-16,Cornell,27,26,2.7,110,109,2.1,0.6,.132,4.6,-1.3,3.3,22.5,1.4,9.7,5.5,14.9,2.5,1.2,10.2,30.0,G,FR,matt-morgan-1
60,Darius Garland,33.8,27.8,5,2018-19,Vanderbilt,5,5,0.5,112,106,0.4,0.1,.148,3.8,1.1,4.9,23.6,1.6,13.7,7.7,25.7,1.7,1.5,19.6,27.9,G,FR,darius-garland-1
61,Jared Sullinger,33.8,31.7,37,2010-11,Ohio State,37,36,8.3,126,90,5.4,2.9,.283,7.1,2.4,9.5,30.3,14.1,26.0,20.1,7.4,2.0,2.0,9.9,27.0,F,FR,jared-sullinger-1
62,Tre Johnson,33.6,34.7,33,2024-25,Texas,33,33,4.2,115,110,3.0,1.1,.145,6.5,1.2,7.7,19.7,1.1,9.0,5.2,16.5,1.6,1.0,9.2,29.1,G,FR,tre-johnson-2
63,Isaiah Johnson,33.6,26.8,18,2025-26,Colorado,18,1,2.7,142,113,2.2,0.4,.223,7.9,1.3,9.2,24.9,5.0,7.3,6.2,14.6,2.4,0.0,7.8,23.6,G,FR,isaiah-johnson-3
64,Jamal Murray,33.4,35.2,36,2015-16,Kentucky,36,36,6.1,120,103,4.4,1.7,.193,8.1,1.4,9.5,22.7,4.9,11.2,8.2,12.1,1.6,0.9,12.1,27.3,G,FR,jamal-murray-1
65,Shabazz Muhammad,33.3,30.8,32,2012-13,UCLA,32,30,3.7,110,105,2.9,0.8,.149,5.8,-1.1,4.7,21.9,9.9,9.3,9.6,5.8,1.3,0.4,8.6,29.8,G,FR,shabazz-muhammad-1
66,Malik Monk,33.3,32.1,38,2016-17,Kentucky,38,37,5.8,118,101,3.9,1.9,.189,6.5,2.5,9.0,21.5,1.1,7.3,4.2,13.3,1.6,1.5,10.4,27.2,G,FR,malik-monk-1
67,Tounde Yessoufou,33.3,30.2,17,2025-26,Baylor,17,17,2.4,121,103,1.5,0.9,.189,4.8,1.4,6.3,23.7,10.4,11.1,10.8,11.5,3.8,2.2,12.6,27.6,G,FR,tounde-yessoufou-1
68,Tyler Hall,33.2,32.0,31,2015-16,Montana State,31,31,3.9,120,111,3.3,0.6,.156,5.6,-1.5,4.1,22.8,2.7,16.3,9.1,11.1,1.6,0.9,10.4,26.3,G,FR,tyler-hall-2
69,Sharife Cooper,33.2,33.1,12,2020-21,Auburn,12,12,1.7,111,107,1.4,0.3,.174,4.7,-0.4,4.3,22.9,2.2,11.3,6.9,51.9,1.6,0.7,17.7,33.1,G,FR,sharife-cooper-1
70,Tre Mitchell,33.2,30.8,31,2019-20,Massachusetts,31,31,3.0,100,99,1.6,1.4,.126,3.4,0.9,4.3,22.2,5.5,22.2,13.7,15.6,1.9,3.5,17.0,31.9,C,FR,tre-mitchell-1
71,Sam Finley,33.1,22.3,30,2013-14,UC Riverside,30,8,1.6,103,109,1.0,0.6,.095,0.6,-2.1,-1.5,17.4,1.4,9.8,5.6,8.2,1.6,0.9,12.1,31.0,G,FR,sam-finley-1
72,Nate Calmese,33.1,31.5,31,2022-23,Lamar,31,31,2.7,111,113,2.3,0.4,.112,3.1,-3.0,0.1,20.3,2.6,6.5,4.5,15.9,2.2,1.0,13.5,28.2,G,FR,nate-calmese-1
73,Jabari Smith,33.0,28.8,34,2021-22,Auburn,34,34,5.6,117,91,3.2,2.3,.227,7.4,3.8,11.1,25.1,3.5,23.5,13.6,14.0,2.1,3.8,11.1,27.6,F,FR,jabari-smith-2
74,Chris Clemons,32.9,32.2,30,2015-16,Campbell,30,29,3.3,109,105,2.2,1.1,.139,2.3,-2.2,0.1,21.4,1.2,12.1,6.7,13.2,2.7,0.9,10.4,29.1,G,FR,chris-clemons-2
75,Obi Toppin,32.9,26.5,33,2018-19,Dayton,33,15,4.8,123,98,3.2,1.6,.221,6.2,2.5,8.7,27.9,7.7,17.2,12.9,15.7,1.5,3.7,15.5,25.1,F,FR,obadiah-toppin-1
76,Michael Weathers,32.9,28.3,32,2016-17,Miami (OH),32,28,2.3,96,99,0.8,1.6,.103,0.7,1.8,2.4,22.2,2.8,13.6,8.2,41.3,3.7,6.0,22.3,35.7,G,FR,michael-weathers-1
77,Roman Domon,32.9,20.6,19,2025-26,Murray State,19,0,2.1,129,104,1.4,0.7,.216,5.7,1.6,7.3,24.3,6.2,18.6,12.7,13.2,2.5,0.4,17.0,24.7,F,FR,roman-domon-1
78,Cody Zeller,32.8,28.5,36,2011-12,Indiana,36,36,6.8,132,96,5.1,1.8,.267,8.2,3.5,11.7,31.3,11.3,18.4,14.9,9.5,2.9,4.3,12.4,24.3,F,FR,cody-zeller-1
79,B.J. Tyson,32.8,24.2,33,2014-15,East Carolina,33,0,2.8,108,106,2.0,0.8,.139,3.7,-1.5,2.2,21.9,6.7,12.9,9.7,14.9,2.1,0.4,11.7,29.8,G,FR,bj-tyson-1
80,T.J. Weeks Jr.,32.7,26.0,10,2019-20,Massachusetts,10,2,1.1,114,99,0.7,0.4,.174,7.2,1.8,9.0,24.1,3.1,14.3,8.6,5.4,4.0,1.2,8.1,26.6,G,FR,tj-weeks-1
81,Alec Burks,32.6,30.2,30,2009-10,Colorado,30,30,4.2,121,108,3.6,0.6,.186,,,,25.8,8.3,12.2,10.3,13.6,2.2,1.4,12.3,27.1,G,FR,alec-burks-1
82,Jeremiah Wilkinson,32.6,27.3,32,2024-25,California,32,14,2.3,111,116,1.9,0.4,.104,3.3,-0.4,2.9,17.0,2.0,6.4,4.0,12.3,1.7,0.5,10.0,28.8,G,FR,jeremiah-wilkinson-1
83,Chris Fouch,32.6,21.3,30,2009-10,Drexel,30,0,2.9,117,102,2.1,0.8,.180,,,,21.9,2.0,8.3,5.1,14.7,2.0,0.6,9.1,26.4,G,FR,chris-fouch-1
84,Javon McCrea,32.6,21.6,34,2010-11,Buffalo,34,0,4.4,115,89,2.5,1.8,.238,6.2,3.3,9.5,32.8,17.2,18.6,17.9,19.1,3.5,8.5,17.9,27.5,F,FR,javon-mccrea-1
85,Marcquise Reed,32.6,27.8,35,2014-15,Robert Morris,35,28,3.4,106,102,2.1,1.3,.139,1.8,0.7,2.5,22.1,2.4,7.9,5.3,18.6,4.1,0.1,16.2,29.6,G,FR,marcquise-reed-1
86,Alessandro Lever,32.5,21.3,34,2017-18,Grand Canyon,34,27,3.1,107,94,1.4,1.7,.170,0.8,0.8,1.6,19.0,6.2,16.0,11.1,12.8,0.9,2.0,13.6,29.2,F,FR,alessandro-lever-1
87,Darius Acuff Jr.,32.5,33.1,18,2025-26,Arkansas,18,18,2.9,128,112,2.3,0.6,.195,8.1,1.0,9.1,22.8,1.8,8.1,5.0,34.0,1.6,1.5,11.6,26.4,G,FR,darius-acuff-jr-1
88,Josh Harris,32.5,22.5,30,2024-25,North Florida,30,30,2.7,122,113,2.2,0.5,.159,1.4,-3.4,-2.0,25.2,13.8,19.8,16.7,5.2,1.7,2.0,8.4,26.0,F,FR,josh-harris-1
89,Derrick Williams,32.5,28.2,31,2009-10,Arizona,31,30,4.3,119,102,3.2,1.1,.195,,,,25.8,9.7,19.7,14.9,6.3,1.3,2.4,13.3,26.6,F,FR,derrick-williams-2
90,Darrion Trammell,32.5,35.8,23,2020-21,Seattle,23,18,3.9,109,98,2.5,1.4,.188,3.3,1.0,4.3,23.8,1.8,10.7,6.0,32.4,3.1,0.8,15.5,30.6,G,FR,darrion-trammell-1
91,Jeremiah Fears,32.4,30.2,34,2024-25,Oklahoma,34,31,3.4,108,107,2.1,1.2,.132,4.2,1.7,5.9,20.7,3.1,13.0,8.3,28.6,3.1,0.5,18.3,31.5,G,FR,jeremiah-fears-1
92,Tookie Brown,32.4,30.8,31,2015-16,Georgia Southern,31,26,4.0,115,105,2.9,1.1,.169,3.6,-0.1,3.5,22.9,1.9,9.5,5.5,24.7,3.0,0.5,12.3,28.2,G,FR,tookie-brown-1
93,Doug McDermott,32.3,29.1,39,2010-11,Creighton,39,39,4.4,112,104,3.3,1.2,.157,4.3,-1.3,3.0,22.9,9.4,20.3,15.2,9.8,0.6,0.4,15.4,27.4,F,FR,doug-mcdermott-1
94,Marcus Foster,32.3,29.4,33,2013-14,Kansas State,33,33,3.2,108,104,1.9,1.3,.133,5.3,1.5,6.8,17.7,3.1,9.5,6.3,20.9,1.2,0.8,13.4,28.8,G,FR,marcus-foster-1
95,Diamond Stone,32.1,23.1,35,2015-16,Maryland,35,22,4.1,118,98,2.6,1.5,.204,3.8,2.0,5.8,26.7,12.4,14.5,13.6,4.2,1.3,7.1,12.9,26.7,C,FR,diamond-stone-1
96,Elijah Bryant,32.1,25.5,33,2014-15,Elon,33,13,2.0,95,99,0.7,1.3,.095,1.4,-0.3,1.1,18.5,5.8,12.9,9.2,24.7,2.9,1.7,19.8,34.6,G,FR,elijah-bryant-1
97,Anthony Edwards,32.1,33.0,32,2019-20,Georgia,32,32,3.6,106,104,2.5,1.1,.136,4.8,0.7,5.5,20.8,2.5,14.8,8.7,17.9,2.3,1.7,12.9,30.4,G,FR,anthony-edwards-2
98,Alex Chaikin,32.0,26.5,32,2024-25,Lafayette,32,19,3.4,123,109,2.4,0.9,.159,3.2,-1.9,1.3,19.8,2.1,9.3,5.7,9.2,1.3,0.7,11.5,23.7,G,FR,alex-chaikin-1
99,Brandon McCoy,32.0,28.8,33,2017-18,UNLV,33,33,4.0,112,100,2.4,1.6,.170,2.6,0.3,2.9,25.2,12.8,25.2,19.5,3.5,0.9,5.7,15.5,27.5,F,FR,brandon-mccoy-1
100,Hunter Dickinson,32.0,26.0,28,2020-21,Michigan,28,23,3.8,114,94,2.3,1.5,.209,3.9,3.6,7.5,25.8,10.9,21.3,16.6,7.3,0.7,5.3,16.9,27.3,C,FR,hunter-dickinson-1
101,Ray'Sean Taylor,32.0,32.3,21,2021-22,SIU Edwardsville,21,21,2.3,104,100,1.3,1.0,.137,2.4,0.1,2.4,20.4,3.5,14.5,8.8,22.4,3.2,0.5,15.8,29.7,G,FR,raysean-taylor-1
102,Andrew Rowsey,32.0,36.1,32,2013-14,UNC Asheville,32,32,3.9,115,111,3.1,0.8,.136,2.8,-2.9,-0.1,19.9,1.4,9.5,5.7,17.2,2.1,0.3,15.7,27.5,G,FR,andrew-rowsey-1
103,Markus Burton,32.0,33.8,33,2023-24,Notre Dame,33,33,2.9,99,103,1.1,1.8,.102,1.4,2.6,4.0,18.2,2.2,9.1,5.7,34.9,3.5,0.7,17.9,33.3,G,FR,markus-burton-1
104,Evan Boudreaux,31.9,32.1,27,2015-16,Dartmouth,27,27,3.6,112,100,2.2,1.4,.168,2.4,-1.0,1.4,22.5,8.3,26.3,17.1,8.1,1.5,1.0,14.2,27.9,F,FR,evan-boudreaux-1
105,Souley Boum,31.9,20.3,36,2017-18,San Francisco,36,12,1.8,100,105,0.8,0.9,.097,0.5,-0.3,0.2,15.8,3.2,11.9,7.4,11.2,1.5,0.7,14.0,31.3,G,FR,souley-boum-1
106,Johni Broome,31.9,25.8,30,2020-21,Morehead State,30,27,4.4,112,88,2.3,2.1,.226,2.6,1.5,4.2,29.2,14.7,26.2,20.8,6.7,1.4,8.5,13.8,27.7,F,FR,johni-broome-1
107,Nick Muszynski,31.8,24.9,32,2018-19,Belmont,32,32,4.7,124,96,3.1,1.6,.236,4.6,3.3,7.9,29.4,5.9,18.6,12.6,20.4,1.3,8.5,11.9,25.4,C,FR,nick-muszynski-1
108,David Collette,31.8,25.5,31,2014-15,Utah State,31,31,4.0,116,96,2.5,1.5,.200,2.7,3.0,5.7,26.6,7.6,14.9,11.6,12.7,2.0,7.8,9.8,26.5,F,FR,david-collette-1
109,Christian Keeling,31.8,31.2,31,2016-17,Charleston Southern,31,28,3.6,113,107,2.6,1.0,.150,3.5,-2.2,1.3,23.4,4.5,22.7,13.0,9.5,1.7,1.1,9.8,27.7,G,FR,christian-keeling-1
110,Desmond Cambridge Jr.,31.8,30.0,27,2017-18,Brown,27,27,2.5,109,107,1.7,0.9,.126,3.0,-0.9,2.1,19.7,3.3,14.3,8.5,9.4,2.0,3.7,8.0,28.7,G,FR,desmond-cambridge-2
111,Pat Curtin,31.8,20.1,14,2025-26,Bucknell,14,6,0.6,102,109,0.2,0.4,.084,-1.0,0.7,-0.3,18.1,4.0,13.1,8.3,18.2,4.6,0.0,10.8,30.5,G,FR,pat-curtin-1
112,Blake Harper,31.7,34.4,32,2024-25,Howard,32,32,4.1,118,112,3.2,0.9,.151,1.5,-2.8,-1.2,20.0,3.5,17.3,10.6,20.1,1.6,0.1,13.9,27.6,G,FR,blake-harper-1
113,Brandon Miller,31.7,32.6,37,2022-23,Alabama,37,37,7.0,120,92,4.1,2.9,.230,7.8,4.3,12.0,23.4,6.7,17.7,12.6,12.9,1.5,2.4,12.0,26.2,F,FR,brandon-miller-3
114,K.D. Johnson,31.7,22.5,16,2020-21,Georgia,16,0,1.1,102,100,0.6,0.5,.126,2.6,2.2,4.8,19.0,3.3,10.0,6.7,10.3,4.3,0.9,14.3,30.1,G,FR,kd-johnson-1
115,Nate Ament,31.7,28.2,18,2025-26,Tennessee,18,18,2.3,114,97,1.1,1.2,.184,2.8,3.5,6.4,19.4,6.5,17.7,12.5,15.6,2.8,1.8,15.4,28.5,F,FR,nate-ament-1
116,R.J. Hunter,31.7,33.5,31,2012-13,Georgia State,31,31,4.6,116,102,3.5,1.1,.177,5.7,-0.1,5.6,25.5,3.5,16.9,9.8,13.1,3.2,3.2,10.1,26.8,G,FR,rj-hunter-1
117,Kyle Filipowski,31.7,29.1,36,2022-23,Duke,36,36,4.8,108,92,2.3,2.5,.185,4.0,3.4,7.5,23.2,10.3,24.8,17.8,11.4,2.7,2.7,15.0,29.6,C,FR,kyle-filipowski-1
118,Keyonte George,31.6,28.6,33,2022-23,Baylor,33,33,2.9,105,105,1.8,1.1,.125,4.5,1.1,5.6,17.8,4.2,13.6,8.8,20.1,2.3,0.7,16.4,30.8,G,FR,keyonte-george-1
119,Cleveland Melvin,31.6,26.2,27,2010-11,DePaul,27,18,2.0,107,109,1.6,0.4,.112,4.6,0.0,4.6,24.4,9.4,13.3,11.2,7.1,2.1,5.3,10.4,28.0,F,FR,cleveland-melvin-1
120,Daniel Ortiz,31.6,25.8,30,2021-22,North Alabama,30,16,2.6,102,98,1.3,1.3,.132,1.6,-0.8,0.8,18.9,1.7,12.0,6.5,12.0,2.4,1.0,8.8,30.1,G,FR,daniel-ortiz-1
121,Desmar Jackson,31.6,20.7,31,2009-10,Wyoming,31,12,1.7,99,103,0.9,0.7,.105,,,,20.5,5.0,7.6,6.3,23.7,3.8,1.7,20.9,31.1,G,FR,desmar-jackson-1
122,Braden Frager,31.6,23.4,18,2025-26,Nebraska,18,1,2.4,133,99,1.4,0.9,.225,6.2,2.6,8.8,21.9,5.6,13.7,9.9,7.7,1.4,0.6,7.6,22.6,F,FR,braden-frager-1
123,Jaylen Franklin,31.6,29.4,30,2015-16,Abilene Christian,30,23,2.6,103,104,1.4,1.1,.117,-0.6,-1.6,-2.1,20.6,3.1,13.2,8.1,22.2,3.4,0.5,16.2,30.6,G,FR,jaylen-franklin-1
124,Kendall Anthony,31.6,25.5,32,2011-12,Richmond,32,1,2.4,110,112,2.2,0.2,.118,4.4,-1.8,2.6,18.9,2.2,4.5,3.3,16.2,1.6,0.0,12.5,27.7,G,FR,kendall-anthony-1
125,Jordan Dykstra,31.5,20.7,31,2010-11,South Dakota State,31,17,3.4,128,103,2.7,0.7,.213,6.3,0.0,6.3,27.9,7.9,20.6,14.0,12.0,2.1,2.7,13.0,23.5,F,FR,jordan-dykstra-1
126,Luka Garza,31.5,21.7,33,2017-18,Iowa,33,26,3.4,127,109,2.7,0.6,.188,6.0,-0.5,5.5,26.6,12.8,20.4,16.7,9.7,0.9,4.6,9.7,24.4,F,FR,luka-garza-1
127,Hannes Steinbach,31.4,32.4,15,2025-26,Washington,15,15,2.6,127,102,1.7,0.9,.218,7.2,2.2,9.5,26.7,14.0,24.0,19.1,10.5,1.8,2.8,11.4,24.5,F,FR,hannes-steinbach-1
128,Four McGlynn,31.4,24.2,36,2011-12,Vermont,36,1,3.2,109,102,2.2,1.0,.148,2.6,-1.2,1.3,17.9,1.7,7.1,4.4,11.2,1.7,0.3,12.0,27.9,G,FR,four-mcglynn-1
129,Tariq Francis,31.3,27.5,27,2023-24,NJIT,27,11,1.8,104,110,1.2,0.7,.099,2.7,-1.6,1.2,19.1,4.4,12.5,8.2,23.6,3.1,0.4,12.0,30.2,G,FR,tariq-francis-1
130,James Blackmon,31.3,30.0,33,2014-15,Indiana,33,33,3.8,117,109,3.1,0.6,.152,6.0,-1.1,4.9,21.2,6.3,14.3,10.4,10.2,1.3,0.2,10.1,26.9,G,FR,james-blackmon-1
131,Cameron Tyson,31.3,25.4,32,2018-19,Idaho,32,31,1.6,109,118,1.7,-0.1,.080,2.6,-4.9,-2.3,17.2,1.8,6.8,4.4,6.9,1.1,0.4,11.5,26.5,G,FR,cameron-tyson-1
132,Tobias Harris,31.3,29.2,34,2010-11,Tennessee,34,33,4.4,113,99,2.9,1.5,.177,5.5,1.8,7.3,23.8,7.5,20.6,14.0,10.4,1.4,3.4,11.4,27.2,F,FR,tobias-harris-1
133,Preston Parks,31.3,27.1,31,2016-17,The Citadel,31,9,2.1,108,114,1.9,0.3,.102,4.1,-2.4,1.7,20.7,3.2,8.4,5.6,26.8,3.5,0.6,13.2,29.1,G,FR,preston-parks-1
134,Adrian Wooley,31.2,33.5,33,2024-25,Kennesaw State,33,32,4.9,119,104,3.2,1.7,.176,3.8,0.9,4.7,21.3,4.3,12.5,8.5,23.4,2.4,0.3,18.3,25.6,G,FR,adrian-wooley-1
135,Jared Brownridge,31.2,33.5,33,2013-14,Santa Clara,33,33,4.3,123,113,3.7,0.6,.154,4.7,-1.1,3.6,20.9,1.1,8.3,4.6,16.0,1.3,0.4,9.4,24.2,G,FR,jared-brownridge-1
136,Isaiah Collier,31.2,30.0,27,2023-24,Southern California,27,26,2.2,106,109,1.4,0.8,.110,3.2,1.0,4.2,19.3,2.5,8.6,5.6,30.9,2.8,0.8,18.7,29.7,G,FR,isaiah-collier-2
137,Kellan Grady,31.2,35.2,33,2017-18,Davidson,33,32,5.0,122,107,3.8,1.2,.173,4.8,0.0,4.8,21.4,2.6,8.8,5.8,11.3,1.4,0.3,6.2,24.7,G,FR,kellan-grady-1
138,Amadou Sow,31.2,23.7,32,2018-19,UC Santa Barbara,32,31,3.4,113,98,2.0,1.4,.179,0.2,-0.8,-0.6,23.5,12.0,20.4,16.2,3.9,1.4,3.6,16.0,26.4,F,FR,amadou-sow-1
139,Cade Cunningham,31.2,35.4,27,2020-21,Oklahoma State,27,26,4.0,106,97,2.3,1.7,.166,5.1,3.2,8.3,21.6,2.3,16.3,9.6,20.4,2.5,2.3,18.7,29.1,G,FR,cade-cunningham-1
140,Kingston Flemings,31.2,30.4,17,2025-26,Houston,17,17,3.4,129,91,1.9,1.5,.264,6.7,7.0,13.6,25.1,1.7,11.1,6.2,34.3,3.8,1.3,11.8,24.2,G,FR,kingston-flemings-1
141,Dimencio Vaughn,31.1,27.7,29,2017-18,Rider,29,22,3.6,115,100,2.2,1.3,.177,3.5,0.8,4.3,24.9,9.4,16.3,12.7,7.4,3.5,3.1,14.9,26.1,G,FR,dimencio-vaughn-1
142,Andrew Rohde,31.1,32.9,31,2022-23,St. Thomas,31,31,3.9,111,105,2.7,1.1,.151,3.2,-0.4,2.8,22.0,2.9,10.9,6.9,24.3,3.0,0.3,12.6,28.4,G,FR,andrew-rohde-1
143,Meleek Thomas,31.1,26.8,18,2025-26,Arkansas,18,2,2.0,121,108,1.4,0.7,.170,5.5,2.2,7.7,20.4,4.3,10.2,7.4,18.0,3.3,0.4,7.3,26.7,G,FR,meleek-thomas-1
144,Jaylen Brown,31.1,27.6,34,2015-16,California,34,34,2.7,99,97,1.0,1.8,.117,1.1,2.5,3.6,17.6,4.4,16.6,10.8,15.3,1.7,2.2,17.9,31.4,F,FR,jaylen-brown-1
145,Drew Lowder,31.1,26.3,12,2019-20,Holy Cross,12,6,0.4,98,117,0.4,-0.1,.045,2.2,-4.8,-2.6,17.5,1.1,8.6,4.7,30.6,1.8,0.0,18.4,31.2,G,FR,drew-lowder-1
146,Andrew Alekseyenko,31.0,28.2,19,2025-26,Colgate,19,19,1.9,114,109,1.2,0.7,.145,2.6,-1.8,0.8,20.6,8.3,17.4,13.2,17.8,1.6,0.4,14.5,27.8,F,FR,andrew-alekseyenko-1
147,Miles Bridges,31.0,32.0,28,2016-17,Michigan State,28,27,3.6,108,97,1.8,1.7,.160,6.7,3.6,10.3,23.1,5.7,23.1,15.0,14.5,1.2,4.9,13.9,27.3,F,FR,miles-bridges-1
148,Damiyne Durham,31.0,22.1,32,2015-16,Cal State Bakersfield,32,0,2.7,106,94,1.2,1.5,.153,3.5,0.0,3.5,18.0,2.8,13.7,8.3,6.9,2.7,0.7,7.6,27.6,G,FR,damiyne-durham-1
149,Julius Thedford,31.0,21.9,18,2024-25,Western Kentucky,18,6,1.2,107,105,0.6,0.6,.121,2.4,0.0,2.4,18.0,2.6,15.5,9.0,8.5,1.5,1.8,9.7,27.9,G,FR,julius-thedford-1
150,Asa Newell,31.0,29.0,33,2024-25,Georgia,33,33,5.2,131,104,3.8,1.4,.218,7.6,2.0,9.6,26.1,13.9,13.5,13.7,6.7,2.0,3.8,8.2,23.5,F,FR,asa-newell-1
151,Landers Nolley II,31.0,30.2,32,2019-20,Virginia Tech,32,29,1.8,91,99,0.3,1.5,.074,1.6,0.1,1.6,16.2,3.0,19.2,11.1,18.8,1.5,1.3,14.5,33.9,G,FR,landers-nolleyii-1
152,Derik Queen,30.9,30.4,36,2024-25,Maryland,36,36,5.9,117,92,3.1,2.8,.216,5.1,4.2,9.2,24.7,9.0,24.6,16.9,11.6,2.0,3.8,14.5,26.6,C,FR,derik-queen-1
153,Ali Abdou Dibba,30.9,26.0,5,2021-22,Chicago State,5,2,0.3,107,112,0.3,0.0,.096,2.5,-1.8,0.7,19.8,4.3,9.2,6.7,2.0,2.8,0.9,21.1,26.0,G,FR,aliabdou-dibba-1
154,Sam Sessoms,30.9,34.3,33,2018-19,Binghamton,33,32,1.3,95,111,0.7,0.6,.046,0.0,-3.9,-3.9,16.4,2.5,8.4,5.5,25.2,1.9,0.2,20.5,32.7,G,FR,sam-sessoms-1
155,Bryce Aiken,30.9,27.8,26,2016-17,Harvard,26,9,2.4,106,103,1.4,1.0,.133,2.6,-0.9,1.7,17.1,1.8,7.1,4.6,22.1,1.7,0.0,15.8,28.9,G,FR,bryce-aiken-1
156,Eric Paschall,30.8,31.2,27,2014-15,Fordham,27,27,1.9,100,106,1.1,0.8,.089,2.1,-1.7,0.4,17.5,6.1,14.5,10.2,8.2,1.5,1.7,15.7,29.5,F,FR,eric-paschall-1
157,Rashawn Thomas,30.8,21.9,25,2013-14,Texas A&M–Corpus Christi,25,0,1.8,106,102,0.9,0.8,.128,0.3,-0.2,0.1,22.9,9.3,19.8,14.7,5.3,1.8,7.2,17.9,26.7,F,FR,rashawn-thomas-1
158,Markeith Cummings,30.7,34.0,33,2009-10,Kennesaw State,33,31,3.6,107,106,2.6,0.9,.127,,,,20.4,7.6,12.4,9.9,15.3,1.7,0.5,15.0,28.0,F,FR,markeith-cummings-1
159,TJ Robinson,30.7,21.7,16,2025-26,Saint Peter's,16,3,1.2,109,105,0.6,0.6,.134,-0.8,-1.1,-1.9,17.4,2.5,9.5,5.8,27.0,3.1,0.0,13.8,29.1,G,FR,tj-robinson-3
160,Paolo Banchero,30.6,33.0,39,2021-22,Duke,39,39,6.1,114,98,4.0,2.2,.191,5.4,2.3,7.7,24.2,6.4,19.1,13.2,17.5,1.9,2.7,13.3,27.5,F,FR,paolo-banchero-1
161,Ignas Brazdeikis,30.6,29.6,37,2018-19,Michigan,37,37,5.5,113,91,2.8,2.7,.201,5.3,3.7,8.9,21.4,4.6,16.1,10.5,6.1,1.5,1.7,8.8,26.1,F,FR,ignas-brazdeikis-1
162,Karl-Anthony Towns,30.6,21.1,39,2014-15,Kentucky,39,39,6.4,127,78,3.5,2.9,.311,6.6,7.6,14.3,31.4,14.2,22.3,18.5,11.6,1.4,11.5,14.2,23.7,F,FR,karl-anthony-towns-1
163,Malik Mack,30.6,33.2,24,2023-24,Harvard,24,24,2.7,109,107,1.8,0.9,.133,2.7,-0.4,2.3,20.1,1.8,11.6,6.8,32.9,2.4,0.3,13.7,29.2,G,FR,malik-mack-1
164,All Wright,30.5,29.6,34,2024-25,Valparaiso,34,31,2.8,110,112,1.9,0.8,.110,2.3,-1.5,0.8,17.2,1.8,6.9,4.2,17.7,1.7,0.8,8.4,27.8,G,FR,all-wright-1
165,Keaton Wagler,30.5,31.3,18,2025-26,Illinois,18,18,3.6,141,105,2.6,1.0,.255,8.4,3.2,11.6,23.7,7.8,10.0,9.0,21.0,1.5,0.9,10.5,22.6,G,FR,keaton-wagler-1
166,Donnie Freeman,30.5,25.5,14,2024-25,Syracuse,14,13,1.2,113,108,0.8,0.4,.135,4.1,0.8,4.8,21.5,4.9,31.2,18.1,11.2,0.8,1.5,13.6,25.8,F,FR,donnie-freeman-1
167,Dwayne Bacon,30.5,28.8,34,2015-16,Florida State,34,32,2.9,105,105,1.7,1.2,.119,2.4,0.3,2.7,19.0,5.4,17.4,11.5,10.4,1.9,0.1,12.6,28.8,G,FR,dwayne-bacon-1
168,Charles Williams,30.5,30.0,34,2016-17,Howard,34,25,2.3,105,111,1.7,0.6,.091,1.0,-3.0,-2.0,15.8,3.5,5.7,4.6,5.5,1.1,1.3,9.9,27.9,G,FR,charles-williams-5
169,Vasean Allette,30.4,32.2,19,2023-24,Old Dominion,19,18,1.5,103,106,0.8,0.7,.101,2.3,0.0,2.2,20.3,3.2,16.2,9.5,22.2,3.2,0.0,11.8,29.5,G,FR,vasean-allette-1
170,Jayden Gardner,30.4,30.6,31,2018-19,East Carolina,31,31,3.5,111,105,2.4,1.1,.148,2.9,-1.4,1.4,23.0,10.8,20.8,15.7,9.7,1.4,1.7,14.4,27.4,F,FR,jayden-gardner-1
171,Devin Cannady,30.4,22.0,29,2015-16,Princeton,29,0,3.6,131,99,2.5,1.1,.224,5.7,1.4,7.1,23.7,3.5,9.3,6.5,10.8,2.8,0.8,11.7,22.3,G,FR,devin-cannady-1
172,AJ Green,30.4,29.9,34,2018-19,Northern Iowa,34,34,2.0,96,104,0.7,1.3,.079,0.7,-1.8,-1.0,15.0,1.5,11.0,6.2,19.7,1.3,0.2,16.2,31.2,G,FR,aj-green-1
173,Jalen Johnson,30.4,21.4,13,2020-21,Duke,13,8,1.1,104,95,0.6,0.5,.162,4.3,4.2,8.5,25.8,8.3,25.2,16.6,20.5,3.1,6.0,20.6,28.6,F,FR,jalen-johnson-24
174,De'Aaron Fox,30.4,29.6,36,2016-17,Kentucky,36,34,5.1,114,97,3.1,2.1,.192,4.3,3.9,8.2,22.7,2.1,12.2,7.2,28.6,2.7,0.7,13.7,27.5,G,FR,deaaron-fox-1
175,QJ Peterson,30.4,32.9,35,2013-14,VMI,35,35,3.7,110,108,2.6,1.1,.128,0.4,-2.0,-1.6,20.2,5.3,11.3,8.3,10.9,2.7,0.9,10.6,27.8,G,FR,qj-peterson-1
176,Thomas Bryant,30.4,22.6,35,2015-16,Indiana,35,35,4.4,130,100,3.1,1.3,.222,5.3,2.3,7.6,26.6,11.1,19.1,15.3,8.1,1.2,4.1,16.4,22.1,C,FR,thomas-bryant-1
177,Airious Bailey,30.4,33.3,30,2024-25,Rutgers,30,30,2.8,108,109,1.7,1.1,.112,3.7,0.8,4.5,19.9,7.0,17.5,12.2,8.3,1.7,4.1,11.0,27.5,G,FR,airious-bailey-1
178,Jon Severe,30.4,32.9,31,2013-14,Fordham,31,23,0.9,99,118,0.9,0.0,.036,1.4,-3.4,-2.0,13.5,3.0,6.2,4.5,13.6,1.6,0.6,12.6,30.6,G,FR,jon-severe-1
179,Andrew Wiggins,30.3,32.8,35,2013-14,Kansas,35,35,4.9,116,103,3.2,1.7,.170,5.7,2.6,8.3,21.4,8.4,12.3,10.4,9.2,2.1,3.1,13.1,26.3,G,FR,andrew-wiggins-1
180,Terquavion Smith,30.3,31.6,32,2021-22,NC State,32,25,2.8,108,111,2.3,0.5,.111,5.1,-0.1,5.1,19.8,3.1,12.3,7.4,14.7,2.4,1.6,9.8,27.5,G,FR,terquavion-smith-1
181,Michael Cooper,30.3,28.2,15,2025-26,Wright State,15,14,1.7,119,108,1.1,0.6,.159,3.4,-0.3,3.1,18.9,2.1,11.3,6.8,17.6,1.8,0.8,8.9,25.5,G,FR,michael-cooper-4
182,David Jenkins Jr.,30.3,29.5,35,2017-18,South Dakota State,35,21,3.5,112,107,2.4,1.1,.135,1.0,-1.4,-0.4,17.6,1.1,10.4,6.0,10.4,0.7,0.0,10.7,26.4,G,FR,david-jenkinsjr-1
183,Stefan Moody,30.3,31.3,29,2012-13,Florida Atlantic,29,20,2.6,103,104,1.7,0.8,.114,1.4,-2.0,-0.6,18.4,2.5,13.2,7.8,18.0,1.4,1.0,17.9,29.0,G,FR,stefan-moody-1
184,Onyeka Okongwu,30.2,30.6,28,2019-20,Southern California,28,28,5.4,123,88,3.2,2.1,.251,6.7,4.9,11.6,31.1,12.4,18.4,15.5,8.4,2.3,9.8,13.7,23.6,F,FR,onyeka-okongwu-1
185,Stan Okoye,30.2,21.9,29,2009-10,VMI,29,10,1.9,110,110,1.6,0.3,.120,,,,24.3,9.9,18.9,14.0,4.3,1.7,5.0,11.6,26.4,F,FR,stan-okoye-1
186,Kenneth Lofton Jr.,30.2,22.8,32,2020-21,Louisiana Tech,32,28,3.8,107,88,1.8,2.0,.206,2.6,2.5,5.1,25.8,12.2,23.7,18.0,14.4,2.6,3.5,18.9,28.1,F,FR,kenneth-loftonjr-1
187,Allonzo Trier,30.2,28.0,27,2015-16,Arizona,27,21,3.2,117,101,2.1,1.1,.170,3.9,1.8,5.7,18.7,2.0,10.9,6.7,7.6,1.1,0.8,13.6,24.9,G,FR,allonzo-trier-1
188,Jimmal Ball,30.2,35.0,26,1996-97,Akron,26,26,2.0,,,0.5,1.5,.090,,,,,,,7.6,21.2,3.9,0.9,11.9,33.8,G,FR,jimmal-ball-1
189,Tim Kempton,30.2,26.4,32,2013-14,Lehigh,32,31,2.0,98,102,0.7,1.3,.095,-2.4,-1.0,-3.4,18.4,10.6,20.1,15.5,6.9,1.6,1.4,19.2,29.9,C,FR,tim-kempton-2
190,Matas Deniusas,30.2,25.7,19,2025-26,UT Martin,19,19,2.2,112,96,0.9,1.2,.177,1.0,-0.2,0.8,18.7,8.8,13.9,11.4,14.3,1.4,4.9,14.9,27.2,F,FR,matas-deniusas-1
191,Josh Okogie,30.2,30.8,37,2016-17,Georgia Tech,37,37,4.5,108,97,2.3,2.2,.158,2.7,3.0,5.7,20.7,5.6,13.5,9.8,12.1,2.4,2.5,12.4,27.6,G,FR,josh-okogie-1
192,Trevon Lewis,30.1,24.4,28,2011-12,Nicholls State,28,13,1.6,103,110,1.3,0.3,.093,0.5,-2.4,-1.9,21.4,7.4,20.0,13.3,10.6,2.3,3.1,14.9,28.2,F,FR,trevon-lewis-1
193,Cole Anthony,30.1,34.9,22,2019-20,North Carolina,22,20,2.1,100,102,1.2,0.9,.108,3.3,1.8,5.1,17.5,1.4,16.4,8.7,24.1,2.1,0.9,15.9,30.0,G,FR,cole-anthony-1
194,Jordan Ellerbee,30.1,24.8,19,2025-26,Florida Gulf Coast,19,9,1.7,124,115,1.4,0.4,.148,3.5,-1.5,1.9,19.8,5.2,10.9,8.0,15.6,2.0,0.3,12.4,23.7,G,FR,jordan-ellerbee-1
195,Ben Simmons,30.1,34.9,33,2015-16,Louisiana State,33,32,6.0,117,98,3.9,2.1,.207,7.0,3.3,10.3,29.0,9.6,26.8,18.2,27.4,3.1,2.5,17.4,26.4,F,FR,ben-simmons-1
196,Cameron Payne,30.1,32.7,34,2013-14,Murray State,34,34,4.0,108,104,2.5,1.5,.145,2.7,0.2,2.9,20.5,1.1,11.3,6.3,34.2,3.0,1.7,16.8,29.4,G,FR,cameron-payne-1
197,Karon Abraham,30.1,26.8,35,2009-10,Robert Morris,35,24,4.3,121,103,3.2,1.0,.182,,,,19.8,2.8,6.7,4.7,12.9,1.5,0.5,14.2,23.7,G,FR,karon-abraham-1
198,Mahamadou Diawara,30.1,26.0,33,2019-20,Stetson,33,31,2.7,104,103,1.8,0.9,.125,-1.2,-2.8,-4.0,22.0,15.0,15.5,15.3,6.8,1.3,2.9,22.3,28.1,F,FR,mahamadou-diawara-1
199,Terrence Jones,30.1,31.5,38,2010-11,Kentucky,38,35,5.9,109,90,3.1,2.8,.199,4.2,3.9,8.1,25.5,9.0,22.1,15.8,10.3,2.2,6.0,11.4,28.2,F,FR,terrence-jones-1
200,Lauri Markkanen,30.0,30.8,37,2016-17,Arizona,37,37,6.7,134,100,4.8,1.8,.235,7.9,1.5,9.4,25.0,10.0,17.5,14.0,5.6,0.8,1.8,8.1,22.5,F,FR,lauri-markkanen-1
