player,rookie_season,minutes,poss_est,player_id,usg_pct,pts_per_100
Aaron Gray,2008,612.9966666666667,304.56,201189,13.900000000000002,21.4
Aaron Nesmith,2021,668.7316666666667,213.32,1630174,16.400000000000002,15.5
Aaron Wiggins,2022,1208.75,428.4,1630598,14.3,16.3
Acie Law,2008,865.36,314.12,201151,15.7,13.8
Adam Morrison,2007,2325.83,1148.36,200747,,19.8
Adem Bona,2025,904.55,297.0,1641737,14.3,17.7
Adreian Payne,2015,739.6383333333333,284.24,203940,17.5,14.6
AJ Griffin,2023,1401.435,595.68,1631100,16.69999999999999,21.3
A.J. Guyton,2001,628.5383333333333,223.92,2062,21.7,16.9
A.J. Price,2010,865.3116666666666,446.0,201985,22.3,22.8
Ajay Mitchell,2025,596.955,228.4,1642349,16.2,18.7
Al Horford,2008,2539.8866666666668,898.28,201143,16.5,16.8
Al Jefferson,2005,1044.215,494.4,2744,21.5,22.8
Al Thornton,2008,2157.6983333333333,1125.72,201154,22.5,23.9
Al-Farouq Aminu,2011,1451.835,561.36,202329,15.9,15.9
Alec Burks,2012,938.9033333333332,470.92,202692,19.6,23.1
Aleksej Pokusevski,2021,1089.915,525.48,1630197,19.5,15.5
Alex Sarr,2025,1814.2283333333328,1014.6,1642259,23.5,22.1
Alexander Johnson,2007,752.6716666666666,267.92,200792,17.7,17.0
Alperen Şengün,2022,1489.2933333333333,772.08,1630578,21.1,21.9
Amar'e Stoudemire,2003,2569.938333333333,1231.96,2405,27.3,22.1
Amen Thompson,2024,1388.5316666666668,604.2,1641708,17.2,20.0
Anderson Varejão,2005,868.7616666666667,274.88,2760,13.3,16.2
Andre Iguodala,2005,2680.843333333333,777.4,2738,14.499999999999998,13.7
Andre Jackson Jr.,2024,572.3283333333334,132.84,1641748,11.5,10.2
Andre Roberson,2014,399.04333333333335,91.4,203460,8.799999999999999,9.2
Andrea Bargnani,2007,1629.45,794.48,200745,22.3,23.2
Andrew Bogut,2006,2348.13,816.36,101106,17.2,16.9
Andrew Nembhard,2023,2073.5316666666668,797.28,1629614,16.1,16.0
Andrew Nicholson,2013,1249.4083333333333,606.36,203094,19.1,23.8
Andrew Wiggins,2015,2968.7966666666666,1519.04,203952,26.700000000000003,23.4
Andris Biedriņš,2005,382.305,107.6,2740,11.0,14.5
Anthony Bennett,2014,662.6383333333333,302.36,203461,17.2,16.0
Anthony Davis,2013,1845.9516666666664,864.0,203076,25.0,24.8
Anthony Edwards,2021,2314.1666666666665,1490.68,1630162,26.200000000000003,28.1
Anthony Randolph,2009,1129.1266666666668,573.04,201576,23.3,21.0
Antoine Wright,2006,370.1666666666667,111.68,101120,13.1,9.8
Archie Goodwin,2014,532.88,235.2,203462,22.5,17.5
Arron Afflalo,2008,970.3366666666668,313.28,201167,13.69999999999999,14.8
Ausar Thompson,2024,1582.805,616.36,1641709,18.5,16.7
Austin Rivers,2013,1417.55,511.52,203085,20.9,14.3
Ayo Dosunmu,2022,2109.641666666667,677.32,1630245,14.499999999999998,15.4
Bam Adebayo,2018,1368.185,484.76,1628389,15.7,17.4
Baylor Scheierman,2025,383.8883333333333,127.28,1631248,14.499999999999998,14.8
Ben Gordon,2005,2013.0933333333328,1360.8,2732,25.8,30.9
Ben McLemore,2014,2186.9066666666668,837.92,203463,17.0,16.4
Ben Sheppard,2024,814.26,255.44,1641767,10.8,14.3
Bennedict Mathurin,2023,2222.38,1302.76,1631097,22.6,27.2
Beno Udrih,2005,1155.2,506.16,2757,24.2,21.2
Bilal Coulibaly,2024,1715.25,576.64,1641731,17.5,14.4
Bismack Biyombo,2012,1455.22,411.92,202687,10.099999999999987,11.7
Blake Wesley,2023,669.055,299.36,1631104,14.4,12.6
Bobby Jones,2007,335.48833333333334,129.04,200784,15.9,16.6
Bobby Portis,2016,1102.08,519.04,1626171,19.0,19.5
Bobby Simmons,2002,339.69666666666666,122.2,2250,16.0,17.2
Bones Hyland,2022,1309.8583333333331,712.0,1630538,27.1,25.6
Boris Diaw,2004,1915.235,479.92,2564,15.3,9.1
Bradley Beal,2013,1744.5716666666667,846.96,203078,24.0,22.8
Brandan Wright,2008,375.69666666666666,142.6,201148,18.899999999999988,19.3
Brandin Podziemski,2024,1968.253333333333,719.76,1641764,17.7,16.6
Brandon Clarke,2020,1300.02,583.28,1629634,16.69999999999999,24.4
Brandon Ingram,2017,2279.2616666666668,896.16,1627742,21.8,15.7
Brandon Jennings,2010,2670.721666666667,1536.12,201943,24.6,24.6
Brandon Knight,2012,2128.495,1000.28,202688,22.3,21.0
Brandon Miller,2024,2382.963333333333,1291.12,1641706,27.0,26.2
Brandon Roy,2007,2014.506666666667,987.04,200750,24.7,25.3
Brandon Rush,2009,1802.895,679.04,201575,14.7,16.7
Brian Cook,2004,437.77166666666665,170.32,2567,19.0,17.4
Brook Lopez,2009,2501.401666666666,1086.48,201572,23.3,22.2
Bruce Brown,2019,1449.3166666666666,386.4,1628971,15.9,10.7
Bryce McGowens,2023,786.9966666666667,280.2,1631121,14.7,14.5
Bub Carrington,2025,2457.79,926.4,1642267,15.8,15.3
Buddy Hield,2017,1888.1833333333327,901.44,1627741,23.6,22.3
Cade Cunningham,2022,2088.055,1338.92,1630595,28.7,26.0
Caleb Houstan,2023,812.19,207.92,1631216,12.2,11.3
Cam Reddish,2020,1550.745,705.44,1629629,18.3,18.0
Cam Thomas,2022,1176.06,604.2,1630560,26.8,23.0
Cam Whitmore,2024,880.3333333333334,562.28,1641715,23.1,30.5
Cameron Payne,2016,697.6133333333333,332.56,1626166,21.2,19.8
Carlos Boozer,2003,2047.9583333333333,805.48,2430,19.6,19.7
Carmelo Anthony,2004,2991.2316666666666,1943.0,2546,28.6,28.9
Caron Butler,2003,2855.651666666666,1389.0,2406,18.3,22.5
Cason Wallace,2024,1691.9216666666666,503.28,1641717,12.4,15.7
Chandler Hutchison,2019,894.615,250.72,1628990,18.3,12.2
Chandler Parsons,2012,1804.365,664.32,202718,18.2,16.9
Channing Frye,2006,1572.355,837.76,101112,19.89999999999999,26.2
Charles Jenkins,2012,892.8933333333333,368.16,202724,14.499999999999998,16.7
Charlie Villanueva,2006,2361.0066666666667,1109.4,101111,21.5,23.0
Chase Budinger,2010,1488.2883333333334,651.28,201978,19.5,21.8
Chris Bosh,2004,2516.485,945.72,2547,21.7,18.3
Chris Duarte,2022,1540.8266666666666,760.28,1630537,18.1,22.5
Chris Duhon,2005,2171.7633333333333,636.48,2768,14.9,11.5
Chris Kaman,2004,1850.2966666666664,652.48,2549,18.5,14.1
Chris Paul,2006,2808.475,1334.6,101108,22.3,23.3
Chris Singleton,2012,1430.7383333333332,369.36,202698,15.4,10.9
CJ McCollum,2014,475.74,227.96,203468,19.8,20.6
Coby White,2020,1674.0,957.76,1629632,21.899999999999988,24.0
Cody Martin,2020,902.695,279.6,1628998,12.3,12.8
Cody Zeller,2014,1416.6816666666666,579.0,203469,15.3,17.1
Collin Sexton,2019,2605.023333333333,1503.2,1629012,26.4,25.6
Corey Brewer,2008,1802.585,623.4,201147,15.9,13.0
Corey Kispert,2022,1801.0583333333334,591.28,1630557,13.900000000000002,17.1
Courtney Alexander,2001,1373.9116666666666,714.0,2042,20.1,22.5
Courtney Lee,2009,1938.745,650.36,201584,17.4,16.9
Craig Smith,2007,1536.565,618.84,200783,20.200000000000003,20.4
D'Angelo Russell,2016,2259.08,1235.6,1626156,26.4,23.1
Daequan Cook,2008,1440.675,602.08,201161,17.9,18.8
Dajuan Wagner,2003,1384.9083333333333,760.4,2402,23.0,22.7
Dalton Knecht,2025,1493.795,630.96,1642261,18.5,23.0
Damian Lillard,2013,3166.87,1672.24,203081,24.4,25.4
Dan Gadzuric,2003,759.3583333333333,196.64,2429,15.6,11.3
Daniel Ewing,2006,971.1533333333332,332.24,101137,15.2,13.3
Daniel Gafford,2020,609.0533333333333,189.4,1629655,16.1,17.0
Danny Granger,2006,1765.335,623.12,101122,17.8,17.2
Dante Exum,2015,1817.05,548.0799999999999,203957,,11.4
Darius Garland,2020,1823.9683333333328,881.68,1629636,24.5,19.0
Darius Miles,2001,2139.1633333333334,881.72,2032,18.3,18.4
Darius Miller,2013,694.0,134.51999999999998,203121,12.5,9.0
Darrell Arthur,2009,1464.1783333333333,509.4,201589,16.8,15.0
Darren Collison,2010,2109.1316666666667,1067.56,201954,21.2,22.7
Darrun Hilliard,2016,383.01666666666665,167.6,1626199,19.1,19.5
David Harrison,2005,759.9083333333333,277.04,2758,19.8,18.8
David Roddy,2023,1258.5016666666668,505.6,1631223,17.7,17.3
David West,2004,929.0383333333332,311.2,2561,19.1,15.3
Davion Mitchell,2022,2075.825,994.4,1630558,14.000000000000002,19.8
Day'Ron Sharpe,2022,390.67,197.04,1630549,17.29999999999999,24.4
De'Aaron Fox,2018,2025.53,1055.8,1628368,23.8,20.4
De'Andre Hunter,2020,2017.935,849.36,1629631,19.399999999999988,17.8
De'Anthony Melton,2019,983.89,343.32,1629001,18.5,11.9
Deandre Ayton,2019,2182.688333333333,1079.16,1629028,23.1,25.2
DeAndre Jordan,2009,771.3916666666667,235.96,201599,14.499999999999998,15.2
DeAndre' Bembry,2017,370.74,121.04,1627761,17.9,13.6
DeJuan Blair,2010,1494.3166666666666,677.84,201971,19.3,21.5
DeMar DeRozan,2010,1663.6416666666669,659.36,201942,23.0,20.2
DeMarcus Cousins,2011,2309.4266666666667,1448.88,202326,28.6,24.7
Dennis Smith Jr.,2018,2049.105,1302.92,1628372,24.2,25.0
Dereck Lively II,2024,1294.2816666666668,381.64,1641726,13.2,17.7
DerMarr Johnson,2001,1309.915,521.28,2035,17.599999999999998,15.2
Deron Williams,2006,2306.633333333333,1009.4,101114,22.1,19.9
Derrick Brown,2010,535.4066666666666,197.68,201974,14.8,17.7
Derrick Favors,2011,1535.7216666666666,569.12,202324,20.0,18.2
Derrick Rose,2009,3000.048333333333,1520.0,201565,26.8,23.0
Derrick Williams,2012,1417.685,660.8,202682,23.39999999999999,20.6
Desmond Bane,2021,1518.965,579.56,1630217,22.6,19.4
Desmond Mason,2001,1523.5283333333334,532.04,2046,18.5,15.6
Devin Booker,2016,2107.665,1139.64,1626164,28.000000000000004,23.9
Devin Harris,2005,1176.67,493.32,2734,21.1,18.2
Dillon Brooks,2018,2349.8316666666665,969.04,1628415,20.7,19.1
Dion Waiters,2013,1756.305,1029.72,203079,26.4,26.1
D.J. Augustin,2009,1907.9333333333327,842.52,201571,17.2,23.8
Domantas Sabonis,2017,1631.4883333333332,593.48,1627734,21.4,14.4
Donovan Clingan,2025,1323.6433333333334,451.76,1642270,14.2,15.6
Donovan Mitchell,2018,2638.11,1707.68,1628378,30.9,30.1
Doron Lamb,2013,577.7783333333333,203.96,203117,13.1,13.3
Drew Gooden,2003,1875.57,1020.28,2400,22.399999999999988,23.7
Dwayne Bacon,2018,712.9983333333333,226.0,1628407,16.69999999999999,11.6
Dwight Howard,2005,2678.443333333333,1023.72,2730,21.1,18.2
Dwyane Wade,2004,2135.85,1131.28,2548,30.2,24.5
Earl Clark,2010,383.39,189.84,201947,19.399999999999988,17.6
Ed Davis,2011,1601.753333333333,477.32,202334,13.3,16.0
Eddie Griffin,2002,1895.4766666666667,750.84,2204,19.3,18.0
Eddie House,2001,544.805,297.4,2067,23.3,24.2
Ekpe Udoh,2011,1029.513333333333,298.16,202327,13.900000000000002,11.5
Elfrid Payton,2015,2488.6666666666665,1005.16,203901,19.8,14.8
Elie Okobo,2019,958.19,379.68,1629059,14.7,15.1
Emeka Okafor,2005,2599.63,1278.92,2731,21.6,21.7
Emmanuel Mudiay,2016,2067.8866666666668,1213.96,1626144,22.2,20.6
Enes Freedom,2012,874.435,336.2,202683,20.6,17.6
Eric Bledsoe,2011,1840.5333333333333,738.52,202339,19.1,15.0
Eric Gordon,2009,2676.651666666666,1219.0,201569,21.0,23.9
Eric Maynor,2010,1269.493333333333,484.68,201953,16.400000000000002,15.2
Eric Paschall,2020,1653.795,827.28,1629672,23.39999999999999,23.8
Evan Mobley,2022,2331.036666666667,1073.88,1630596,19.89999999999999,21.8
Evan Turner,2011,1797.4016666666666,664.0,202323,19.69999999999999,16.0
Francisco García,2006,1301.22,444.44,101128,15.4,14.8
Frank Kaminsky,2016,1707.5733333333333,648.12,1626163,21.6,17.4
Frank Mason III,2018,983.9933333333332,495.6,1628412,21.3,21.4
Frank Ntilikina,2018,1705.6483333333333,660.92,1628373,16.3,13.2
Franz Wagner,2022,2429.0466666666666,1190.36,1630532,23.0,23.6
Gerald Wallace,2002,431.7166666666666,217.24,2222,19.5,18.7
Giannis Antetokounmpo,2014,1896.8083333333327,628.88,203507,19.3,14.1
Goga Bitadze,2020,471.2916666666667,192.52,1629048,16.900000000000002,16.6
Grant Williams,2020,1043.2233333333334,284.76,1629684,12.0,10.6
Grayson Allen,2019,416.29333333333335,237.4,1628960,17.1,23.4
Greg Monroe,2011,2221.863333333333,733.52,202328,23.200000000000003,18.2
Hamidou Diallo,2019,526.28,213.96,1628977,17.29999999999999,16.6
Harrison Barnes,2013,2057.5316666666668,812.6,203084,16.6,18.0
Hasheem Thabeet,2010,883.2966666666666,214.92,201934,8.6,11.8
Herbert Jones,2022,2335.1833333333334,747.72,1630529,14.4,15.5
Hilton Armstrong,2007,634.2066666666667,189.48,200756,14.8,14.7
Ike Diogu,2006,1031.4083333333333,485.92,101113,22.5,23.8
Iman Shumpert,2012,1705.4666666666667,692.96,202697,15.5,16.8
Isaac Okoro,2021,2173.235,714.08,1630171,12.3,14.6
Isaiah Collier,2025,1839.1066666666663,830.76,1642268,18.899999999999988,15.7
Isaiah Jackson,2022,541.045,284.72,1630543,16.5,25.6
Isaiah Joe,2021,382.8233333333333,154.56,1630198,14.4,18.8
Isaiah Livers,2022,383.25666666666666,111.16,1630587,11.69999999999999,15.5
Isaiah Stewart,2021,1454.8283333333334,516.48,1630191,14.4,17.8
Isaiah Thomas,2012,1655.44,757.4,202738,22.399999999999988,22.3
Isaiah Whitehead,2017,1643.4716666666666,699.72,1627785,27.39999999999999,15.6
Ivan Rabb,2018,515.61,202.84,1628397,16.6,19.0
Ivica Zubac,2017,608.515,289.56,1627826,17.2,21.8
Ja Morant,2020,2074.3233333333333,1292.52,1629630,26.700000000000003,26.6
Ja'Kobe Walter,2025,1103.235,479.52,1642266,18.2,19.4
Jabari Smith Jr.,2023,2450.5466666666666,1086.64,1631095,17.4,19.7
Jackson Vroman,2005,706.105,296.0,2761,12.1,15.5
Jaden Hardy,2023,708.39,413.76,1630702,23.8,28.0
Jaden Ivey,2023,2304.3166666666666,1376.64,1631093,24.4,25.0
Jaden McDaniels,2021,1510.7833333333333,433.8,1630183,14.9,13.1
Jae Crowder,2013,1353.165,448.12,203109,12.8,14.3
Jahlil Okafor,2016,1590.565,990.36,1626143,24.4,28.8
Jaime Jaquez Jr.,2024,2113.195,884.0,1631170,19.399999999999988,20.6
Jake LaRavia,2023,414.2866666666667,116.96,1631222,20.1,11.9
Jalen Brunson,2019,1591.2583333333334,705.8,1628973,19.89999999999999,20.3
Jalen Duren,2023,1670.145,559.0799999999999,1631105,18.1,17.5
Jalen Green,2022,2137.7233333333334,1192.84,1630224,27.39999999999999,25.4
Jalen Suggs,2022,1306.6533333333334,762.72,1630591,19.6,20.3
Jalen Williams,2023,2275.5916666666667,1001.04,1631114,23.200000000000003,21.5
Jamaal Tinsley,2002,2443.415,1111.84,2224,15.7,15.6
Jamal Crawford,2001,1046.621666666667,403.96,2037,21.4,13.9
Jamal Murray,2017,1764.6433333333334,895.8,1627750,22.3,21.9
Jamal Shead,2025,1466.825,651.36,1642347,18.6,17.0
Jameer Nelson,2005,1614.9766666666667,792.08,2749,24.4,21.0
James Bouknight,2022,304.4766666666667,169.64,1630547,19.2,21.7
James Harden,2010,1738.36,789.6,201935,19.3,21.8
James Johnson,2010,757.1766666666666,302.8,201949,18.0,16.7
Jan Veselý,2012,1077.5583333333334,305.28,202686,12.1,12.6
Jarace Walker,2024,340.42333333333335,130.95999999999998,1641716,16.5,16.2
Jared Dudley,2008,1383.8166666666666,449.92,201162,14.000000000000002,15.6
Jared McCain,2025,591.7916666666666,335.64,1642272,24.7,29.1
Jarell Martin,2016,379.54,162.28,1626185,15.6,20.1
Jaren Jackson Jr.,2019,1514.6883333333333,773.6800000000001,1628991,23.8,26.3
Jarrett Allen,2018,1441.115,543.6800000000001,1628386,15.8,19.6
Jarrett Culver,2020,1505.6066666666666,701.48,1629633,17.9,17.6
Jarrett Jack,2006,1598.8116666666667,600.4,101127,17.5,17.3
Jarron Collins,2002,1444.6616666666666,478.64,2260,14.000000000000002,16.3
Jarvis Hayes,2004,2043.963333333333,848.12,2553,17.7,16.7
Jason Collins,2002,1403.1083333333331,422.16,2215,12.4,13.0
Jason Richardson,2002,2627.845,1342.4,2202,22.5,21.6
Jason Thompson,2009,2302.8766666666666,988.84,201574,19.5,19.8
JaVale McGee,2009,1142.5916666666667,519.28,201580,19.0,21.9
Javaris Crittenton,2008,678.16,333.76,201159,15.2,19.8
Jaxson Hayes,2020,1079.715,395.6,1629637,15.6,19.6
Jay Williams,2003,1961.19,926.84,2398,,18.1
Jaylen Brown,2017,1341.3266666666666,544.56,1627759,20.8,18.6
Jaylen Wells,2025,2043.4816666666663,804.4,1642377,15.9,18.5
Jaylin Williams,2023,914.1583333333332,294.76,1631119,13.3,14.8
Jaylon Tyson,2025,452.96,185.56,1642281,17.4,17.5
Jayson Tatum,2018,2442.911666666667,1062.52,1628369,21.8,22.4
Jeff Green,2008,2253.0666666666666,1011.72,201145,20.9,18.2
Jeff Teague,2010,718.4983333333333,298.56,201952,19.3,15.6
Jerami Grant,2015,1376.5483333333334,521.9200000000001,203924,17.9,14.5
Jeremiah Robinson-Earl,2022,1087.1083333333331,386.76,1630526,14.3,16.3
Jeremy Sochan,2023,1457.7,700.04,1631110,18.7,19.8
Jerian Grant,2016,1264.7733333333333,532.12,1626170,15.9,16.7
Jericho Sims,2022,555.0433333333333,86.76,1630579,7.4,7.9
Jermaine Taylor,2010,302.6983333333333,158.24,201966,22.0,20.6
Jerome Robinson,2019,320.52,126.96,1629010,15.5,15.9
Jevon Carter,2019,576.5016666666667,232.08,1628975,12.7,14.6
Jimmer Fredette,2012,1134.66,534.12,202690,22.89999999999999,20.1
Joakim Noah,2008,1533.715,541.36,201149,12.1,16.1
Joe Johnson,2002,1916.736666666667,678.32,2207,18.899999999999988,15.7
Joey Graham,2006,1580.6016666666667,564.52,101121,16.8,17.4
John Collins,2018,1784.62,731.84,1628381,23.0,20.9
John Wall,2011,2606.055,1405.92,202322,24.3,21.6
Johnny Davis,2023,422.575,199.88,1631098,11.69999999999999,18.0
Jon Brockman,2010,653.6566666666666,153.28,201972,9.5,11.6
Jonas Jerebko,2010,2232.2,762.44,201973,,17.8
Jonny Flynn,2010,2339.4166666666665,1303.8,201938,18.6,22.8
Jordan Bell,2018,808.9133333333333,255.36,1628395,13.3,15.3
Jordan Clarkson,2015,1475.8233333333333,761.52,203903,22.5,24.3
Jordan Hill,2010,624.0983333333334,260.92,201941,17.29999999999999,19.7
Jordan Poole,2020,1273.89,628.36,1629673,24.6,18.2
Josh Childress,2005,2371.7716666666665,849.64,2735,13.69999999999999,17.2
Josh Christopher,2022,1333.7416666666666,663.72,1630528,21.5,20.6
Josh Giddey,2022,1700.3516666666667,875.76,1630581,23.9,19.1
Josh Green,2021,444.63166666666666,120.12,1630182,13.0,10.9
Josh Hart,2018,1460.5216666666668,463.36,1628404,13.0,16.3
Josh Howard,2004,1586.435,659.72,2572,18.2,18.2
Josh Jackson,2018,1959.2183333333328,1200.76,1628367,23.39999999999999,24.1
Josh Okogie,2019,1757.17,642.28,1629006,14.8,15.0
Josh Smith,2005,2049.9416666666666,841.28,2746,18.7,17.7
J.R. Smith,2005,1863.5216666666668,927.84,2747,21.5,22.4
Jrue Holiday,2010,1766.7616666666668,713.84,201950,20.4,17.1
Julian Phillips,2024,322.55,95.36,1641763,12.6,13.2
Julian Wright,2008,640.0766666666667,225.88,201153,17.8,18.2
Justin Anderson,2016,646.8766666666667,223.2,1626147,20.200000000000003,15.7
Justin Jackson,2018,1506.2583333333334,474.84,1628382,14.099999999999998,14.8
Justin Jackson,2019,1613.25,548.76,1628382,15.0,16.8
Justise Winslow,2016,2232.135,608.48,1626159,19.8,11.3
Jusuf Nurkić,2015,1103.2583333333334,527.0799999999999,203994,26.6,18.9
Kareem Rush,2003,874.7516666666667,317.12,2416,18.0,13.1
Karl-Anthony Towns,2016,2626.485,1457.0,1626157,27.1,28.3
Kawhi Leonard,2012,1534.3966666666668,486.72,202695,16.400000000000002,16.8
Keegan Murray,2023,2381.673333333333,877.64,1631099,17.8,19.4
Keita Bates-Diop,2019,503.37666666666667,168.32,1628966,15.6,14.3
Keith Bogans,2004,1786.045,574.3199999999999,2586,21.3,14.4
Kel'el Ware,2025,1422.486666666667,550.48,1642276,17.2,20.4
Kelly Olynyk,2014,1399.955,661.68,203482,20.6,21.4
Kemba Walker,2012,1792.0466666666666,979.72,202689,25.0,23.1
Kenny Satterfield,2002,559.8583333333333,272.24,2261,20.6,17.5
Kentavious Caldwell-Pope,2014,1582.513333333333,514.8399999999999,203484,19.0,14.6
Kenyon Martin,2001,2273.3233333333333,999.48,2030,22.0,18.3
Keon Johnson,2022,696.2466666666667,340.44,1630553,23.7,18.5
Kessler Edwards,2022,987.195,317.36,1630556,11.9,13.7
Kevin Durant,2008,2767.968333333333,1795.12,201142,27.700000000000003,28.6
Kevin Huerter,2019,2048.53,790.64,1628989,16.900000000000002,16.2
Kevin Love,2009,2047.7016666666664,953.84,201567,21.6,22.4
Kevin Porter Jr.,2020,1161.72,558.44,1629645,24.7,20.6
Kevin Séraphin,2011,634.6283333333333,202.64,202338,18.1,11.9
Keyonte George,2024,2022.5766666666664,1101.12,1641718,23.7,22.8
Kira Lewis Jr.,2021,904.4433333333334,393.44,1630184,20.9,17.7
Kirk Hinrich,2004,2709.268333333333,1100.92,2550,22.1,17.5
K.J. McDaniels,2015,1351.895,597.52,203909,17.9,17.6
Klay Thompson,2012,1607.665,861.04,202691,21.6,26.1
Kris Dunn,2017,1333.0,427.96,1627739,24.5,11.0
Kris Humphries,2005,869.0166666666667,383.44,2743,18.7,16.9
Kris Murray,2024,1348.2716666666668,445.64,1631200,13.3,13.5
Kristaps Porziņģis,2016,2046.4616666666664,1112.6,204001,24.0,25.4
Kyle Anderson,2015,358.08,105.16,203937,14.3,10.3
Kyle Filipowski,2025,1521.54,682.92,1642271,18.7,21.2
Kyle Kuzma,2018,2400.905,1270.52,1628398,23.3,24.4
Kyle O'Quinn,2013,637.9166666666666,253.8,203124,18.1,18.2
Kyrie Irving,2012,1557.8516666666667,993.24,202681,29.2,30.8
Kyshawn George,2025,1802.1833333333327,683.92,1642273,15.9,15.2
LaMarcus Aldridge,2007,1391.756666666667,572.6,200746,25.2,21.6
LaMelo Ball,2021,1468.5733333333333,889.6,1630163,27.1,25.3
Landry Fields,2011,2541.3283333333334,773.6800000000001,202361,15.7,15.5
Landry Shamet,2019,1801.8933333333327,642.92,1629013,13.2,18.6
Larry Sanders,2011,872.1616666666666,328.0,202336,16.69999999999999,15.3
Lauri Markkanen,2018,2020.02,1018.04,1628374,24.5,24.7
Leandro Barbosa,2004,1500.565,616.8399999999999,2571,18.4,18.4
LeBron James,2004,3126.865,1967.4,2544,29.2,27.3
Leon Powe,2007,719.8016666666666,287.36,200796,21.8,18.8
Lonny Baxter,2003,683.6466666666666,297.32,2437,16.8,18.9
Lonzo Ball,2018,1780.0566666666666,731.24,1628366,16.69999999999999,13.8
Loren Woods,2002,515.7033333333334,158.4,2254,13.6,10.9
Luc Mbah a Moute,2009,2113.6916666666666,675.48,201601,12.0,14.3
Luka Dončić,2019,2317.74,1646.4,1629029,35.5,31.2
Luke Kennard,2018,1462.7733333333333,567.44,1628379,17.9,18.8
Luke Walton,2004,717.955,216.36,2575,14.8,12.4
Luol Deng,2005,1661.07,834.28,2736,20.200000000000003,21.7
Luther Head,2006,2309.971666666667,803.12,101129,17.9,16.3
Malachi Flynn,2021,927.545,407.64,1630201,15.7,18.0
Malaki Branham,2023,1549.5966666666666,717.8,1631103,19.2,19.9
Malcolm Brogdon,2017,1982.39,803.44,1627763,18.899999999999988,19.5
Malik Monk,2018,853.505,490.72,1628370,23.6,23.2
Marcus Banks,2004,1377.5166666666669,624.64,2556,16.6,17.3
Marcus Fizer,2001,1581.3533333333332,840.84,2033,25.7,22.5
Marcus Sasser,2024,1351.11,631.04,1631204,18.7,20.4
Marcus Smart,2015,1808.2266666666667,622.88,203935,16.8,14.4
Marcus Thornton,2010,1871.5966666666664,1036.88,201977,24.1,28.7
Marcus Thornton,2016,1108.0783333333334,627.76,201977,18.3,25.0
Mardy Collins,2007,777.0866666666667,321.08,200776,17.1,15.5
Mario Chalmers,2009,2625.843333333333,911.92,201596,16.0,16.3
Mario Hezonja,2016,1412.8533333333332,538.76,1626209,18.7,16.5
MarJon Beauchamp,2023,701.3816666666667,304.28,1630699,14.099999999999998,17.6
Mark Madsen,2001,636.8783333333333,156.28,2058,12.4,10.8
Mark Williams,2023,827.975,333.68,1631109,16.2,21.9
Markel Brown,2015,781.4166666666666,262.08000000000004,203900,18.3,13.8
Marquese Chriss,2017,1743.36,819.64,1627737,17.599999999999998,20.3
Marquis Teague,2013,391.9216666666667,155.04000000000002,203104,17.599999999999998,13.4
Marreese Speights,2009,1262.4233333333334,606.08,201578,24.9,24.8
MarShon Brooks,2012,1648.3066666666666,823.12,202705,21.7,22.4
Marvin Bagley III,2019,1567.495,919.28,1628963,24.8,27.1
Marvin Williams,2006,1952.2616666666668,725.32,101107,19.69999999999999,17.3
Matas Buzelis,2025,1511.295,676.52,1641824,18.7,20.7
Matisse Thybulle,2020,1287.4316666666666,334.04,1629680,9.0,11.2
Maurice Harkless,2013,1973.605,689.32,203090,14.499999999999998,16.2
Max Christie,2023,512.425,126.04,1631108,13.2,11.6
Melvin Ely,2003,802.9716666666667,268.56,2408,16.6,15.2
Meyers Leonard,2013,1206.2516666666668,365.16,203086,13.5,15.8
Michael Beasley,2009,2008.59,1184.04,201563,25.3,29.2
Michael Carter-Williams,2014,2413.9133333333334,1462.48,203487,26.4,23.2
Michael Kidd-Gilchrist,2013,2024.763333333333,796.28,203077,15.3,18.0
Mikal Bridges,2019,2417.115,684.92,1628969,12.5,13.3
Mike Conley,2008,1381.3366666666666,585.12,201144,17.599999999999998,17.9
Mike Miller,2001,2388.935,998.32,2034,20.7,20.4
Miles Bridges,2019,1696.3333333333333,594.88,1628970,19.6,16.7
Miles McBride,2022,372.2116666666666,118.28,1630540,14.099999999999998,11.8
Mitchell Robinson,2019,1359.5083333333334,385.4,1629011,12.9,17.0
Mo Bamba,2019,766.1933333333334,313.72,1628964,16.3,18.4
Montrezl Harrell,2016,378.6116666666667,127.24,1626149,17.0,17.4
Moritz Wagner,2019,446.18,233.32,1629021,17.9,21.1
Morris Peterson,2001,1810.575,814.8,2050,20.7,21.3
Moses Moody,2022,607.12,211.84,1630541,14.099999999999998,17.8
Myles Turner,2016,1367.185,650.24,1626167,19.5,21.8
Nassir Little,2020,572.485,185.36,1629642,13.5,13.9
Nate Robinson,2006,1543.6516666666666,767.88,101126,21.1,22.3
Nate Wolters,2014,1309.3583333333331,485.6,203489,13.1,16.2
Nenê,2003,2258.3283333333334,950.04,2403,16.900000000000002,19.4
Nickeil Alexander-Walker,2020,590.8033333333333,336.28,1629638,22.8,20.8
Nicolas Batum,2009,1453.7716666666668,433.88,201587,15.9,15.9
Nikoloz Tskitishvili,2003,1319.9883333333332,505.6,2401,20.6,12.0
Noah Clowney,2024,369.85833333333335,121.2,1641730,18.5,17.3
Obi Toppin,2021,683.08,243.44,1630167,20.5,18.3
OG Anunoby,2018,1481.4616666666666,418.28,1628384,14.8,14.3
O.J. Mayo,2009,3120.3033333333333,1632.64,201564,20.3,25.4
Olivier-Maxence Prosper,2024,336.21166666666664,130.04,1641765,15.8,16.4
Omari Spellman,2019,804.5416666666666,294.8,1629016,17.7,15.3
Omri Casspi,2010,1931.0933333333328,846.56,201956,16.3,20.1
Onyeka Okongwu,2021,601.2083333333334,203.08,1630168,13.69999999999999,18.0
Orlando Johnson,2013,618.6566666666666,223.08,203111,15.4,17.0
Oso Ighodaro,2025,1045.545,248.0,1642345,10.5,11.8
Ousmane Dieng,2023,568.71,217.12,1631172,16.69999999999999,15.8
Paolo Banchero,2023,2429.7233333333334,1556.96,1631094,29.2,28.2
Patrick McCaw,2017,1073.995,297.28,1627775,12.5,12.3
Patrick Williams,2021,1983.3566666666663,681.0,1630172,13.900000000000002,15.8
Pau Gasol,2002,3001.866666666667,1497.88,2200,23.6,24.7
Paul Millsap,2007,1472.1466666666668,583.52,200794,17.7,19.7
Paul Zipser,2017,843.38,278.6,1627835,15.6,14.1
Payton Pritchard,2021,1267.5583333333334,490.8,1630202,18.0,19.3
Pelle Larsson,2025,781.9466666666667,253.84,1641796,14.4,15.7
P.J. Washington,2020,1758.9916666666666,741.84,1629023,19.1,19.9
Quentin Richardson,2001,1356.0533333333333,658.52,2047,22.8,23.4
Quincy Acy,2013,342.33666666666664,108.72,203112,9.9,17.8
Quincy Douby,2007,359.13666666666666,147.6,200763,20.200000000000003,16.0
Quincy Pondexter,2011,733.5716666666667,210.96,202347,12.8,13.8
Quinten Post,2025,685.7566666666667,318.88,1642366,19.6,23.7
Qyntel Woods,2003,334.9783333333333,149.8,2417,21.2,19.1
Rafael Araújo,2005,735.595,251.2,2737,15.1,13.3
Rajon Rondo,2007,1830.9383333333333,667.96,200765,18.6,14.0
Randy Foye,2007,1879.3333333333333,927.48,200751,20.3,22.8
Rashad McCants,2006,1362.243333333333,667.64,101119,20.1,24.1
Rashad Vaughn,2016,1000.6933333333334,300.6,1626173,16.900000000000002,10.8
Rasual Butler,2003,1515.2966666666666,694.76,2446,19.6,19.0
Rayan Rupert,2024,633.225,203.0,1641712,15.6,11.8
Raymond Felton,2006,2405.708333333333,1162.68,101109,21.5,19.8
Reed Sheppard,2025,654.3516666666667,283.04,1642263,17.8,16.1
Reggie Jackson,2012,500.7133333333333,207.76,202704,18.3,14.1
Renaldo Balkman,2007,1064.185,363.6,200764,12.3,16.2
Richard Jefferson,2002,1919.4233333333327,814.6,2210,19.5,19.9
Richaun Holmes,2016,702.0016666666667,286.56,1626158,18.4,19.4
RJ Barrett,2020,1704.4216666666666,962.76,1629628,22.8,22.4
Robin Lopez,2009,614.3333333333334,194.92,201577,16.6,15.0
Rodions Kurucs,2019,1293.75,566.48,1629066,14.2,18.7
Rodney Carney,2007,1169.09,473.28,200760,19.1,19.3
Rodrigue Beaubois,2010,699.9133333333333,375.88,201958,25.0,27.6
Royal Ivey,2005,813.5316666666666,285.48,2767,13.69999999999999,13.4
Rudy Gay,2007,2103.31,991.96,200752,24.8,20.0
Rui Hachimura,2020,1444.0316666666668,659.6,1629060,18.0,20.8
Russell Westbrook,2009,2668.035,1557.32,201566,25.0,23.5
Ryan Anderson,2009,1312.425,521.04,201583,23.3,19.2
Ryan Dunn,2025,1410.4166666666667,534.1600000000001,1642346,16.69999999999999,17.7
Ryan Gomes,2006,1376.235,475.56,101155,18.7,17.2
Ryan Kelly,2014,1311.8666666666666,477.4,203527,14.000000000000002,17.0
Saben Lee,2021,780.595,304.16,1630240,16.900000000000002,16.5
Saddiq Bey,2021,1909.0166666666669,815.6800000000001,1630180,20.9,21.6
Salim Stoudamire,2006,1236.0583333333334,622.4,101136,21.5,23.8
Sam Young,2010,1321.0466666666666,668.0,201970,17.0,22.2
Sandro Mamukelashvili,2022,407.00166666666667,139.68,1630572,17.7,18.0
Sasha Pavlović,2004,1136.5083333333334,479.96,2562,17.8,18.0
Scoot Henderson,2024,1765.3933333333334,1098.76,1630703,22.0,23.9
Scottie Barnes,2022,2617.2883333333334,1162.6,1630567,20.0,21.5
Sean May,2006,398.4316666666667,232.16,101118,22.89999999999999,23.4
Sean Williams,2008,1278.3083333333334,433.52,201157,13.3,16.3
Sebastian Telfair,2005,1330.14,613.52,2742,21.7,17.8
Sekou Doumbouya,2020,753.7266666666667,291.24,1629635,17.599999999999998,15.7
Semi Ojeleye,2018,1150.21,231.04,1628400,13.69999999999999,8.3
Sergio Rodríguez,2007,861.7866666666666,327.44,200771,19.5,14.8
Shabazz Napier,2015,1011.58,333.64,203894,19.6,13.5
Shaedon Sharpe,2023,1778.6033333333332,777.2,1631101,22.0,21.1
Shai Gilgeous-Alexander,2019,2173.9066666666668,942.8,1628983,23.5,19.0
Shane Battier,2002,3098.1,1240.52,2203,12.9,18.7
Shawne Williams,2007,556.22,192.8,200761,20.6,16.6
Shelden Williams,2007,1513.44,524.36,200749,16.400000000000002,15.3
Shelvin Mack,2012,779.48,293.96000000000004,202714,18.3,15.3
Sindarius Thornwell,2018,1155.88,324.72,1628414,10.5,11.6
Skal Labissière,2017,611.6383333333333,287.56,1627746,20.4,23.3
Stanley Johnson,2016,1687.0716666666667,758.88,1626169,14.4,17.2
Stephen Curry,2010,2896.213333333333,1474.0,201939,23.7,22.6
Stephon Castle,2025,2162.0216666666665,1316.36,1642264,26.0,26.0
Sterling Brown,2018,776.4466666666667,240.56,1628425,14.9,13.8
Steve Blake,2004,1387.243333333333,564.48,2581,16.5,16.1
Steven Hunter,2002,514.0466666666666,204.36,2212,13.5,18.0
Stromile Swift,2001,1313.22,465.04,2031,21.6,15.4
Svi Mykhailiuk,2019,440.13,169.8,1629004,16.5,13.9
Taj Gibson,2010,2203.5816666666665,820.0,201959,16.6,17.1
Tari Eason,2023,1767.22,824.8,1631106,18.8,20.2
Terance Mann,2020,362.12,108.88,1629611,14.4,12.4
Terence Morris,2002,1115.2966666666666,346.32,2242,15.0,12.0
Terrence Williams,2010,1763.5216666666668,838.36,201944,23.8,18.9
Terry Rozier,2016,311.325,129.4,1626179,16.69999999999999,11.0
Thaddeus Young,2008,1554.415,599.32,201152,20.200000000000003,20.0
Théo Maledon,2021,1777.7016666666666,814.4,1630177,20.1,17.2
Thomas Robinson,2013,1055.715,456.96,203080,19.1,16.0
Thon Maker,2017,562.1883333333334,219.56,1627748,14.7,20.6
Tidjane Salaün,2025,1244.3533333333332,444.36,1642275,15.2,13.9
Tim Hardaway Jr.,2014,1875.4783333333328,790.32,203501,22.89999999999999,22.2
Timothé Luwawu-Cabarrot,2017,1189.91,488.12,1627789,16.8,17.7
T.J. Ford,2004,1484.0883333333334,580.12,2551,,13.5
T.J. Leaf,2018,459.2433333333333,153.04,1628388,15.8,16.0
T.J. Warren,2015,614.13,249.36,203933,19.5,19.5
Tobias Harris,2012,479.015,223.76,202699,21.6,21.7
Tony Allen,2005,1254.4733333333334,530.88,2754,18.1,19.3
Tony Parker,2002,2271.1783333333333,860.4,2225,22.5,16.2
Toumani Camara,2024,1739.32,565.56,1641739,14.3,14.7
Trae Young,2019,2503.2816666666668,1746.16,1629027,33.900000000000006,28.1
Trayce Jackson-Davis,2024,1130.4516666666666,439.08,1631218,16.400000000000002,22.7
Tre Mann,2022,1366.925,695.08,1630544,20.0,21.8
Trenton Hassell,2002,2235.5783333333334,779.16,2239,11.1,15.9
Trevor Ariza,2005,1380.631666666667,538.56,2772,15.2,17.4
Trevor Booker,2011,1063.0916666666667,335.44,202344,15.5,16.4
Trey Burke,2014,2262.43,1077.72,203504,23.200000000000003,20.4
Trey Lyles,2016,1382.3933333333334,537.0799999999999,1626168,20.9,18.3
Tristan Da Silva,2025,1628.611666666667,566.72,1641783,15.2,16.2
Tristan Thompson,2012,1423.753333333333,607.48,202684,18.1,18.1
Troy Murphy,2002,1450.3916666666669,575.64,2211,16.400000000000002,16.6
Ty Jerome,2020,327.59,138.04000000000002,1629660,18.1,14.6
Ty Lawson,2010,1317.4366666666667,533.6,201951,19.0,20.1
Tyler Dorsey,2018,974.21,446.72,1628416,18.2,19.8
Tyler Ennis,2015,411.42333333333335,189.08,203898,16.8,14.5
Tyler Herro,2020,1508.08,762.0,1629639,22.5,23.5
Tyler Zeller,2013,2033.1783333333333,723.08,203092,16.8,15.4
Tyreke Evans,2010,2676.58,1585.6,201936,25.3,27.4
Tyrese Haliburton,2021,1745.6766666666667,735.64,1630169,18.4,20.2
Tyson Chandler,2002,1392.8166666666666,500.68,2199,18.1,15.9
Tyus Jones,2016,572.72,206.16,1626145,13.2,13.2
Victor Oladipo,2014,2486.4933333333333,1331.92,203506,24.9,22.2
Victor Wembanyama,2024,2106.235,1607.48,1641705,30.0,33.5
Vincent Yarbrough,2003,1379.2516666666668,536.28,2428,,15.2
Walker Kessler,2023,1703.2066666666667,541.96,1631117,12.7,18.9
Wayne Ellington,2010,1384.2416666666666,552.8,201961,16.900000000000002,17.7
Wendell Carter Jr.,2019,1109.8,485.28,1628976,16.2,19.9
Wes Iwundu,2018,1020.305,268.68,1628411,12.5,11.1
Wesley Johnson,2011,2069.37,817.48,202325,14.099999999999998,16.6
Will Barton,2013,893.77,397.6,203115,21.0,16.7
Willie Cauley-Stein,2016,1411.545,440.0,1626161,19.5,15.6
Willie Green,2004,767.5016666666667,451.64,2584,22.6,24.9
Xavier Henry,2011,527.4316666666666,195.88,202333,18.4,16.2
Yao Ming,2003,2381.893333333333,1141.24,2397,24.9,24.3
Yi Jianlian,2008,1646.6016666666667,673.8,201146,20.5,17.9
Yves Missi,2025,1955.79,663.76,1642274,14.3,16.3
Zaccharie Risacher,2025,1843.3866666666668,936.56,1642258,20.9,23.5
Zach Edey,2025,1415.765,576.88,1641744,16.399999999999988,19.8
Zach LaVine,2015,1901.7216666666664,947.88,203897,22.8,20.4
Zeke Nnaji,2021,397.2783333333333,117.6,1630192,14.6,16.0
Ziaire Williams,2022,1346.4666666666667,489.2,1630533,17.8,17.3
Zoran Planinić,2004,466.7433333333333,191.4,2565,21.899999999999988,17.2
Žarko Čabarkapa,2004,574.5916666666667,274.32,2560,21.4,17.8
Ace Bailey,2026,714.555,,1642846,19.1,20.5
Adou Thiero,2026,86.70333333333333,,1642876,12.7,11.1
Alijah Martin,2026,7.883333333333334,,1642918,5.3,0.0
Amari Williams,2026,30.946666666666665,,1642873,4.0,4.8
Asa Newell,2026,298.7033333333333,,1642854,16.9,22.4
Ben Saraf,2026,203.02166666666668,,1642879,19.5,15.8
Brooks Barnhizer,2026,152.98666666666668,,1642964,8.9,9.1
Carter Bryant,2026,206.95,,1642868,16.5,13.9
Cedric Coward,2026,895.2766666666666,,1642907,20.4,23.8
Chaz Lanier,2026,136.41,,1642404,13.6,15.8
Collin Murray-Boyles,2026,545.0666666666667,,1642867,16.0,17.6
Cooper Flagg,2026,1212.111666666667,,1642843,23.5,25.8
Danny Wolf,2026,369.8666666666667,,1642874,20.0,19.4
Derik Queen,2026,903.6083333333332,,1642852,22.5,24.4
Drake Powell,2026,436.76,,1642962,14.7,17.0
Dylan Harper,2026,540.4766666666667,,1642844,25.1,25.8
Hugo González,2026,429.82,,1642864,12.1,14.1
Jahmai Mashack,2026,20.86,,1642942,19.7,13.5
Jamir Watkins,2026,161.69333333333333,,1642364,9.4,12.0
Jase Richardson,2026,278.2416666666667,,1642859,19.3,22.9
Javon Small,2026,122.52,,1642914,17.3,15.0
Jeremiah Fears,2026,963.6,,1642847,25.0,25.5
Joan Beringer,2026,52.835,,1642866,13.8,16.3
Johni Broome,2026,39.745,,1641780,24.8,12.0
Kam Jones,2026,45.656666666666666,,1642880,15.8,20.3
Kasparas Jakučionis,2026,148.22,,1642857,13.4,13.7
Khaman Maluach,2026,74.93333333333334,,1642863,16.4,14.9
Kobe Sanders,2026,498.6016666666667,,1642920,15.3,15.9
Koby Brea,2026,7.816666666666666,,1642886,20.2,24.2
Kon Knueppel,2026,1125.595,,1642851,22.3,28.5
Lachlan Olbrich,2026,35.916666666666664,,1642950,9.3,2.6
Liam McNeeley,2026,301.3533333333333,,1642862,13.9,16.6
Maxime Raynaud,2026,616.39,,1642875,18.6,22.0
Micah Peavy,2026,446.32,,1642877,14.5,14.1
Mohamed Diawara,2026,143.30166666666668,,1642885,18.3,19.3
Nique Clifford,2026,579.0116666666667,,1642363,15.2,14.1
Noa Essengue,2026,6.033333333333333,,1642855,20.9,0.0
Noah Penda,2026,223.90166666666667,,1642869,16.5,17.7
Rasheer Fleming,2026,134.22833333333332,,1642853,18.3,17.7
Ryan Kalkbrenner,2026,665.0333333333333,,1641750,10.9,16.5
Sion James,2026,908.5766666666668,,1642883,10.6,12.3
Taelon Peter,2026,122.16833333333334,,1643007,15.7,12.9
Tre Johnson,2026,614.9166666666666,,1642848,20.7,24.5
Tyrese Proctor,2026,289.2866666666667,,1642878,20.4,20.6
VJ Edgecombe,2026,1031.2966666666666,,1642845,19.8,22.3
Will Richard,2026,604.5516666666666,,1642954,15.1,20.2
Will Riley,2026,339.59,,1642860,17.6,17.9
Yang Hansen,2026,152.05166666666668,,1642905,19.4,14.3
Yanic Konan Niederhäuser,2026,158.31666666666666,,1642949,15.2,19.0
