player,rookie_season,minutes,pts_per_100,poss_est,player_id,usg_pct
Aaron Gray,2008,612.9966666666667,86.02574205411085,304.56,201189.0,13.900000000000002
Aaron Nesmith,2021,668.7316666666667,102.19388711794488,213.32,1630174.0,16.400000000000002
Aaron Wiggins,2022,1208.75,97.10550887021476,428.4,1630598.0,14.3
Acie Law,2008,865.36,74.81217369158283,314.12,201151.0,15.7
Adam Morrison,2007,2325.83,79.853007767599,1148.36,200747.0,
Adem Bona,2025,904.55,113.46801346801348,297.0,1641737.0,14.3
Adreian Payne,2015,739.6383333333333,74.93667323388685,284.24,203940.0,17.5
AJ Griffin,2023,1401.435,107.2723609991942,595.68,1631100.0,16.69999999999999
A.J. Guyton,2001,628.5383333333333,88.42443729903538,223.92,2062.0,21.7
A.J. Price,2010,865.3116666666666,91.92825112107624,446.0,201985.0,22.3
Ajay Mitchell,2025,596.955,102.45183887915935,228.4,1642349.0,16.2
Al Horford,2008,2539.8866666666668,91.39689183773434,898.28,201143.0,16.5
Al Jefferson,2005,1044.215,96.07605177993528,494.4,2744.0,21.5
Al Thornton,2008,2157.6983333333333,89.2761965675301,1125.72,201154.0,22.5
Al-Farouq Aminu,2011,1451.835,81.40943423115291,561.36,202329.0,15.9
Alec Burks,2012,938.9033333333332,90.24887454344687,470.92,202692.0,19.6
Aleksej Pokusevski,2021,1089.915,69.84090736088909,525.48,1630197.0,19.5
Alex Sarr,2025,1814.2283333333328,85.6495170510546,1014.6,1642259.0,23.5
Alexander Johnson,2007,752.6716666666666,97.0438936996118,267.92,200792.0,17.7
Alperen Şengün,2022,1489.2933333333333,89.62801782198736,772.08,1630578.0,21.1
Amar'e Stoudemire,2003,2569.938333333333,89.77564206630085,1231.96,2405.0,27.3
Amen Thompson,2024,1388.5316666666668,97.9808010592519,604.2,1641708.0,17.2
Anderson Varejão,2005,868.7616666666667,96.76949941792782,274.88,2760.0,13.3
Andre Iguodala,2005,2680.843333333333,95.31772575250837,777.4,2738.0,14.499999999999998
Andre Jackson Jr.,2024,572.3283333333334,94.09816320385426,132.84,1641748.0,11.5
Andre Roberson,2014,399.04333333333335,82.05689277899343,91.4,203460.0,8.799999999999999
Andrea Bargnani,2007,1629.45,94.5272379417984,794.48,200745.0,22.3
Andrew Bogut,2006,2348.13,94.076142878142,816.36,101106.0,17.2
Andrew Nembhard,2023,2073.5316666666668,88.92735300020068,797.28,1629614.0,16.1
Andrew Nicholson,2013,1249.4083333333333,96.80717725443633,606.36,203094.0,19.1
Andrew Wiggins,2015,2968.7966666666666,91.30766800084264,1519.04,203952.0,26.700000000000003
Andris Biedriņš,2005,382.305,101.3011152416357,107.6,2740.0,11.0
Anthony Bennett,2014,662.6383333333333,71.76875248048684,302.36,203461.0,17.2
Anthony Davis,2013,1845.9516666666664,100.34722222222224,864.0,203076.0,25.0
Anthony Edwards,2021,2314.1666666666665,93.3802023237717,1490.68,1630162.0,26.200000000000003
Anthony Randolph,2009,1129.1266666666668,87.07943599050678,573.04,201576.0,23.3
Antoine Wright,2006,370.1666666666667,62.67908309455587,111.68,101120.0,13.1
Archie Goodwin,2014,532.88,82.48299319727892,235.2,203462.0,22.5
Arron Afflalo,2008,970.3366666666668,88.10010214504597,313.28,201167.0,13.69999999999999
Ausar Thompson,2024,1582.805,90.20702187033552,616.36,1641709.0,18.5
Austin Rivers,2013,1417.55,73.70190803878637,511.52,203085.0,20.9
Ayo Dosunmu,2022,2109.641666666667,100.24803637866886,677.32,1630245.0,14.499999999999998
Bam Adebayo,2018,1368.185,98.39920785543362,484.76,1628389.0,15.7
Baylor Scheierman,2025,383.8883333333333,88.7806411062225,127.28,1631248.0,14.499999999999998
Ben Gordon,2005,2013.0933333333328,90.7554379776602,1360.8,2732.0,25.8
Ben McLemore,2014,2186.9066666666668,85.92705747565401,837.92,203463.0,17.0
Ben Sheppard,2024,814.26,98.65330410272472,255.44,1641767.0,10.8
Bennedict Mathurin,2023,2222.38,99.94166231692714,1302.76,1631097.0,22.6
Beno Udrih,2005,1155.2,93.05357989568516,506.16,2757.0,24.2
Bilal Coulibaly,2024,1715.25,92.25860155382908,576.64,1641731.0,17.5
Bismack Biyombo,2012,1455.22,79.3843464750437,411.92,202687.0,10.099999999999987
Blake Wesley,2023,669.055,61.46445750935328,299.36,1631104.0,14.4
Bobby Jones,2007,335.48833333333334,85.2448853068816,129.04,200784.0,15.9
Bobby Portis,2016,1102.08,84.0012330456227,519.04,1626171.0,19.0
Bobby Simmons,2002,339.69666666666666,91.6530278232406,122.2,2250.0,16.0
Bones Hyland,2022,1309.8583333333331,98.03370786516854,712.0,1630538.0,27.1
Boris Diaw,2004,1915.235,71.26187697949658,479.92,2564.0,15.3
Bradley Beal,2013,1744.5716666666667,92.0940776423916,846.96,203078.0,24.0
Brandan Wright,2008,375.69666666666666,105.890603085554,142.6,201148.0,18.899999999999988
Brandin Podziemski,2024,1968.253333333333,94.75380682449706,719.76,1641764.0,17.7
Brandon Clarke,2020,1300.02,120.0109724317652,583.28,1629634.0,16.69999999999999
Brandon Ingram,2017,2279.2616666666668,82.57454026066775,896.16,1627742.0,21.8
Brandon Jennings,2010,2670.721666666667,82.67583261724344,1536.12,201943.0,24.6
Brandon Knight,2012,2128.495,84.67629063862118,1000.28,202688.0,22.3
Brandon Miller,2024,2382.963333333333,99.06128012888036,1291.12,1641706.0,27.0
Brandon Roy,2007,2014.506666666667,96.75393094504784,987.04,200750.0,24.7
Brandon Rush,2009,1802.895,89.83270499528747,679.04,201575.0,14.7
Brian Cook,2004,437.77166666666665,91.00516674495069,170.32,2567.0,19.0
Brook Lopez,2009,2501.401666666666,98.29909432295118,1086.48,201572.0,23.3
Bruce Brown,2019,1449.3166666666666,82.55693581780538,386.4,1628971.0,15.9
Bryce McGowens,2023,786.9966666666667,87.79443254817987,280.2,1631121.0,14.7
Bub Carrington,2025,2457.79,87.11139896373057,926.4,1642267.0,15.8
Buddy Hield,2017,1888.1833333333332,96.06851260205892,901.44,1627741.0,23.6
Cade Cunningham,2022,2088.055,83.20138619185612,1338.92,1630595.0,28.7
Caleb Houstan,2023,812.19,92.82416313966912,207.92,1631216.0,12.2
Cam Reddish,2020,1550.745,86.47085506917668,705.44,1629629.0,18.3
Cam Thomas,2022,1176.06,94.33962264150942,604.2,1630560.0,26.8
Cam Whitmore,2024,880.3333333333334,102.97360745536032,562.28,1641715.0,23.1
Cameron Payne,2016,697.6133333333333,85.09742602838585,332.56,1626166.0,21.2
Carlos Boozer,2003,2047.9583333333333,100.5611560808462,805.48,2430.0,19.6
Carmelo Anthony,2004,2991.2316666666666,88.78023674729799,1943.0,2546.0,28.6
Caron Butler,2003,2855.651666666666,86.46508279337652,1389.0,2406.0,18.3
Cason Wallace,2024,1691.9216666666666,111.4687649022413,503.28,1641717.0,12.4
Chandler Hutchison,2019,894.615,91.33694958519465,250.72,1628990.0,18.3
Chandler Parsons,2012,1804.365,90.16738921001928,664.32,202718.0,18.2
Channing Frye,2006,1572.355,95.731474407945,837.76,101112.0,19.89999999999999
Charles Jenkins,2012,892.8933333333333,80.67144719687091,368.16,202724.0,14.499999999999998
Charlie Villanueva,2006,2361.0066666666667,94.9161709031909,1109.4,101111.0,21.5
Chase Budinger,2010,1488.2883333333334,100.87827048274168,651.28,201978.0,19.5
Chris Bosh,2004,2516.485,91.04174597132344,945.72,2547.0,21.7
Chris Duarte,2022,1540.8266666666666,94.70195191245332,760.28,1630537.0,18.1
Chris Duhon,2005,2171.7633333333333,76.51458019105078,636.48,2768.0,14.9
Chris Kaman,2004,1850.2966666666664,76.47743992153016,652.48,2549.0,18.5
Chris Paul,2006,2808.475,94.26045257005843,1334.6,101108.0,22.3
Chris Singleton,2012,1430.7383333333332,82.84600389863547,369.36,202698.0,15.4
CJ McCollum,2014,475.74,88.17336374802596,227.96,203468.0,19.8
Coby White,2020,1674.0,89.6884396926161,957.76,1629632.0,21.899999999999988
Cody Martin,2020,902.695,85.12160228898426,279.6,1628998.0,12.3
Cody Zeller,2014,1416.6816666666666,84.62867012089811,579.0,203469.0,15.3
Collin Sexton,2019,2605.023333333333,91.205428419372,1503.2,1629012.0,26.4
Corey Brewer,2008,1802.585,73.62848893166506,623.4,201147.0,15.9
Corey Kispert,2022,1801.0583333333334,107.22500338249222,591.28,1630557.0,13.900000000000002
Courtney Alexander,2001,1373.9116666666666,86.5546218487395,714.0,2042.0,20.1
Courtney Lee,2009,1938.745,99.32960206654776,650.36,201584.0,17.4
Craig Smith,2007,1536.565,98.24833559563054,618.84,200783.0,20.200000000000003
D'Angelo Russell,2016,2259.08,85.30268695370671,1235.6,1626156.0,26.4
Daequan Cook,2008,1440.675,86.03507839489768,602.08,201161.0,17.9
Dajuan Wagner,2003,1384.9083333333333,82.71962125197265,760.4,2402.0,23.0
Dalton Knecht,2025,1493.795,111.89298846202612,630.96,1642261.0,18.5
Damian Lillard,2013,3166.87,93.40764483566952,1672.24,203081.0,24.4
Dan Gadzuric,2003,759.3583333333333,85.94385679414158,196.64,2429.0,15.6
Daniel Ewing,2006,971.1533333333332,75.84878401155791,332.24,101137.0,15.2
Daniel Gafford,2020,609.0533333333333,116.15628299894404,189.4,1629655.0,16.1
Danny Granger,2006,1765.335,94.20336371806394,623.12,101122.0,17.8
Dante Exum,2015,1817.05,71.70486060429135,548.0799999999999,203957.0,
Darius Garland,2020,1823.9683333333328,82.56963977860448,881.68,1629636.0,24.5
Darius Miles,2001,2139.1633333333334,86.30857868711155,881.72,2032.0,18.3
Darius Miller,2013,694.0,87.71929824561404,134.51999999999998,203121.0,12.5
Darrell Arthur,2009,1464.1783333333333,82.842559874362,509.4,201589.0,16.8
Darren Collison,2010,2109.1316666666667,88.6132863726629,1067.56,201954.0,21.2
Darrun Hilliard,2016,383.01666666666665,90.69212410501194,167.6,1626199.0,19.1
David Harrison,2005,759.9083333333333,95.2930984695351,277.04,2758.0,19.8
David Roddy,2023,1258.5016666666668,92.16772151898734,505.6,1631223.0,17.7
David West,2004,929.0383333333332,87.72493573264782,311.2,2561.0,19.1
Davion Mitchell,2022,2075.825,86.58487530168946,994.4,1630558.0,14.000000000000002
Day'Ron Sharpe,2022,390.67,100.4872107186358,197.04,1630549.0,17.29999999999999
De'Aaron Fox,2018,2025.53,79.93938245879902,1055.8,1628368.0,23.8
De'Andre Hunter,2020,2017.935,91.59837995667326,849.36,1629631.0,19.399999999999988
De'Anthony Melton,2019,983.89,72.81836187813118,343.32,1629001.0,18.5
Deandre Ayton,2019,2182.688333333333,107.39834686237444,1079.16,1629028.0,23.1
DeAndre Jordan,2009,771.3916666666667,96.62654687235124,235.96,201599.0,14.499999999999998
DeAndre' Bembry,2017,370.74,83.44348975545275,121.04,1627761.0,17.9
DeJuan Blair,2010,1494.3166666666666,94.12250678626224,677.84,201971.0,19.3
DeMar DeRozan,2010,1663.6416666666669,100.40038825527785,659.36,201942.0,23.0
DeMarcus Cousins,2011,2309.4266666666667,78.88852078847108,1448.88,202326.0,28.6
Dennis Smith Jr.,2018,2049.105,80.43471586897122,1302.92,1628372.0,24.2
Dereck Lively II,2024,1294.2816666666668,126.55906089508436,381.64,1641726.0,13.2
DerMarr Johnson,2001,1309.915,76.15868631062001,521.28,2035.0,17.599999999999998
Deron Williams,2006,2306.633333333333,85.59540320982762,1009.4,101114.0,22.1
Derrick Brown,2010,535.4066666666666,94.09146094698502,197.68,201974.0,14.8
Derrick Favors,2011,1535.7216666666666,93.6533595726736,569.12,202324.0,20.0
Derrick Rose,2009,3000.048333333333,89.53947368421052,1520.0,201565.0,26.8
Derrick Williams,2012,1417.685,88.22639225181598,660.8,202682.0,23.39999999999999
Desmond Bane,2021,1518.965,107.84043067154394,579.56,1630217.0,22.6
Desmond Mason,2001,1523.5283333333334,87.02353206525825,532.04,2046.0,18.5
Devin Booker,2016,2107.665,91.9588642027307,1139.64,1626164.0,28.000000000000004
Devin Harris,2005,1176.67,88.38076704775806,493.32,2734.0,21.1
Dillon Brooks,2018,2349.8316666666665,92.66903327004046,969.04,1628415.0,20.7
Dion Waiters,2013,1756.305,86.81971798158723,1029.72,203079.0,26.4
D.J. Augustin,2009,1907.9333333333332,100.88781275221952,842.52,201571.0,17.2
Domantas Sabonis,2017,1631.4883333333332,80.71038619667048,593.48,1627734.0,21.4
Donovan Clingan,2025,1323.6433333333334,96.51142199397913,451.76,1642270.0,14.2
Donovan Mitchell,2018,2638.11,94.63131265810924,1707.68,1628378.0,30.9
Doron Lamb,2013,577.7783333333333,75.50500098058443,203.96,203117.0,13.1
Drew Gooden,2003,1875.57,85.76077155290704,1020.28,2400.0,22.399999999999988
Dwayne Bacon,2018,712.9983333333333,77.43362831858407,226.0,1628407.0,16.69999999999999
Dwight Howard,2005,2678.443333333333,95.82698394092134,1023.72,2730.0,21.1
Dwyane Wade,2004,2135.85,87.59988685382929,1131.28,2548.0,30.2
Earl Clark,2010,383.39,73.74631268436578,189.84,201947.0,19.399999999999988
Ed Davis,2011,1601.753333333333,104.96103243107348,477.32,202334.0,13.3
Eddie Griffin,2002,1895.4766666666667,85.5042352565127,750.84,2204.0,19.3
Eddie House,2001,544.805,84.3981170141224,297.4,2067.0,23.3
Ekpe Udoh,2011,1029.513333333333,79.15213308290852,298.16,202327.0,13.900000000000002
Elfrid Payton,2015,2488.6666666666665,72.72474033984639,1005.16,203901.0,19.8
Elie Okobo,2019,958.19,80.06742520016856,379.68,1629059.0,14.7
Emeka Okafor,2005,2599.63,86.40102586557407,1278.92,2731.0,21.6
Emmanuel Mudiay,2016,2067.8866666666668,71.83103232396455,1213.96,1626144.0,22.2
Enes Freedom,2012,874.435,90.42236763831052,336.2,202683.0,20.6
Eric Bledsoe,2011,1840.5333333333333,73.52542923685209,738.52,202339.0,19.1
Eric Gordon,2009,2676.651666666666,102.70713699753895,1219.0,201569.0,21.0
Eric Maynor,2010,1269.493333333333,78.81488817364034,484.68,201953.0,16.400000000000002
Eric Paschall,2020,1653.795,101.17493472584856,827.28,1629672.0,23.39999999999999
Evan Mobley,2022,2331.036666666667,96.28636346705404,1073.88,1630596.0,19.89999999999999
Evan Turner,2011,1797.4016666666666,85.09036144578313,664.0,202323.0,19.69999999999999
Francisco García,2006,1301.22,84.82584825848258,444.44,101128.0,15.4
Frank Kaminsky,2016,1707.5733333333333,93.50120348083688,648.12,1626163.0,21.6
Frank Mason III,2018,983.9933333333332,83.33333333333333,495.6,1628412.0,21.3
Frank Ntilikina,2018,1705.6483333333333,70.05386431035527,660.92,1628373.0,16.3
Franz Wagner,2022,2429.0466666666666,100.55781444268962,1190.36,1630532.0,23.0
Gerald Wallace,2002,431.7166666666666,79.63542625667465,217.24,2222.0,19.5
Giannis Antetokounmpo,2014,1896.8083333333332,83.48174532502226,628.88,203507.0,19.3
Goga Bitadze,2020,471.2916666666667,89.34136713068771,192.52,1629048.0,16.900000000000002
Grant Williams,2020,1043.2233333333334,83.22798145806996,284.76,1629684.0,12.0
Grayson Allen,2019,416.29333333333335,88.87952822240943,237.4,1628960.0,17.1
Greg Monroe,2011,2221.863333333333,102.38302977423928,733.52,202328.0,23.200000000000003
Hamidou Diallo,2019,526.28,88.80164516732098,213.96,1628977.0,17.29999999999999
Harrison Barnes,2013,2057.5316666666668,92.05020920502092,812.6,203084.0,16.6
Hasheem Thabeet,2010,883.2966666666666,96.78019728270984,214.92,201934.0,8.6
Herbert Jones,2022,2335.1833333333334,99.23500775691434,747.72,1630529.0,14.4
Hilton Armstrong,2007,634.2066666666667,92.88579269579904,189.48,200756.0,14.8
Ike Diogu,2006,1031.4083333333333,100.01646361540996,485.92,101113.0,22.5
Iman Shumpert,2012,1705.4666666666667,81.24567074578619,692.96,202697.0,15.5
Isaac Okoro,2021,2173.235,90.4660542236164,714.08,1630171.0,12.3
Isaiah Collier,2025,1839.1066666666663,74.02860031778131,830.76,1642268.0,18.899999999999988
Isaiah Jackson,2022,541.045,104.31300927226748,284.72,1630543.0,16.5
Isaiah Joe,2021,382.8233333333333,98.99068322981368,154.56,1630198.0,14.4
Isaiah Livers,2022,383.25666666666666,108.85210507376756,111.16,1630587.0,11.69999999999999
Isaiah Stewart,2021,1454.8283333333334,103.97304832713756,516.48,1630191.0,14.4
Isaiah Thomas,2012,1655.44,98.8909426987061,757.4,202738.0,22.399999999999988
Isaiah Whitehead,2017,1643.4716666666666,77.60246955925227,699.72,1627785.0,27.39999999999999
Ivan Rabb,2018,515.61,99.0928810885427,202.84,1628397.0,16.6
Ivica Zubac,2017,608.515,98.0798452824976,289.56,1627826.0,17.2
Ja Morant,2020,2074.3233333333333,92.30031256769722,1292.52,1629630.0,26.700000000000003
Ja'Kobe Walter,2025,1103.235,93.6353019686353,479.52,1642266.0,18.2
Jabari Smith Jr.,2023,2450.5466666666666,92.94706618567328,1086.64,1631095.0,17.4
Jackson Vroman,2005,706.105,71.62162162162163,296.0,2761.0,12.1
Jaden Hardy,2023,708.39,101.50812064965196,413.76,1630702.0,23.8
Jaden Ivey,2023,2304.3166666666666,87.45932124593212,1376.64,1631093.0,24.4
Jaden McDaniels,2021,1510.7833333333333,98.43245735361916,433.8,1630183.0,14.9
Jae Crowder,2013,1353.165,87.47656877622066,448.12,203109.0,12.8
Jahlil Okafor,2016,1590.565,93.70329981017004,990.36,1626143.0,24.4
Jaime Jaquez Jr.,2024,2113.195,100.56561085972852,884.0,1631170.0,19.399999999999988
Jake LaRavia,2023,414.2866666666667,89.77428180574556,116.96,1631222.0,20.1
Jalen Brunson,2019,1591.2583333333334,96.0612071408331,705.8,1628973.0,19.89999999999999
Jalen Duren,2023,1670.145,109.46555054732777,559.0799999999999,1631105.0,18.1
Jalen Green,2022,2137.7233333333334,96.99540592200128,1192.84,1630224.0,27.39999999999999
Jalen Suggs,2022,1306.6533333333334,73.94587791063562,762.72,1630591.0,19.6
Jalen Williams,2023,2275.5916666666667,105.49029009829778,1001.04,1631114.0,23.200000000000003
Jamaal Tinsley,2002,2443.415,67.54569002734206,1111.84,2224.0,15.7
Jamal Crawford,2001,1046.621666666667,69.80889196950193,403.96,2037.0,21.4
Jamal Murray,2017,1764.6433333333334,90.53360125027908,895.8,1627750.0,22.3
Jamal Shead,2025,1466.825,81.82878899533284,651.36,1642347.0,18.6
Jameer Nelson,2005,1614.9766666666667,86.98616301383699,792.08,2749.0,24.4
James Bouknight,2022,304.4766666666667,83.70667295449188,169.64,1630547.0,19.2
James Harden,2010,1738.36,95.3647416413374,789.6,201935.0,19.3
James Johnson,2010,757.1766666666666,84.5442536327609,302.8,201949.0,18.0
Jan Veselý,2012,1077.5583333333334,87.46069182389938,305.28,202686.0,12.1
Jarace Walker,2024,340.42333333333335,91.63103237629812,130.95999999999998,1641716.0,16.5
Jared Dudley,2008,1383.8166666666666,93.79445234708392,449.92,201162.0,14.000000000000002
Jared McCain,2025,591.7916666666666,104.8742700512454,335.64,1642272.0,24.7
Jarell Martin,2016,379.54,94.28148878481636,162.28,1626185.0,15.6
Jaren Jackson Jr.,2019,1514.6883333333333,103.14341846758349,773.6800000000001,1628991.0,23.8
Jarrett Allen,2018,1441.115,107.96792230723952,543.6800000000001,1628386.0,15.8
Jarrett Culver,2020,1505.6066666666666,82.68232879055711,701.48,1629633.0,17.9
Jarrett Jack,2006,1598.8116666666667,87.60826115922718,600.4,101127.0,17.5
Jarron Collins,2002,1444.6616666666666,94.01637974260404,478.64,2260.0,14.000000000000002
Jarvis Hayes,2004,2043.9633333333331,79.3519784936094,848.12,2553.0,17.7
Jason Collins,2002,1403.1083333333331,82.90695470911503,422.16,2215.0,12.4
Jason Richardson,2002,2627.845,85.7419547079857,1342.4,2202.0,22.5
Jason Thompson,2009,2302.8766666666666,92.02702156061648,988.84,201574.0,19.5
JaVale McGee,2009,1142.5916666666667,94.16884917578186,519.28,201580.0,19.0
Javaris Crittenton,2008,678.16,83.29338446788111,333.76,201159.0,15.2
Jaxson Hayes,2020,1079.715,119.31243680485338,395.6,1629637.0,15.6
Jay Williams,2003,1961.19,77.03595011005136,926.84,2398.0,
Jaylen Brown,2017,1341.3266666666666,94.57176436021744,544.56,1627759.0,20.8
Jaylen Wells,2025,2043.4816666666663,102.31228244654402,804.4,1642377.0,15.9
Jaylin Williams,2023,914.1583333333332,97.70660876645408,294.76,1631119.0,13.3
Jaylon Tyson,2025,452.96,89.99784436300926,185.56,1642281.0,17.4
Jayson Tatum,2018,2442.911666666667,104.65685351805142,1062.52,1628369.0,21.8
Jeff Green,2008,2253.0666666666666,82.82924129205709,1011.72,201145.0,20.9
Jeff Teague,2010,718.4983333333333,76.36655948553054,298.56,201952.0,19.3
Jerami Grant,2015,1376.5483333333334,78.747700797057,521.9200000000001,203924.0,17.9
Jeremiah Robinson-Earl,2022,1087.1083333333331,94.63233012721068,386.76,1630526.0,14.3
Jeremy Sochan,2023,1457.7,87.70927375578539,700.04,1631110.0,18.7
Jerian Grant,2016,1264.7733333333333,80.0571299706833,532.12,1626170.0,15.9
Jericho Sims,2022,555.0433333333333,103.7344398340249,86.76,1630579.0,7.39999999999999
Jermaine Taylor,2010,302.6983333333333,80.88978766430738,158.24,201966.0,22.0
Jerome Robinson,2019,320.52,88.21676118462508,126.96,1629010.0,15.5
Jevon Carter,2019,576.5016666666667,74.11237504308859,232.08,1628975.0,12.7
Jimmer Fredette,2012,1134.66,86.49741631094136,534.12,202690.0,22.89999999999999
Joakim Noah,2008,1533.715,90.1433426924782,541.36,201149.0,12.1
Joe Johnson,2002,1916.736666666667,85.65278924401461,678.32,2207.0,18.899999999999988
Joey Graham,2006,1580.6016666666667,94.41649542974562,564.52,101121.0,16.8
John Collins,2018,1784.62,106.17074770441626,731.84,1628381.0,23.0
John Wall,2011,2606.055,80.44554455445544,1405.92,202322.0,24.3
Johnny Davis,2023,422.575,81.54892935761457,199.88,1631098.0,11.69999999999999
Jon Brockman,2010,653.6566666666666,95.90292275574112,153.28,201972.0,9.5
Jonas Jerebko,2010,2232.2,97.1879754472483,762.44,201973.0,
Jonny Flynn,2010,2339.4166666666665,83.90857493480596,1303.8,201938.0,18.6
Jordan Bell,2018,808.9133333333333,102.6002506265664,255.36,1628395.0,13.3
Jordan Clarkson,2015,1475.8233333333333,92.31536926147704,761.52,203903.0,22.5
Jordan Hill,2010,624.0983333333334,93.51525371761458,260.92,201941.0,17.29999999999999
Jordan Poole,2020,1273.89,80.0496530651219,628.36,1629673.0,24.6
Josh Childress,2005,2371.7716666666665,94.9814038887058,849.64,2735.0,13.69999999999999
Josh Christopher,2022,1333.7416666666666,88.440908816971,663.72,1630528.0,21.5
Josh Giddey,2022,1700.3516666666667,76.96172467342652,875.76,1630581.0,23.9
Josh Green,2021,444.63166666666666,84.08258408258408,120.12,1630182.0,13.0
Josh Hart,2018,1460.5216666666668,107.04419889502762,463.36,1628404.0,13.0
Josh Howard,2004,1586.435,87.15818832231855,659.72,2572.0,18.2
Josh Jackson,2018,1959.2183333333328,84.27995602784902,1200.76,1628367.0,23.39999999999999
Josh Okogie,2019,1757.17,88.74634115961886,642.28,1629006.0,14.8
Josh Smith,2005,2049.9416666666666,84.98953974895397,841.28,2746.0,18.7
J.R. Smith,2005,1863.5216666666668,84.28177271943439,927.84,2747.0,21.5
Jrue Holiday,2010,1766.7616666666668,82.23131233889947,713.84,201950.0,20.4
Julian Phillips,2024,322.55,93.33053691275168,95.36,1641763.0,12.6
Julian Wright,2008,640.0766666666667,98.72498671861166,225.88,201153.0,17.8
Justin Anderson,2016,646.8766666666667,93.1899641577061,223.2,1626147.0,20.200000000000003
Justin Jackson,2018,1506.2583333333334,95.40055597675008,474.84,1628382.0,14.099999999999998
Justin Jackson,2019,1613.25,106.23952183103724,548.76,1628382.0,15.0
Justise Winslow,2016,2232.135,82.50065737575598,608.48,1626159.0,19.8
Jusuf Nurkić,2015,1103.2583333333334,80.82264551870685,527.0799999999999,203994.0,26.6
Kareem Rush,2003,874.7516666666667,71.58173562058526,317.12,2416.0,18.0
Karl-Anthony Towns,2016,2626.485,103.15717227179135,1457.0,1626157.0,27.1
Kawhi Leonard,2012,1534.3966666666668,104.16666666666666,486.72,202695.0,16.400000000000002
Keegan Murray,2023,2381.673333333333,111.2073287452714,877.64,1631099.0,17.8
Keita Bates-Diop,2019,503.37666666666667,89.71007604562737,168.32,1628966.0,15.6
Keith Bogans,2004,1786.045,86.71124111993315,574.3199999999999,2586.0,21.3
Kel'el Ware,2025,1422.486666666667,108.08748728382504,550.48,1642276.0,17.2
Kelly Olynyk,2014,1399.955,91.73618667633902,661.68,203482.0,20.6
Kemba Walker,2012,1792.0466666666666,81.55391336300167,979.72,202689.0,25.0
Kenny Satterfield,2002,559.8583333333333,69.42403761387011,272.24,2261.0,20.6
Kentavious Caldwell-Pope,2014,1582.513333333333,91.29049801880196,514.8399999999999,203484.0,19.0
Kenyon Martin,2001,2273.3233333333333,81.44235002201144,999.48,2030.0,22.0
Keon Johnson,2022,696.2466666666667,78.42791681353542,340.44,1630553.0,23.7
Kessler Edwards,2022,987.195,89.48827829594151,317.36,1630556.0,11.9
Kevin Durant,2008,2767.968333333333,90.4674896385757,1795.12,201142.0,27.700000000000003
Kevin Huerter,2019,2048.53,91.95082464838612,790.64,1628989.0,16.900000000000002
Kevin Love,2009,2047.7016666666664,94.25060806843916,953.84,201567.0,21.6
Kevin Porter Jr.,2020,1161.72,89.17699305207363,558.44,1629645.0,24.7
Kevin Séraphin,2011,634.6283333333333,75.99684168969601,202.64,202338.0,18.1
Keyonte George,2024,2022.5766666666664,88.45539087474572,1101.12,1641718.0,23.7
Kira Lewis Jr.,2021,904.4433333333334,87.17974786498577,393.44,1630184.0,20.9
Kirk Hinrich,2004,2709.268333333333,83.11230607128583,1100.92,2550.0,22.1
K.J. McDaniels,2015,1351.895,81.50354799839336,597.52,203909.0,17.9
Klay Thompson,2012,1607.665,95.9305026479606,861.04,202691.0,21.6
Kris Dunn,2017,1333.0,68.46434246191234,427.96,1627739.0,24.5
Kris Humphries,2005,869.0166666666667,72.50156478197371,383.44,2743.0,18.7
Kris Murray,2024,1348.2716666666668,84.37303653172965,445.64,1631200.0,13.3
Kristaps Porziņģis,2016,2046.4616666666664,92.39618910659716,1112.6,204001.0,24.0
Kyle Anderson,2015,358.08,70.3689615823507,105.16,203937.0,14.3
Kyle Filipowski,2025,1521.54,101.03672465296084,682.92,1642271.0,18.7
Kyle Kuzma,2018,2400.905,97.75524981897176,1270.52,1628398.0,23.3
Kyle O'Quinn,2013,637.9166666666666,91.41055949566588,253.8,203124.0,18.1
Kyrie Irving,2012,1557.8516666666667,95.04248721356367,993.24,202681.0,29.2
Kyshawn George,2025,1802.1833333333332,86.26739969587086,683.92,1642273.0,15.9
LaMarcus Aldridge,2007,1391.756666666667,98.67272092210968,572.6,200746.0,25.2
LaMelo Ball,2021,1468.5733333333333,90.26528776978417,889.6,1630163.0,27.1
Landry Fields,2011,2541.3283333333334,103.01416606348876,773.6800000000001,202361.0,15.7
Landry Shamet,2019,1801.8933333333332,112.30013065389164,642.92,1629013.0,13.2
Larry Sanders,2011,872.1616666666666,79.26829268292683,328.0,202336.0,16.69999999999999
Lauri Markkanen,2018,2020.02,101.46949039330478,1018.04,1628374.0,24.5
Leandro Barbosa,2004,1500.565,89.16412684002336,616.8399999999999,2571.0,18.4
LeBron James,2004,3126.865,84.07034665040155,1967.4,2544.0,29.2
Leon Powe,2007,719.8016666666666,91.87082405345213,287.36,200796.0,21.8
Lonny Baxter,2003,683.6466666666666,88.12054352213104,297.32,2437.0,16.8
Lonzo Ball,2018,1780.0566666666666,72.20611563918823,731.24,1628366.0,16.69999999999999
Loren Woods,2002,515.7033333333334,69.44444444444444,158.4,2254.0,13.6
Luc Mbah a Moute,2009,2113.6916666666666,87.93746669035352,675.48,201601.0,12.0
Luka Dončić,2019,2317.74,92.68707482993196,1646.4,1629029.0,35.5
Luke Kennard,2018,1462.7733333333333,98.33638798815733,567.44,1628379.0,17.9
Luke Walton,2004,717.955,80.42151968940654,216.36,2575.0,14.8
Luol Deng,2005,1661.07,85.22318646018124,834.28,2736.0,20.200000000000003
Luther Head,2006,2309.971666666667,88.03167646179898,803.12,101129.0,17.9
Malachi Flynn,2021,927.545,86.59601609263076,407.64,1630201.0,15.7
Malaki Branham,2023,1549.5966666666666,93.75870716076902,717.8,1631103.0,19.2
Malcolm Brogdon,2017,1982.39,95.46450263865378,803.44,1627763.0,18.899999999999988
Malik Monk,2018,853.505,85.7923051842191,490.72,1628370.0,23.6
Marcus Banks,2004,1377.5166666666669,76.84426229508198,624.64,2556.0,16.6
Marcus Fizer,2001,1581.3533333333332,81.2282955140098,840.84,2033.0,25.7
Marcus Sasser,2024,1351.11,92.86257606490872,631.04,1631204.0,18.7
Marcus Smart,2015,1808.2266666666667,83.96480863087594,622.88,203935.0,16.8
Marcus Thornton,2010,1871.5966666666664,101.94043669469949,1036.88,201977.0,24.1
Marcus Thornton,2016,1108.0783333333334,93.98496240601504,627.76,201977.0,18.3
Mardy Collins,2007,777.0866666666667,73.19048212283543,321.08,200776.0,17.1
Mario Chalmers,2009,2625.843333333333,89.70085095183788,911.92,201596.0,16.0
Mario Hezonja,2016,1412.8533333333332,88.72225109510728,538.76,1626209.0,18.7
MarJon Beauchamp,2023,701.3816666666667,87.41948205600106,304.28,1630699.0,14.099999999999998
Mark Madsen,2001,636.8783333333333,87.66316867161505,156.28,2058.0,12.4
Mark Williams,2023,827.975,115.97938144329896,333.68,1631109.0,16.2
Markel Brown,2015,781.4166666666666,82.41758241758241,262.08000000000004,203900.0,18.3
Marquese Chriss,2017,1743.36,91.8696012883705,819.64,1627737.0,17.599999999999998
Marquis Teague,2013,391.9216666666667,63.85448916408668,155.04000000000002,203104.0,17.599999999999998
Marreese Speights,2009,1262.4233333333334,100.3167898627244,606.08,201578.0,24.9
MarShon Brooks,2012,1648.3066666666666,86.01418991155603,823.12,202705.0,21.7
Marvin Bagley III,2019,1567.495,100.4046645200592,919.28,1628963.0,24.8
Marvin Williams,2006,1952.2616666666668,92.64876192577069,725.32,101107.0,19.69999999999999
Matas Buzelis,2025,1511.295,101.69691952935612,676.52,1641824.0,18.7
Matisse Thybulle,2020,1287.4316666666666,91.30643036762064,334.04,1629680.0,9.0
Maurice Harkless,2013,1973.605,90.6690651656705,689.32,203090.0,14.499999999999998
Max Christie,2023,512.425,101.55506188511583,126.04,1631108.0,13.2
Melvin Ely,2003,802.9716666666667,87.87607983318439,268.56,2408.0,16.6
Meyers Leonard,2013,1206.2516666666668,103.2424142841494,365.16,203086.0,13.5
Michael Beasley,2009,2008.59,94.84476875781225,1184.04,201563.0,25.3
Michael Carter-Williams,2014,2413.9133333333334,79.79596302171653,1462.48,203487.0,26.4
Michael Kidd-Gilchrist,2013,2024.763333333333,88.41111166926207,796.28,203077.0,15.3
Mikal Bridges,2019,2417.115,99.8656777433861,684.92,1628969.0,12.5
Mike Conley,2008,1381.3366666666666,85.11074651353569,585.12,201144.0,17.599999999999998
Mike Miller,2001,2388.935,97.6640756470871,998.32,2034.0,20.7
Miles Bridges,2019,1696.3333333333333,100.35637439483594,594.88,1628970.0,19.6
Miles McBride,2022,372.2116666666666,75.24518092661481,118.28,1630540.0,14.099999999999998
Mitchell Robinson,2019,1359.5083333333334,125.84327970939285,385.4,1629011.0,12.9
Mo Bamba,2019,766.1933333333334,93.0766288410047,313.72,1628964.0,16.3
Montrezl Harrell,2016,378.6116666666667,110.02829298962592,127.24,1626149.0,17.0
Moritz Wagner,2019,446.18,88.71935539173667,233.32,1629021.0,17.9
Morris Peterson,2001,1810.575,91.67893961708396,814.8,2050.0,20.7
Moses Moody,2022,607.12,107.6283987915408,211.84,1630541.0,14.099999999999998
Myles Turner,2016,1367.185,95.19562007874016,650.24,1626167.0,19.5
Nassir Little,2020,572.485,92.7924039706517,185.36,1629642.0,13.5
Nate Robinson,2006,1543.6516666666666,87.25321664843464,767.88,101126.0,21.1
Nate Wolters,2014,1309.3583333333331,85.87314662273475,485.6,203489.0,13.1
Nenê,2003,2258.3283333333334,88.31207107069176,950.04,2403.0,16.900000000000002
Nickeil Alexander-Walker,2020,590.8033333333333,79.39812061377424,336.28,1629638.0,22.8
Nicolas Batum,2009,1453.7716666666668,98.18382963031252,433.88,201587.0,15.9
Nikoloz Tskitishvili,2003,1319.9883333333332,62.302215189873415,505.6,2401.0,20.6
Noah Clowney,2024,369.85833333333335,109.73597359735972,121.2,1641730.0,18.5
Obi Toppin,2021,683.08,103.92704567860665,243.44,1630167.0,20.5
OG Anunoby,2018,1481.4616666666666,104.71454528067324,418.28,1628384.0,14.8
O.J. Mayo,2009,3120.3033333333333,92.85574284594276,1632.64,201564.0,20.3
Olivier-Maxence Prosper,2024,336.21166666666664,93.04829283297448,130.04,1641765.0,15.8
Omari Spellman,2019,804.5416666666666,92.26594301221166,294.8,1629016.0,17.7
Omri Casspi,2010,1931.0933333333328,93.55509355509356,846.56,201956.0,16.3
Onyeka Okongwu,2021,601.2083333333334,112.27102619657278,203.08,1630168.0,13.69999999999999
Orlando Johnson,2013,618.6566666666666,90.99874484489868,223.08,203111.0,15.4
Oso Ighodaro,2025,1045.545,102.8225806451613,248.0,1642345.0,10.5
Ousmane Dieng,2023,568.71,88.8909358879882,217.12,1631172.0,16.69999999999999
Paolo Banchero,2023,2429.7233333333334,92.29524201007092,1556.96,1631094.0,29.2
Patrick McCaw,2017,1073.995,94.8600645855759,297.28,1627775.0,12.5
Patrick Williams,2021,1983.3566666666663,96.1820851688693,681.0,1630172.0,13.900000000000002
Pau Gasol,2002,3001.866666666667,96.20263305471732,1497.88,2200.0,23.6
Paul Millsap,2007,1472.1466666666668,95.7979160954209,583.52,200794.0,17.7
Paul Zipser,2017,843.38,86.14501076812634,278.6,1627835.0,15.6
Payton Pritchard,2021,1267.5583333333334,103.9119804400978,490.8,1630202.0,18.0
Pelle Larsson,2025,781.9466666666667,98.8811849984242,253.84,1641796.0,14.4
P.J. Washington,2020,1758.9916666666666,95.7079693734498,741.84,1629023.0,19.1
Quentin Richardson,2001,1356.0533333333333,93.0875296118569,658.52,2047.0,22.8
Quincy Acy,2013,342.33666666666664,106.69610007358352,108.72,203112.0,9.9
Quincy Douby,2007,359.13666666666666,80.62330623306234,147.6,200763.0,20.200000000000003
Quincy Pondexter,2011,733.5716666666667,89.11642017444065,210.96,202347.0,12.8
Quinten Post,2025,685.7566666666667,106.6231811339689,318.88,1642366.0,19.6
Qyntel Woods,2003,334.9783333333333,85.44726301735646,149.8,2417.0,21.2
Rafael Araújo,2005,735.595,78.02547770700637,251.2,2737.0,15.1
Rajon Rondo,2007,1830.9383333333333,75.0044912869034,667.96,200765.0,18.6
Randy Foye,2007,1879.3333333333333,89.70543839220252,927.48,200751.0,20.3
Rashad McCants,2006,1362.243333333333,93.91288718471031,667.64,101119.0,20.1
Rashad Vaughn,2016,1000.6933333333334,72.18895542248835,300.6,1626173.0,16.900000000000002
Rasual Butler,2003,1515.2966666666666,77.72468190454258,694.76,2446.0,19.6
Rayan Rupert,2024,633.225,76.35467980295566,203.0,1641712.0,15.6
Raymond Felton,2006,2405.708333333333,81.53576220456188,1162.68,101109.0,21.5
Reed Sheppard,2025,654.3516666666667,80.90729225551159,283.04,1642263.0,17.8
Reggie Jackson,2012,500.7133333333333,67.38544474393531,207.76,202704.0,18.3
Renaldo Balkman,2007,1064.185,91.85918591859183,363.6,200764.0,12.3
Richard Jefferson,2002,1919.4233333333332,91.08765038055488,814.6,2210.0,19.5
Richaun Holmes,2016,702.0016666666667,100.1535455053043,286.56,1626158.0,18.4
RJ Barrett,2020,1704.4216666666666,83.40604096555735,962.76,1629628.0,22.8
Robin Lopez,2009,614.3333333333334,96.962856556536,194.92,201577.0,16.6
Rodions Kurucs,2019,1293.75,94.26634656122016,566.48,1629066.0,14.2
Rodney Carney,2007,1169.09,93.39080459770116,473.28,200760.0,19.1
Rodrigue Beaubois,2010,699.9133333333333,105.61881451527084,375.88,201958.0,25.0
Royal Ivey,2005,813.5316666666666,77.06319181729017,285.48,2767.0,13.69999999999999
Rudy Gay,2007,2103.31,85.28569700391145,991.96,200752.0,24.8
Rui Hachimura,2020,1444.0316666666668,98.39296543359612,659.6,1629060.0,18.0
Russell Westbrook,2009,2668.035,80.65137543985823,1557.32,201566.0,25.0
Ryan Anderson,2009,1312.425,93.46691232918778,521.04,201583.0,23.3
Ryan Dunn,2025,1410.4166666666667,95.66422045828963,534.1600000000001,1642346.0,16.69999999999999
Ryan Gomes,2006,1376.235,96.93834637059469,475.56,101155.0,18.7
Ryan Kelly,2014,1311.8666666666666,98.86887306242146,477.4,203527.0,14.000000000000002
Saben Lee,2021,780.595,87.78274592319832,304.16,1630240.0,16.900000000000002
Saddiq Bey,2021,1909.0166666666669,105.0657120439388,815.6800000000001,1630180.0,20.9
Salim Stoudamire,2006,1236.0583333333334,94.633676092545,622.4,101136.0,21.5
Sam Young,2010,1321.0466666666666,89.07185628742515,668.0,201970.0,17.0
Sandro Mamukelashvili,2022,407.00166666666667,110.25200458190147,139.68,1630572.0,17.7
Sasha Pavlović,2004,1136.5083333333334,79.58996583048588,479.96,2562.0,17.8
Scoot Henderson,2024,1765.3933333333334,78.99814336160763,1098.76,1630703.0,22.0
Scottie Barnes,2022,2617.2883333333334,97.53999655943576,1162.6,1630567.0,20.0
Sean May,2006,398.4316666666667,81.40937284631289,232.16,101118.0,22.89999999999999
Sean Williams,2008,1278.3083333333334,94.34397490311866,433.52,201157.0,13.3
Sebastian Telfair,2005,1330.14,74.97718085799974,613.52,2742.0,21.7
Sekou Doumbouya,2020,753.7266666666667,83.4363411619283,291.24,1629635.0,17.599999999999998
Semi Ojeleye,2018,1150.21,84.40096952908587,231.04,1628400.0,13.69999999999999
Sergio Rodríguez,2007,861.7866666666666,75.43366723674566,327.44,200771.0,19.5
Shabazz Napier,2015,1011.58,78.22803021220477,333.64,203894.0,19.6
Shaedon Sharpe,2023,1778.6033333333332,101.51827071538855,777.2,1631101.0,22.0
Shai Gilgeous-Alexander,2019,2173.9066666666668,94.29359355112432,942.8,1628983.0,23.5
Shane Battier,2002,3098.1,90.6877760938961,1240.52,2203.0,12.9
Shawne Williams,2007,556.22,93.3609958506224,192.8,200761.0,20.6
Shelden Williams,2007,1513.44,84.67465100312762,524.36,200749.0,16.400000000000002
Shelvin Mack,2012,779.48,78.24193767859572,293.96000000000004,202714.0,18.3
Sindarius Thornwell,2018,1155.88,86.8440502586844,324.72,1628414.0,10.5
Skal Labissière,2017,611.6383333333333,100.50076505772708,287.56,1627746.0,20.4
Stanley Johnson,2016,1687.0716666666667,78.14147164242041,758.88,1626169.0,14.4
Stephen Curry,2010,2896.213333333333,94.91180461329716,1474.0,201939.0,23.7
Stephon Castle,2025,2162.0216666666665,90.4008022121608,1316.36,1642264.0,26.0
Sterling Brown,2018,776.4466666666667,90.20618556701032,240.56,1628425.0,14.9
Steve Blake,2004,1387.243333333333,78.656462585034,564.48,2581.0,16.5
Steven Hunter,2002,514.0466666666666,92.48385202583675,204.36,2212.0,13.5
Stromile Swift,2001,1313.22,84.07878892138311,465.04,2031.0,21.6
Svi Mykhailiuk,2019,440.13,78.32744405182567,169.8,1629004.0,16.5
Taj Gibson,2010,2203.5816666666665,89.63414634146342,820.0,201959.0,16.6
Tari Eason,2023,1767.22,92.1435499515034,824.8,1631106.0,18.8
Terance Mann,2020,362.12,90.92578986039678,108.88,1629611.0,14.4
Terence Morris,2002,1115.2966666666666,73.63132363132364,346.32,2242.0,15.0
Terrence Williams,2010,1763.5216666666668,78.2480080156496,838.36,201944.0,23.8
Terry Rozier,2016,311.325,55.64142194744976,129.4,1626179.0,16.69999999999999
Thaddeus Young,2008,1554.415,101.78201962223852,599.32,201152.0,20.200000000000003
Théo Maledon,2021,1777.7016666666666,80.79567779960708,814.4,1630177.0,20.1
Thomas Robinson,2013,1055.715,72.87289915966387,456.96,203080.0,19.1
Thon Maker,2017,562.1883333333334,102.9331390052833,219.56,1627748.0,14.7
Tidjane Salaün,2025,1244.3533333333332,79.44009361778738,444.36,1642275.0,15.2
Tim Hardaway Jr.,2014,1875.4783333333328,104.26156493572223,790.32,203501.0,22.89999999999999
Timothé Luwawu-Cabarrot,2017,1189.91,91.166106695075,488.12,1627789.0,16.8
T.J. Ford,2004,1484.0883333333334,67.39984830724677,580.12,2551.0,
T.J. Leaf,2018,459.2433333333333,101.93413486670153,153.04,1628388.0,15.8
T.J. Warren,2015,614.13,98.25152390118704,249.36,203933.0,19.5
Tobias Harris,2012,479.015,92.95673936360386,223.76,202699.0,21.6
Tony Allen,2005,1254.4733333333334,92.67631103074142,530.88,2754.0,18.1
Tony Parker,2002,2271.1783333333333,81.93863319386332,860.4,2225.0,22.5
Toumani Camara,2024,1739.32,93.18197892354482,565.56,1641739.0,14.3
Trae Young,2019,2503.2816666666668,88.70893847070143,1746.16,1629027.0,33.900000000000006
Trayce Jackson-Davis,2024,1130.4516666666666,122.98442197321673,439.08,1631218.0,16.400000000000002
Tre Mann,2022,1366.925,89.91770731426598,695.08,1630544.0,20.0
Trenton Hassell,2002,2235.5783333333334,87.40181734175266,779.16,2239.0,11.1
Trevor Ariza,2005,1380.631666666667,86.89839572192514,538.56,2772.0,15.2
Trevor Booker,2011,1063.0916666666667,103.14810398282852,335.44,202344.0,15.5
Trey Burke,2014,2262.43,83.04568904724789,1077.72,203504.0,23.200000000000003
Trey Lyles,2016,1382.3933333333334,90.86169658151488,537.0799999999999,1626168.0,20.9
Tristan Da Silva,2025,1628.611666666667,94.04997176736306,566.72,1641783.0,15.2
Tristan Thompson,2012,1423.753333333333,81.31954961480213,607.48,202684.0,18.1
Troy Murphy,2002,1450.3916666666669,83.38544923910777,575.64,2211.0,16.400000000000002
Ty Jerome,2020,327.59,73.89162561576353,138.04000000000002,1629660.0,18.1
Ty Lawson,2010,1317.4366666666667,101.57421289355322,533.6,201951.0,19.0
Tyler Dorsey,2018,974.21,90.66081661891116,446.72,1628416.0,18.2
Tyler Ennis,2015,411.42333333333335,63.994076581341226,189.08,203898.0,16.8
Tyler Herro,2020,1508.08,97.50656167979002,762.0,1629639.0,22.5
Tyler Zeller,2013,2033.1783333333333,84.36134314322067,723.08,203092.0,16.8
Tyreke Evans,2010,2676.58,91.44803229061554,1585.6,201936.0,25.3
Tyrese Haliburton,2021,1745.6766666666667,102.35984992659452,735.64,1630169.0,18.4
Tyson Chandler,2002,1392.8166666666666,87.08156906607014,500.68,2199.0,18.1
Tyus Jones,2016,572.72,75.66938300349243,206.16,1626145.0,13.2
Victor Oladipo,2014,2486.4933333333333,83.03802030151961,1331.92,203506.0,24.9
Victor Wembanyama,2024,2106.235,94.68235996715356,1607.48,1641705.0,30.0
Vincent Yarbrough,2003,1379.2516666666668,75.706720369956,536.28,2428.0,
Walker Kessler,2023,1703.2066666666667,125.2859989667134,541.96,1631117.0,12.7
Wayne Ellington,2010,1384.2416666666666,91.35311143270624,552.8,201961.0,16.900000000000002
Wendell Carter Jr.,2019,1109.8,93.76030333003628,485.28,1628976.0,16.2
Wes Iwundu,2018,1020.305,85.2315021587018,268.68,1628411.0,12.5
Wesley Johnson,2011,2069.37,86.7299505798307,817.48,202325.0,14.099999999999998
Will Barton,2013,893.77,74.19517102615694,397.6,203115.0,21.0
Willie Cauley-Stein,2016,1411.545,105.22727272727272,440.0,1626161.0,19.5
Willie Green,2004,767.5016666666667,80.59516429014259,451.64,2584.0,22.6
Xavier Henry,2011,527.4316666666666,84.23524606902185,195.88,202333.0,18.4
Yao Ming,2003,2381.893333333333,96.73688268900494,1141.24,2397.0,24.9
Yi Jianlian,2008,1646.6016666666667,84.00118729593352,673.8,201146.0,20.5
Yves Missi,2025,1955.79,100.18681451126912,663.76,1642274.0,14.3
Zaccharie Risacher,2025,1843.3866666666668,100.58084906466216,936.56,1642258.0,20.9
Zach Edey,2025,1415.765,105.741228678408,576.88,1641744.0,16.399999999999988
Zach LaVine,2015,1901.7216666666664,82.07790015613791,947.88,203897.0,22.8
Zeke Nnaji,2021,397.2783333333333,115.64625850340136,117.6,1630192.0,14.6
Ziaire Williams,2022,1346.4666666666667,102.41210139002452,489.2,1630533.0,17.8
Zoran Planinić,2004,466.7433333333333,79.9373040752351,191.4,2565.0,21.899999999999988
Žarko Čabarkapa,2004,574.5916666666667,74.00116652085156,274.32,2560.0,21.4
Ace Bailey,2026,714.555,20.0,,1642846.0,19.1
Adou Thiero,2026,86.70333333333333,11.1,,1642876.0,12.7
Alijah Martin,2026,7.883333333333334,0.0,,1642918.0,5.3
Amari Williams,2026,30.946666666666665,4.5,,1642873.0,4.0
Asa Newell,2026,298.7033333333333,21.8,,1642854.0,16.9
Ben Saraf,2026,203.02166666666668,15.4,,1642879.0,19.5
Brooks Barnhizer,2026,152.98666666666668,8.9,,1642964.0,8.9
Carter Bryant,2026,206.95,13.5,,1642868.0,16.5
Cedric Coward,2026,895.2766666666666,23.0,,1642907.0,20.4
Chaz Lanier,2026,136.41,15.0,,1642404.0,13.6
Collin Murray-Boyles,2026,545.0666666666667,17.5,,1642867.0,16.0
Cooper Flagg,2026,1212.111666666667,25.6,,1642843.0,23.5
Danny Wolf,2026,369.8666666666667,19.0,,1642874.0,20.0
Derik Queen,2026,903.6083333333332,23.8,,1642852.0,22.5
Drake Powell,2026,436.76,16.9,,1642962.0,14.7
Dylan Harper,2026,540.4766666666667,25.5,,1642844.0,25.1
Hugo González,2026,429.82,13.8,,1642864.0,12.1
Jahmai Mashack,2026,20.86,13.6,,1642942.0,19.7
Jamir Watkins,2026,161.69333333333333,12.0,,1642364.0,9.4
Jase Richardson,2026,278.2416666666667,22.6,,1642859.0,19.3
Javon Small,2026,122.52,14.1,,1642914.0,17.3
Jeremiah Fears,2026,963.6,24.9,,1642847.0,25.0
Joan Beringer,2026,52.835,14.5,,1642866.0,13.8
Johni Broome,2026,39.745,11.6,,1641780.0,24.8
Kam Jones,2026,45.656666666666666,17.2,,1642880.0,15.8
Kasparas Jakučionis,2026,148.22,13.3,,1642857.0,13.4
Khaman Maluach,2026,74.93333333333334,14.2,,1642863.0,16.4
Kobe Sanders,2026,498.6016666666667,15.3,,1642920.0,15.3
Koby Brea,2026,7.816666666666666,22.2,,1642886.0,20.2
Kon Knueppel,2026,1125.595,27.8,,1642851.0,22.3
Lachlan Olbrich,2026,35.916666666666664,2.6,,1642950.0,9.3
Liam McNeeley,2026,301.3533333333333,16.3,,1642862.0,13.9
Maxime Raynaud,2026,616.39,21.8,,1642875.0,18.6
Micah Peavy,2026,446.32,13.8,,1642877.0,14.5
Mohamed Diawara,2026,143.30166666666668,17.8,,1642885.0,18.3
Nique Clifford,2026,579.0116666666667,13.9,,1642363.0,15.2
Noa Essengue,2026,6.033333333333333,0.0,,1642855.0,20.9
Noah Penda,2026,223.90166666666667,17.3,,1642869.0,16.5
Rasheer Fleming,2026,134.22833333333332,17.1,,1642853.0,18.3
Ryan Kalkbrenner,2026,665.0333333333333,15.8,,1641750.0,10.9
Sion James,2026,908.5766666666668,12.1,,1642883.0,10.6
Taelon Peter,2026,122.16833333333334,12.6,,1643007.0,15.7
Tre Johnson,2026,614.9166666666666,23.6,,1642848.0,20.7
Tyrese Proctor,2026,289.2866666666667,20.8,,1642878.0,20.4
VJ Edgecombe,2026,1031.2966666666666,22.3,,1642845.0,19.8
Will Richard,2026,604.5516666666666,19.6,,1642954.0,15.1
Will Riley,2026,339.59,17.8,,1642860.0,17.6
Yang Hansen,2026,152.05166666666668,13.5,,1642905.0,19.4
Yanic Konan Niederhäuser,2026,158.31666666666666,18.8,,1642949.0,15.2
