season,position_group,metric,value,shot_type
2001,Forward,attempts,6.931607204285223,fg
2001,Forward-Center,attempts,4.2375,fg
2001,Forward-Guard,attempts,5.0,fg
2001,Guard,attempts,6.432979686524768,fg
2001,Guard-Forward,attempts,10.304878048780488,fg
2001,Unknown,attempts,8.972222222222221,fg
2002,Center,attempts,3.433132931379012,fg
2002,Center-Forward,attempts,12.975609756097562,fg
2002,Forward,attempts,7.06644411147619,fg
2002,Forward-Center,attempts,5.158536585365853,fg
2002,Forward-Guard,attempts,8.051282051282051,fg
2002,Guard,attempts,9.237869769119769,fg
2002,Guard-Forward,attempts,7.584415584415584,fg
2002,Unknown,attempts,4.25,fg
2003,Center,attempts,6.388128422100547,fg
2003,Center-Forward,attempts,5.657211538461539,fg
2003,Forward,attempts,7.965198141469328,fg
2003,Forward-Center,attempts,10.121951219512194,fg
2003,Forward-Guard,attempts,2.2264150943396226,fg
2003,Guard,attempts,8.405400024884907,fg
2004,Center,attempts,5.304878048780488,fg
2004,Center-Forward,attempts,4.073496240601504,fg
2004,Forward,attempts,10.251683662573706,fg
2004,Forward-Center,attempts,4.020408163265306,fg
2004,Forward-Guard,attempts,7.940298507462686,fg
2004,Guard,attempts,7.925838539844627,fg
2004,Guard-Forward,attempts,5.489335876538928,fg
2004,Unknown,attempts,2.63265306122449,fg
2005,Center,attempts,5.756416117669184,fg
2005,Center-Forward,attempts,8.25609756097561,fg
2005,Forward,attempts,6.285812358112945,fg
2005,Forward-Center,attempts,4.326086956521739,fg
2005,Forward-Guard,attempts,8.025,fg
2005,Guard,attempts,6.978575989624264,fg
2005,Guard-Forward,attempts,5.84225530566994,fg
2006,Center,attempts,7.390243902439025,fg
2006,Center-Forward,attempts,7.434782608695652,fg
2006,Forward,attempts,6.832341820047835,fg
2006,Forward-Center,attempts,9.846153846153847,fg
2006,Forward-Guard,attempts,4.102564102564103,fg
2006,Guard,attempts,8.12025904612195,fg
2006,Guard-Forward,attempts,4.850746268656716,fg
2007,Center-Forward,attempts,7.241577352688464,fg
2007,Forward,attempts,4.862583982296227,fg
2007,Forward-Center,attempts,2.232142857142857,fg
2007,Forward-Guard,attempts,9.743589743589743,fg
2007,Guard,attempts,6.428148705470377,fg
2008,Center,attempts,3.3442622950819674,fg
2008,Center-Forward,attempts,8.246913580246913,fg
2008,Forward,attempts,8.527894503496956,fg
2008,Forward-Center,attempts,4.028303357430971,fg
2008,Guard,attempts,5.8313926477530575,fg
2008,Guard-Forward,attempts,6.151898734177215,fg
2009,Center,attempts,5.116533721940993,fg
2009,Center-Forward,attempts,5.16,fg
2009,Forward,attempts,7.426532116198355,fg
2009,Forward-Center,attempts,7.864053326421685,fg
2009,Guard,attempts,11.310860006127138,fg
2009,Guard-Forward,attempts,6.118143459915612,fg
2009,Unknown,attempts,6.841269841269841,fg
2010,Center,attempts,1.9264705882352942,fg
2010,Center-Forward,attempts,6.036585365853658,fg
2010,Forward,attempts,5.290238714176242,fg
2010,Forward-Center,attempts,4.276595744680851,fg
2010,Forward-Guard,attempts,6.2125,fg
2010,Guard,attempts,8.37822098749009,fg
2010,Guard-Forward,attempts,9.030464968821134,fg
2011,Center,attempts,12.395061728395062,fg
2011,Center-Forward,attempts,4.7830238726790455,fg
2011,Forward,attempts,4.241314857981525,fg
2011,Forward-Center,attempts,4.625383141762452,fg
2011,Forward-Guard,attempts,6.421718854097268,fg
2011,Guard,attempts,10.043478260869566,fg
2011,Guard-Forward,attempts,7.061757348342715,fg
2012,Center,attempts,3.9942279942279946,fg
2012,Center-Forward,attempts,7.366666666666666,fg
2012,Forward,attempts,5.857980652388547,fg
2012,Guard,attempts,8.675137233299683,fg
2013,Center-Forward,attempts,3.456140350877193,fg
2013,Forward,attempts,5.149433320434963,fg
2013,Forward-Center,attempts,7.278911004454483,fg
2013,Forward-Guard,attempts,7.421052631578948,fg
2013,Guard,attempts,7.6642266033459885,fg
2014,Forward,attempts,5.347876699571614,fg
2014,Forward-Center,attempts,6.049128919860627,fg
2014,Guard,attempts,8.525570239485626,fg
2014,Guard-Forward,attempts,5.09074074074074,fg
2015,Center,attempts,6.17741935483871,fg
2015,Forward,attempts,7.8765595684803,fg
2015,Forward-Guard,attempts,2.696969696969697,fg
2015,Guard,attempts,6.6278665588776065,fg
2015,Guard-Forward,attempts,7.0,fg
2016,Center,attempts,5.136363636363637,fg
2016,Center-Forward,attempts,12.543385999897735,fg
2016,Forward,attempts,5.282873884320754,fg
2016,Forward-Center,attempts,7.031576448243115,fg
2016,Forward-Guard,attempts,5.6538031068983035,fg
2016,Guard,attempts,6.763353494003649,fg
2016,Guard-Forward,attempts,8.885245901639344,fg
2017,Center,attempts,6.2631578947368425,fg
2017,Forward,attempts,7.137862883231825,fg
2017,Forward-Center,attempts,5.2399236024967015,fg
2017,Guard,attempts,6.857532179233991,fg
2017,Guard-Forward,attempts,4.407029278882826,fg
2018,Center,attempts,5.513888888888889,fg
2018,Center-Forward,attempts,4.927536231884058,fg
2018,Forward,attempts,5.111516670079905,fg
2018,Forward-Center,attempts,10.02066772655008,fg
2018,Forward-Guard,attempts,7.556587837837838,fg
2018,Guard,attempts,8.785861993454292,fg
2018,Guard-Forward,attempts,7.234367013991957,fg
2019,Center,attempts,8.711866946359006,fg
2019,Center-Forward,attempts,6.420454545454545,fg
2019,Forward,attempts,6.82115273026427,fg
2019,Forward-Center,attempts,7.065958299919807,fg
2019,Forward-Guard,attempts,8.897973445143256,fg
2019,Guard,attempts,7.4288044322082305,fg
2019,Guard-Forward,attempts,5.800607558778291,fg
2020,Center-Forward,attempts,3.412326388888889,fg
2020,Forward,attempts,7.71651768100912,fg
2020,Forward-Center,attempts,3.116279069767442,fg
2020,Forward-Guard,attempts,9.130242542419266,fg
2020,Guard,attempts,10.65941115387862,fg
2020,Guard-Forward,attempts,5.420131933456874,fg
2021,Forward,attempts,6.424912738077209,fg
2021,Forward-Center,attempts,3.8236321195144725,fg
2021,Forward-Guard,attempts,8.343283582089553,fg
2021,Guard,attempts,7.933122946996364,fg
2021,Guard-Forward,attempts,6.870496894409938,fg
2022,Center,attempts,6.323493836161187,fg
2022,Forward,attempts,6.984278889337839,fg
2022,Forward-Center,attempts,2.8048780487804876,fg
2022,Forward-Guard,attempts,12.594594594594595,fg
2022,Guard,attempts,8.803110441419074,fg
2023,Center,attempts,5.790700801460954,fg
2023,Forward,attempts,7.834970661384237,fg
2023,Guard,attempts,6.348066888025309,fg
2023,Guard-Forward,attempts,10.455213675213676,fg
2024,Center,attempts,5.381818181818182,fg
2024,Forward,attempts,6.184045035750671,fg
2024,Forward-Center,attempts,10.373851806491121,fg
2024,Guard,attempts,7.368110051891342,fg
2024,Guard-Forward,attempts,6.313600378116507,fg
2025,Center,attempts,7.373124234049548,fg
2025,Forward,attempts,6.6150457668765625,fg
2025,Guard,attempts,7.227368042306185,fg
2025,Guard-Forward,attempts,3.1702127659574466,fg
2026,C,attempts,2.4093707827260458,fg
2026,F,attempts,3.4723449548200005,fg
2026,F-C,attempts,4.567471456418825,fg
2026,F-G,attempts,9.204761904761904,fg
2026,G,attempts,4.713004154441743,fg
2026,G-F,attempts,6.173642547695962,fg
2026,Unknown,attempts,2.8633978886610465,fg
2001,Forward,makes,3.2131267711763067,fg
2001,Forward-Center,makes,1.9125,fg
2001,Forward-Guard,makes,1.8717948717948718,fg
2001,Guard,makes,2.6537891207153503,fg
2001,Guard-Forward,makes,4.487804878048781,fg
2001,Unknown,makes,3.861111111111111,fg
2002,Center,makes,1.543506976679977,fg
2002,Center-Forward,makes,6.719512195121951,fg
2002,Forward,makes,2.9728921553371004,fg
2002,Forward-Center,makes,2.1707317073170733,fg
2002,Forward-Guard,makes,3.423076923076923,fg
2002,Guard,makes,3.7301993145743144,fg
2002,Guard-Forward,makes,3.25974025974026,fg
2002,Unknown,makes,1.6323529411764706,fg
2003,Center,makes,3.159407665505227,fg
2003,Center-Forward,makes,2.8908653846153847,fg
2003,Forward,makes,3.3636447976439903,fg
2003,Forward-Center,makes,4.780487804878049,fg
2003,Forward-Guard,makes,1.1132075471698113,fg
2003,Guard,makes,3.215946248600224,fg
2004,Center,makes,2.4390243902439024,fg
2004,Center-Forward,makes,1.8781954887218046,fg
2004,Forward,makes,4.3730844881416155,fg
2004,Forward-Center,makes,1.653061224489796,fg
2004,Forward-Guard,makes,3.417910447761194,fg
2004,Guard,makes,3.2892325210449163,fg
2004,Guard-Forward,makes,2.196462632217791,fg
2004,Unknown,makes,1.0816326530612246,fg
2005,Center,makes,2.827343409379881,fg
2005,Center-Forward,makes,4.2926829268292686,fg
2005,Forward,makes,2.801508650808871,fg
2005,Forward-Center,makes,1.7826086956521738,fg
2005,Forward-Guard,makes,3.775,fg
2005,Guard,makes,2.872078418453895,fg
2005,Guard-Forward,makes,2.835049097244219,fg
2006,Center,makes,3.9390243902439024,fg
2006,Center-Forward,makes,3.0434782608695654,fg
2006,Forward,makes,3.2384702745005263,fg
2006,Forward-Center,makes,4.6923076923076925,fg
2006,Forward-Guard,makes,1.7884615384615385,fg
2006,Guard,makes,3.3771544890950715,fg
2006,Guard-Forward,makes,1.9402985074626866,fg
2007,Center-Forward,makes,3.3274906163795053,fg
2007,Forward,makes,2.251627415755458,fg
2007,Forward-Center,makes,1.2142857142857142,fg
2007,Forward-Guard,makes,4.115384615384615,fg
2007,Guard,makes,2.752499460944559,fg
2008,Center,makes,1.6885245901639345,fg
2008,Center-Forward,makes,4.111111111111111,fg
2008,Forward,makes,3.8241786688127255,fg
2008,Forward-Center,makes,2.090015393908689,fg
2008,Guard,makes,2.3729000411165426,fg
2008,Guard-Forward,makes,2.3037974683544302,fg
2009,Center,makes,2.8004883162039165,fg
2009,Center-Forward,makes,2.546666666666667,fg
2009,Forward,makes,3.3214849788715854,fg
2009,Forward-Center,makes,3.810857133418967,fg
2009,Guard,makes,4.968686231607253,fg
2009,Guard-Forward,makes,2.638987341772152,fg
2009,Unknown,makes,3.1587301587301586,fg
2010,Center,makes,1.1323529411764706,fg
2010,Center-Forward,makes,3.3536585365853657,fg
2010,Forward,makes,2.436113016106928,fg
2010,Forward-Center,makes,2.106382978723404,fg
2010,Forward-Guard,makes,2.8,fg
2010,Guard,makes,3.652697059021651,fg
2010,Guard-Forward,makes,4.036632317454235,fg
2011,Center,makes,5.333333333333333,fg
2011,Center-Forward,makes,2.490053050397878,fg
2011,Forward,makes,1.9940602607269273,fg
2011,Forward-Center,makes,2.286254789272031,fg
2011,Forward-Guard,makes,2.5704530313124585,fg
2011,Guard,makes,4.1556629092860975,fg
2011,Guard-Forward,makes,3.2654784240150097,fg
2012,Center,makes,1.91017316017316,fg
2012,Center-Forward,makes,3.2333333333333334,fg
2012,Forward,makes,2.6405172100073417,fg
2012,Guard,makes,3.641709895318639,fg
2013,Center-Forward,makes,1.7719298245614035,fg
2013,Forward,makes,2.3566936329497907,fg
2013,Forward-Center,makes,3.60778299297321,fg
2013,Forward-Guard,makes,3.4210526315789473,fg
2013,Guard,makes,3.108186845804868,fg
2014,Forward,makes,2.148743911455776,fg
2014,Forward-Center,makes,2.72020905923345,fg
2014,Guard,makes,3.4495157542924075,fg
2014,Guard-Forward,makes,2.227314814814815,fg
2015,Center,makes,2.7580645161290325,fg
2015,Forward,makes,3.409354479362101,fg
2015,Forward-Guard,makes,0.9393939393939394,fg
2015,Guard,makes,2.6486669171431423,fg
2015,Guard-Forward,makes,2.774193548387097,fg
2016,Center,makes,2.893939393939394,fg
2016,Center-Forward,makes,6.504172419082682,fg
2016,Forward,makes,2.4056985294117648,fg
2016,Forward-Center,makes,3.107352010129788,fg
2016,Forward-Guard,makes,2.2910600280593343,fg
2016,Guard,makes,2.597351735432231,fg
2016,Guard-Forward,makes,3.540983606557377,fg
2017,Center,makes,3.3157894736842106,fg
2017,Forward,makes,2.9856951734074304,fg
2017,Forward-Center,makes,2.4573217555673694,fg
2017,Guard,makes,2.875388554594966,fg
2017,Guard-Forward,makes,1.9332766140546462,fg
2018,Center,makes,3.25,fg
2018,Center-Forward,makes,2.5217391304347827,fg
2018,Forward,makes,2.402920721445537,fg
2018,Forward-Center,makes,4.871621621621621,fg
2018,Forward-Guard,makes,3.5826013513513515,fg
2018,Guard,makes,3.5337918718453394,fg
2018,Guard-Forward,makes,3.018824649979735,fg
2019,Center,makes,4.829187893317351,fg
2019,Center-Forward,makes,3.5757575757575757,fg
2019,Forward,makes,3.1200386364179806,fg
2019,Forward-Center,makes,3.394546912590217,fg
2019,Forward-Guard,makes,3.7868464519407916,fg
2019,Guard,makes,3.11593863155903,fg
2019,Guard-Forward,makes,2.350578365822268,fg
2020,Center-Forward,makes,2.007523148148148,fg
2020,Forward,makes,3.6931276373091646,fg
2020,Forward-Center,makes,2.186046511627907,fg
2020,Forward-Guard,makes,3.6713276546250686,fg
2020,Guard,makes,4.356904392730388,fg
2020,Guard-Forward,makes,2.244423209974744,fg
2021,Forward,makes,2.7402580356692123,fg
2021,Forward-Center,makes,2.144668534080299,fg
2021,Forward-Guard,makes,3.5074626865671643,fg
2021,Guard,makes,3.35628526121249,fg
2021,Guard-Forward,makes,2.8406832298136644,fg
2022,Center,makes,3.3032487186284905,fg
2022,Forward,makes,3.226382014386008,fg
2022,Forward-Center,makes,1.3902439024390243,fg
2022,Forward-Guard,makes,6.202702702702703,fg
2022,Guard,makes,3.647860838167602,fg
2023,Center,makes,3.8662345094139607,fg
2023,Forward,makes,3.39872436858665,fg
2023,Guard,makes,2.5902650286562707,fg
2023,Guard-Forward,makes,4.867179487179487,fg
2024,Center,makes,4.0181818181818185,fg
2024,Forward,makes,2.8357716342351873,fg
2024,Forward-Center,makes,4.967238211879975,fg
2024,Guard,makes,3.176098989562256,fg
2024,Guard-Forward,makes,2.973997925610829,fg
2025,Center,makes,3.656501165076044,fg
2025,Forward,makes,2.936258198767337,fg
2025,Guard,makes,3.045189536020617,fg
2025,Guard-Forward,makes,1.3617021276595744,fg
2026,C,makes,1.4121120107962213,fg
2026,F,makes,1.6775457561528342,fg
2026,F-C,makes,1.8435644667223614,fg
2026,F-G,makes,4.380392156862745,fg
2026,G,makes,1.933270148745254,fg
2026,G-F,makes,2.7654475114865016,fg
2026,Unknown,makes,1.1349374481134917,fg
2001,Forward,pct,0.46975,fg
2001,Forward-Center,pct,0.451,fg
2001,Forward-Guard,pct,0.374,fg
2001,Guard,pct,0.4096666666666667,fg
2001,Guard-Forward,pct,0.436,fg
2001,Unknown,pct,0.43,fg
2002,Center,pct,0.43579999999999997,fg
2002,Center-Forward,pct,0.518,fg
2002,Forward,pct,0.42679999999999996,fg
2002,Forward-Center,pct,0.421,fg
2002,Forward-Guard,pct,0.425,fg
2002,Guard,pct,0.398,fg
2002,Guard-Forward,pct,0.43,fg
2002,Unknown,pct,0.384,fg
2003,Center,pct,0.4905,fg
2003,Center-Forward,pct,0.507,fg
2003,Forward,pct,0.4175714285714286,fg
2003,Forward-Center,pct,0.472,fg
2003,Forward-Guard,pct,0.5,fg
2003,Guard,pct,0.387,fg
2004,Center,pct,0.46,fg
2004,Center-Forward,pct,0.46099999999999997,fg
2004,Forward,pct,0.4335,fg
2004,Forward-Center,pct,0.411,fg
2004,Forward-Guard,pct,0.43,fg
2004,Guard,pct,0.40985714285714286,fg
2004,Guard-Forward,pct,0.3995,fg
2004,Unknown,pct,0.411,fg
2005,Center,pct,0.5124,fg
2005,Center-Forward,pct,0.52,fg
2005,Forward,pct,0.44960000000000006,fg
2005,Forward-Center,pct,0.412,fg
2005,Forward-Guard,pct,0.47,fg
2005,Guard,pct,0.413375,fg
2005,Guard-Forward,pct,0.484,fg
2006,Center,pct,0.533,fg
2006,Center-Forward,pct,0.409,fg
2006,Forward,pct,0.479,fg
2006,Forward-Center,pct,0.477,fg
2006,Forward-Guard,pct,0.41000000000000003,fg
2006,Guard,pct,0.41544444444444445,fg
2006,Guard-Forward,pct,0.4,fg
2007,Center-Forward,pct,0.46166666666666667,fg
2007,Forward,pct,0.4795555555555555,fg
2007,Forward-Center,pct,0.544,fg
2007,Forward-Guard,pct,0.422,fg
2007,Guard,pct,0.41566666666666663,fg
2008,Center,pct,0.505,fg
2008,Center-Forward,pct,0.499,fg
2008,Forward,pct,0.46385714285714286,fg
2008,Forward-Center,pct,0.5246666666666667,fg
2008,Guard,pct,0.4084,fg
2008,Guard-Forward,pct,0.374,fg
2009,Center,pct,0.5606666666666666,fg
2009,Center-Forward,pct,0.494,fg
2009,Forward,pct,0.44125000000000003,fg
2009,Forward-Center,pct,0.486,fg
2009,Guard,pct,0.43814285714285717,fg
2009,Guard-Forward,pct,0.4345,fg
2009,Unknown,pct,0.462,fg
2010,Center,pct,0.588,fg
2010,Center-Forward,pct,0.556,fg
2010,Forward,pct,0.46025,fg
2010,Forward-Center,pct,0.493,fg
2010,Forward-Guard,pct,0.451,fg
2010,Guard,pct,0.43492857142857144,fg
2010,Guard-Forward,pct,0.45,fg
2011,Center,pct,0.43,fg
2011,Center-Forward,pct,0.5065,fg
2011,Forward,pct,0.4665,fg
2011,Forward-Center,pct,0.4776666666666667,fg
2011,Forward-Guard,pct,0.4015,fg
2011,Guard,pct,0.4165,fg
2011,Guard-Forward,pct,0.46099999999999997,fg
2012,Center,pct,0.48,fg
2012,Center-Forward,pct,0.439,fg
2012,Forward,pct,0.4555,fg
2012,Guard,pct,0.41275,fg
2013,Center-Forward,pct,0.513,fg
2013,Forward,pct,0.45785714285714285,fg
2013,Forward-Center,pct,0.4996666666666667,fg
2013,Forward-Guard,pct,0.461,fg
2013,Guard,pct,0.39425,fg
2014,Forward,pct,0.39766666666666667,fg
2014,Forward-Center,pct,0.446,fg
2014,Guard,pct,0.4105,fg
2014,Guard-Forward,pct,0.4565,fg
2015,Center,pct,0.446,fg
2015,Forward,pct,0.43275,fg
2015,Forward-Guard,pct,0.348,fg
2015,Guard,pct,0.3895,fg
2015,Guard-Forward,pct,0.396,fg
2016,Center,pct,0.563,fg
2016,Center-Forward,pct,0.516,fg
2016,Forward,pct,0.46125,fg
2016,Forward-Center,pct,0.4916666666666667,fg
2016,Forward-Guard,pct,0.40900000000000003,fg
2016,Guard,pct,0.37066666666666664,fg
2016,Guard-Forward,pct,0.399,fg
2017,Center,pct,0.529,fg
2017,Forward,pct,0.4163333333333334,fg
2017,Forward-Center,pct,0.465,fg
2017,Guard,pct,0.41650000000000004,fg
2017,Guard-Forward,pct,0.44566666666666666,fg
2018,Center,pct,0.589,fg
2018,Center-Forward,pct,0.512,fg
2018,Forward,pct,0.47557142857142853,fg
2018,Forward-Center,pct,0.505,fg
2018,Forward-Guard,pct,0.473,fg
2018,Guard,pct,0.4022727272727273,fg
2018,Guard-Forward,pct,0.40800000000000003,fg
2019,Center,pct,0.5329999999999999,fg
2019,Center-Forward,pct,0.5894999999999999,fg
2019,Forward,pct,0.4483333333333333,fg
2019,Forward-Center,pct,0.4605,fg
2019,Forward-Guard,pct,0.4263333333333333,fg
2019,Guard,pct,0.4120909090909091,fg
2019,Guard-Forward,pct,0.394,fg
2020,Center-Forward,pct,0.5695,fg
2020,Forward,pct,0.4668571428571428,fg
2020,Forward-Center,pct,0.701,fg
2020,Forward-Guard,pct,0.4065,fg
2020,Guard,pct,0.4001666666666666,fg
2020,Guard-Forward,pct,0.41459999999999997,fg
2021,Forward,pct,0.44225000000000003,fg
2021,Forward-Center,pct,0.5593333333333333,fg
2021,Forward-Guard,pct,0.42,fg
2021,Guard,pct,0.42236363636363633,fg
2021,Guard-Forward,pct,0.42100000000000004,fg
2022,Center,pct,0.5702499999999999,fg
2022,Forward,pct,0.46175,fg
2022,Forward-Center,pct,0.496,fg
2022,Forward-Guard,pct,0.492,fg
2022,Guard,pct,0.410375,fg
2023,Center,pct,0.6683333333333333,fg
2023,Forward,pct,0.43025,fg
2023,Guard,pct,0.400875,fg
2023,Guard-Forward,pct,0.4653333333333333,fg
2024,Center,pct,0.747,fg
2024,Forward,pct,0.4565,fg
2024,Forward-Center,pct,0.5015000000000001,fg
2024,Guard,pct,0.4406666666666667,fg
2024,Guard-Forward,pct,0.45133333333333336,fg
2025,Center,pct,0.5092857142857142,fg
2025,Forward,pct,0.4649,fg
2025,Guard,pct,0.41600000000000004,fg
2025,Guard-Forward,pct,0.43,fg
2026,C,pct,0.5335,fg
2026,F,pct,0.443875,fg
2026,F-C,pct,0.3338,fg
2026,F-G,pct,0.48233333333333334,fg
2026,G,pct,0.38,fg
2026,G-F,pct,0.43466666666666665,fg
2026,Unknown,pct,0.35568421052631577,fg
2001,Forward,attempts,0.5993651066664483,3p
2001,Forward-Center,attempts,0.05,3p
2001,Forward-Guard,attempts,1.6282051282051282,3p
2001,Guard,attempts,1.4563514240768338,3p
2001,Guard-Forward,attempts,4.439024390243903,3p
2001,Unknown,attempts,0.5416666666666666,3p
2002,Center,attempts,0.01471861471861472,3p
2002,Center-Forward,attempts,0.06097560975609756,3p
2002,Forward,attempts,1.7166689243297533,3p
2002,Forward-Center,attempts,0.10975609756097561,3p
2002,Forward-Guard,attempts,2.1153846153846154,3p
2002,Guard,attempts,2.1167613636363636,3p
2002,Guard-Forward,attempts,1.6883116883116882,3p
2002,Unknown,attempts,1.1470588235294117,3p
2003,Center,attempts,0.022399203583872575,3p
2003,Center-Forward,attempts,0.01875,3p
2003,Forward,attempts,1.0971136544381097,3p
2003,Forward-Center,attempts,0.12195121951219512,3p
2003,Forward-Guard,attempts,0.16981132075471697,3p
2003,Guard,attempts,2.4300659450043547,3p
2004,Center,attempts,0.024390243902439025,3p
2004,Center-Forward,attempts,0.2424812030075188,3p
2004,Forward,attempts,1.3307537432408936,3p
2004,Forward-Center,attempts,0.6530612244897959,3p
2004,Forward-Guard,attempts,0.9850746268656716,3p
2004,Guard,attempts,2.001705560478684,3p
2004,Guard-Forward,attempts,1.7238598924917634,3p
2004,Unknown,attempts,0.6530612244897959,3p
2005,Center,attempts,0.028026588444839767,3p
2005,Center-Forward,attempts,0.024390243902439025,3p
2005,Forward,attempts,0.5035865747078128,3p
2005,Forward-Center,attempts,0.06521739130434782,3p
2005,Forward-Guard,attempts,0.7,3p
2005,Guard,attempts,2.176127826720447,3p
2005,Guard-Forward,attempts,1.0671523598352866,3p
2006,Center,attempts,0.036585365853658534,3p
2006,Center-Forward,attempts,0.21739130434782608,3p
2006,Forward,attempts,0.9095804736395801,3p
2006,Forward-Center,attempts,0.13846153846153847,3p
2006,Forward-Guard,attempts,0.7884615384615384,3p
2006,Guard,attempts,2.4775351849442253,3p
2006,Guard-Forward,attempts,2.044776119402985,3p
2007,Center-Forward,attempts,1.401401890290779,3p
2007,Forward,attempts,0.6950955959282799,3p
2007,Forward-Center,attempts,0.0,3p
2007,Forward-Guard,attempts,1.8333333333333333,3p
2007,Guard,attempts,1.425379167047111,3p
2008,Center,attempts,0.01639344262295082,3p
2008,Center-Forward,attempts,0.06172839506172839,3p
2008,Forward,attempts,0.9593863803410179,3p
2008,Forward-Center,attempts,0.0045045045045045045,3p
2008,Guard,attempts,1.5476044588606148,3p
2008,Guard-Forward,attempts,0.45569620253164556,3p
2009,Center,attempts,0.013685636856368566,3p
2009,Center-Forward,attempts,0.0,3p
2009,Forward,attempts,0.9846831602287315,3p
2009,Forward-Center,attempts,0.14446489987637803,3p
2009,Guard,attempts,3.034005966932796,3p
2009,Guard-Forward,attempts,2.4566244725738393,3p
2009,Unknown,attempts,0.06349206349206349,3p
2010,Center,attempts,0.0,3p
2010,Center-Forward,attempts,0.024390243902439025,3p
2010,Forward,attempts,1.0459083802688678,3p
2010,Forward-Center,attempts,0.0425531914893617,3p
2010,Forward-Guard,attempts,0.7,3p
2010,Guard,attempts,2.254686790687064,3p
2010,Guard-Forward,attempts,1.925838240906734,3p
2011,Center,attempts,0.2222222222222222,3p
2011,Center-Forward,attempts,0.0,3p
2011,Forward,attempts,0.6345981179314513,3p
2011,Forward-Center,attempts,0.004166666666666667,3p
2011,Forward-Guard,attempts,2.052798134576949,3p
2011,Guard,attempts,1.5493827160493827,3p
2011,Guard-Forward,attempts,1.6174171357098186,3p
2012,Center,attempts,0.007575757575757576,3p
2012,Center-Forward,attempts,0.03333333333333333,3p
2012,Forward,attempts,1.5181393746360854,3p
2012,Guard,attempts,2.5578001016021736,3p
2013,Center-Forward,attempts,0.017543859649122806,3p
2013,Forward,attempts,0.7896029774519101,3p
2013,Forward-Center,attempts,0.08238244243679027,3p
2013,Forward-Guard,attempts,1.5394736842105263,3p
2013,Guard,attempts,2.3857607371009806,3p
2014,Forward,attempts,1.6528259875717504,3p
2014,Forward-Center,attempts,0.820383275261324,3p
2014,Guard,attempts,2.549677019798072,3p
2014,Guard-Forward,attempts,2.3723765432098767,3p
2015,Center,attempts,0.03225806451612903,3p
2015,Forward,attempts,1.1857088414634145,3p
2015,Forward-Guard,attempts,0.3333333333333333,3p
2015,Guard,attempts,2.123693169619341,3p
2015,Guard-Forward,attempts,2.4193548387096775,3p
2016,Center,attempts,0.030303030303030304,3p
2016,Center-Forward,attempts,0.47323720407015396,3p
2016,Forward,attempts,0.8438822123831612,3p
2016,Forward-Center,attempts,1.9648227287116178,3p
2016,Forward-Guard,attempts,2.0587173302970077,3p
2016,Guard,attempts,2.293675975332322,3p
2016,Guard-Forward,attempts,4.426229508196721,3p
2017,Center,attempts,0.07894736842105263,3p
2017,Forward,attempts,2.4495986415560362,3p
2017,Forward-Center,attempts,1.1678776064740977,3p
2017,Guard,attempts,2.68329903276177,3p
2017,Guard-Forward,attempts,1.5083220872694556,3p
2018,Center,attempts,0.20833333333333334,3p
2018,Center-Forward,attempts,0.10144927536231885,3p
2018,Forward,attempts,1.6676920559195971,3p
2018,Forward-Center,attempts,3.2660969793322736,3p
2018,Forward-Guard,attempts,2.843581081081081,3p
2018,Guard,attempts,3.3959318657441786,3p
2018,Guard-Forward,attempts,2.133549988301484,3p
2019,Center,attempts,0.7728498651483368,3p
2019,Center-Forward,attempts,0.36363636363636365,3p
2019,Forward,attempts,2.418275900736552,3p
2019,Forward-Center,attempts,2.1194867682437852,3p
2019,Forward-Guard,attempts,3.588606187662792,3p
2019,Guard,attempts,2.815592705147757,3p
2019,Guard-Forward,attempts,2.974886053300687,3p
2020,Center-Forward,attempts,0.4201388888888889,3p
2020,Forward,attempts,2.086554842879312,3p
2020,Forward-Center,attempts,0.0,3p
2020,Forward-Guard,attempts,3.47069136562671,3p
2020,Guard,attempts,4.395049697907408,3p
2020,Guard-Forward,attempts,2.236805845435271,3p
2021,Forward,attempts,2.764371714155903,3p
2021,Forward-Center,attempts,0.797077497665733,3p
2021,Forward-Guard,attempts,3.1940298507462686,3p
2021,Guard,attempts,3.5912564105631546,3p
2021,Guard-Forward,attempts,4.459627329192546,3p
2022,Center,attempts,0.7942708333333333,3p
2022,Forward,attempts,2.958707768122843,3p
2022,Forward-Center,attempts,1.2682926829268293,3p
2022,Forward-Guard,attempts,2.608108108108108,3p
2022,Guard,attempts,3.599101811322156,3p
2023,Center,attempts,0.02346376226973242,3p
2023,Forward,attempts,3.310694347998217,3p
2023,Guard,attempts,2.667578419816954,3p
2023,Guard-Forward,attempts,3.404786324786325,3p
2024,Center,attempts,0.03636363636363636,3p
2024,Forward,attempts,2.5635176919225278,3p
2024,Forward-Center,attempts,3.4920391916717697,3p
2024,Guard,attempts,3.1954500688533782,3p
2024,Guard-Forward,attempts,1.576378221539512,3p
2025,Center,attempts,2.2391868939805932,3p
2025,Forward,attempts,3.270254092355811,3p
2025,Guard,attempts,3.2557542456338084,3p
2025,Guard-Forward,attempts,1.2340425531914894,3p
2026,C,attempts,0.37120445344129555,3p
2026,F,attempts,0.9945478519094672,3p
2026,F-C,attempts,1.18651350598719,3p
2026,F-G,attempts,2.989355742296919,3p
2026,G,attempts,2.3051275932902864,3p
2026,G-F,attempts,2.967088861938986,3p
2026,Unknown,attempts,,3p
2001,Forward,makes,0.1748080031232766,3p
2001,Forward-Center,makes,0.0,3p
2001,Forward-Guard,makes,0.5256410256410257,3p
2001,Guard,makes,0.5250201096717491,3p
2001,Guard-Forward,makes,1.8048780487804879,3p
2001,Unknown,makes,0.1388888888888889,3p
2002,Center,makes,0.0025974025974025974,3p
2002,Center-Forward,makes,0.012195121951219513,3p
2002,Forward,makes,0.5702559656400475,3p
2002,Forward-Center,makes,0.036585365853658534,3p
2002,Forward-Guard,makes,0.7692307692307693,3p
2002,Guard,makes,0.6341630591630592,3p
2002,Guard-Forward,makes,0.4935064935064935,3p
2002,Unknown,makes,0.22058823529411764,3p
2003,Center,makes,0.006097560975609756,3p
2003,Center-Forward,makes,0.0,3p
2003,Forward,makes,0.30615202959835724,3p
2003,Forward-Center,makes,0.024390243902439025,3p
2003,Forward-Guard,makes,0.05660377358490566,3p
2003,Guard,makes,0.7622931442080377,3p
2004,Center,makes,0.0,3p
2004,Center-Forward,makes,0.039473684210526314,3p
2004,Forward,makes,0.4095970937858866,3p
2004,Forward-Center,makes,0.12244897959183673,3p
2004,Forward-Guard,makes,0.29850746268656714,3p
2004,Guard,makes,0.7322113142952745,3p
2004,Guard-Forward,makes,0.5791572741460032,3p
2004,Unknown,makes,0.1836734693877551,3p
2005,Center,makes,0.003389830508474576,3p
2005,Center-Forward,makes,0.0,3p
2005,Forward,makes,0.12592030432683723,3p
2005,Forward-Center,makes,0.0,3p
2005,Forward-Guard,makes,0.1625,3p
2005,Guard,makes,0.7506967211342451,3p
2005,Guard-Forward,makes,0.3645074437757364,3p
2006,Center,makes,0.0,3p
2006,Center-Forward,makes,0.0,3p
2006,Forward,makes,0.2880869641516733,3p
2006,Forward-Center,makes,0.046153846153846156,3p
2006,Forward-Guard,makes,0.20512820512820515,3p
2006,Guard,makes,0.8875491830868119,3p
2006,Guard-Forward,makes,0.582089552238806,3p
2007,Center-Forward,makes,0.52105096549541,3p
2007,Forward,makes,0.2233349142718769,3p
2007,Forward-Center,makes,0.0,3p
2007,Forward-Guard,makes,0.6666666666666666,3p
2007,Guard,makes,0.46083781520765404,3p
2008,Center,makes,0.0,3p
2008,Center-Forward,makes,0.0,3p
2008,Forward,makes,0.287860033883233,3p
2008,Forward-Center,makes,0.0,3p
2008,Guard,makes,0.4726708240059695,3p
2008,Guard-Forward,makes,0.08860759493670886,3p
2009,Center,makes,0.0,3p
2009,Center-Forward,makes,0.0,3p
2009,Forward,makes,0.3632154882154882,3p
2009,Forward-Center,makes,0.01666927124029796,3p
2009,Guard,makes,1.1467598517540445,3p
2009,Guard-Forward,makes,0.9124050632911392,3p
2009,Unknown,makes,0.0,3p
2010,Center,makes,0.0,3p
2010,Center-Forward,makes,0.0,3p
2010,Forward,makes,0.3715427317014004,3p
2010,Forward-Center,makes,0.0,3p
2010,Forward-Guard,makes,0.1375,3p
2010,Guard,makes,0.8388458142981781,3p
2010,Guard-Forward,makes,0.6840412251371156,3p
2011,Center,makes,0.037037037037037035,3p
2011,Center-Forward,makes,0.0,3p
2011,Forward,makes,0.20707070707070707,3p
2011,Forward-Center,makes,0.0,3p
2011,Forward-Guard,makes,0.6782145236508994,3p
2011,Guard,makes,0.44390767579173374,3p
2011,Guard-Forward,makes,0.6141338336460288,3p
2012,Center,makes,0.0,3p
2012,Center-Forward,makes,0.0,3p
2012,Forward,makes,0.4938559704184704,3p
2012,Guard,makes,0.8956217259558773,3p
2013,Center-Forward,makes,0.0,3p
2013,Forward,makes,0.2761240462389888,3p
2013,Forward-Center,makes,0.014492753623188406,3p
2013,Forward-Guard,makes,0.42105263157894735,3p
2013,Guard,makes,0.8229095671996316,3p
2014,Forward,makes,0.5320089515004769,3p
2014,Forward-Center,makes,0.2857142857142857,3p
2014,Guard,makes,0.7985546893431256,3p
2014,Guard-Forward,makes,0.8274691358024692,3p
2015,Center,makes,0.0,3p
2015,Forward,makes,0.3464264774859287,3p
2015,Forward-Guard,makes,0.09090909090909091,3p
2015,Guard,makes,0.6821692127132905,3p
2015,Guard-Forward,makes,0.6935483870967742,3p
2016,Center,makes,0.0,3p
2016,Center-Forward,makes,0.1449071943549624,3p
2016,Forward,makes,0.25685681530676785,3p
2016,Forward-Center,makes,0.654835390946502,3p
2016,Forward-Guard,makes,0.6303428436773331,3p
2016,Guard,makes,0.7374982005786959,3p
2016,Guard-Forward,makes,1.4918032786885247,3p
2017,Center,makes,0.0,3p
2017,Forward,makes,0.7747504373777915,3p
2017,Forward-Center,makes,0.4039222635713864,3p
2017,Guard,makes,0.9494587261935488,3p
2017,Guard-Forward,makes,0.44689902012556476,3p
2018,Center,makes,0.06944444444444445,3p
2018,Center-Forward,makes,0.0,3p
2018,Forward,makes,0.5622713566234541,3p
2018,Forward-Center,makes,1.1742845786963434,3p
2018,Forward-Guard,makes,1.1494932432432432,3p
2018,Guard,makes,1.161912018323309,3p
2018,Guard-Forward,makes,0.671685241519572,3p
2019,Center,makes,0.22340425531914893,3p
2019,Center-Forward,makes,0.06818181818181818,3p
2019,Forward,makes,0.7801558391524498,3p
2019,Forward-Center,makes,0.6954691259021653,3p
2019,Forward-Guard,makes,1.1291214027063086,3p
2019,Guard,makes,0.9731482973330394,3p
2019,Guard-Forward,makes,1.027155413252974,3p
2020,Center-Forward,makes,0.08188657407407407,3p
2020,Forward,makes,0.6394969338638952,3p
2020,Forward-Center,makes,0.0,3p
2020,Forward-Guard,makes,1.1404967159277504,3p
2020,Guard,makes,1.5178995297573359,3p
2020,Guard-Forward,makes,0.7183004239400778,3p
2021,Forward,makes,0.9029160626843498,3p
2021,Forward-Center,makes,0.2934173669467787,3p
2021,Forward-Guard,makes,0.9253731343283582,3p
2021,Guard,makes,1.2960620957901683,3p
2021,Guard-Forward,makes,1.684782608695652,3p
2022,Center,makes,0.1996527777777778,3p
2022,Forward,makes,1.0462407500251127,3p
2022,Forward-Center,makes,0.5365853658536586,3p
2022,Forward-Guard,makes,0.7837837837837838,3p
2022,Guard,makes,1.15581807755876,3p
2023,Center,makes,0.0045045045045045045,3p
2023,Forward,makes,1.1063632746818695,3p
2023,Guard,makes,0.9322661920483134,3p
2023,Guard-Forward,makes,1.1606837606837608,3p
2024,Center,makes,0.0,3p
2024,Forward,makes,0.8847372782749413,3p
2024,Forward-Center,makes,1.1622780159216166,3p
2024,Guard,makes,1.1202893363413273,3p
2024,Guard-Forward,makes,0.39343810311552246,3p
2025,Center,makes,0.7718944797502899,3p
2025,Forward,makes,1.1046854194821432,3p
2025,Guard,makes,1.0857200606766955,3p
2025,Guard-Forward,makes,0.425531914893617,3p
2026,C,makes,0.039473684210526314,3p
2026,F,makes,0.286503195248658,3p
2026,F-C,makes,0.3277777777777778,3p
2026,F-G,makes,0.9042016806722689,3p
2026,G,makes,0.7681698382645087,3p
2026,G-F,makes,1.1471521345873386,3p
2026,Unknown,makes,,3p
2001,Forward,pct,0.36875,3p
2001,Forward-Center,pct,0.0,3p
2001,Forward-Guard,pct,0.323,3p
2001,Guard,pct,0.3511666666666667,3p
2001,Guard-Forward,pct,0.407,3p
2001,Unknown,pct,0.256,3p
2002,Center,pct,0.1,3p
2002,Center-Forward,pct,0.2,3p
2002,Forward,pct,0.24420000000000003,3p
2002,Forward-Center,pct,0.333,3p
2002,Forward-Guard,pct,0.364,3p
2002,Guard,pct,0.28875,3p
2002,Guard-Forward,pct,0.292,3p
2002,Unknown,pct,0.192,3p
2003,Center,pct,0.25,3p
2003,Center-Forward,pct,0.0,3p
2003,Forward,pct,0.20199999999999999,3p
2003,Forward-Center,pct,0.2,3p
2003,Forward-Guard,pct,0.333,3p
2003,Guard,pct,0.3056666666666667,3p
2004,Center,pct,0.0,3p
2004,Center-Forward,pct,0.1155,3p
2004,Forward,pct,0.2678333333333333,3p
2004,Forward-Center,pct,0.188,3p
2004,Forward-Guard,pct,0.303,3p
2004,Guard,pct,0.3315714285714286,3p
2004,Guard-Forward,pct,0.3145,3p
2004,Unknown,pct,0.281,3p
2005,Center,pct,0.0666,3p
2005,Center-Forward,pct,0.0,3p
2005,Forward,pct,0.20060000000000003,3p
2005,Forward-Center,pct,0.0,3p
2005,Forward-Guard,pct,0.232,3p
2005,Guard,pct,0.335375,3p
2005,Guard-Forward,pct,0.359,3p
2006,Center,pct,0.0,3p
2006,Center-Forward,pct,0.0,3p
2006,Forward,pct,0.2476,3p
2006,Forward-Center,pct,0.333,3p
2006,Forward-Guard,pct,0.195,3p
2006,Guard,pct,0.3456666666666666,3p
2006,Guard-Forward,pct,0.285,3p
2007,Center-Forward,pct,0.291,3p
2007,Forward,pct,0.18644444444444444,3p
2007,Forward-Center,pct,0.0,3p
2007,Forward-Guard,pct,0.364,3p
2007,Guard,pct,0.29183333333333333,3p
2008,Center,pct,0.0,3p
2008,Center-Forward,pct,0.0,3p
2008,Forward,pct,0.3048571428571428,3p
2008,Forward-Center,pct,0.0,3p
2008,Guard,pct,0.2692,3p
2008,Guard-Forward,pct,0.194,3p
2009,Center,pct,0.0,3p
2009,Center-Forward,pct,0.0,3p
2009,Forward,pct,0.193,3p
2009,Forward-Center,pct,0.11833333333333333,3p
2009,Guard,pct,0.3537142857142857,3p
2009,Guard-Forward,pct,0.371,3p
2009,Unknown,pct,0.0,3p
2010,Center,pct,0.0,3p
2010,Center-Forward,pct,0.0,3p
2010,Forward,pct,0.257875,3p
2010,Forward-Center,pct,0.0,3p
2010,Forward-Guard,pct,0.196,3p
2010,Guard,pct,0.35028571428571426,3p
2010,Guard-Forward,pct,0.3113333333333333,3p
2011,Center,pct,0.167,3p
2011,Center-Forward,pct,0.0,3p
2011,Forward,pct,0.16875,3p
2011,Forward-Center,pct,0.0,3p
2011,Forward-Guard,pct,0.237,3p
2011,Guard,pct,0.28600000000000003,3p
2011,Guard-Forward,pct,0.35550000000000004,3p
2012,Center,pct,0.0,3p
2012,Center-Forward,pct,0.0,3p
2012,Forward,pct,0.26466666666666666,3p
2012,Guard,pct,0.31966666666666665,3p
2013,Center-Forward,pct,0.0,3p
2013,Forward,pct,0.25742857142857145,3p
2013,Forward-Center,pct,0.143,3p
2013,Forward-Guard,pct,0.274,3p
2013,Guard,pct,0.307875,3p
2014,Forward,pct,0.31,3p
2014,Forward-Center,pct,0.1755,3p
2014,Guard,pct,0.2955,3p
2014,Guard-Forward,pct,0.2585,3p
2015,Center,pct,0.0,3p
2015,Forward,pct,0.24325,3p
2015,Forward-Guard,pct,0.273,3p
2015,Guard,pct,0.309375,3p
2015,Guard-Forward,pct,0.287,3p
2016,Center,pct,0.0,3p
2016,Center-Forward,pct,0.24066666666666667,3p
2016,Forward,pct,0.21825,3p
2016,Forward-Center,pct,0.22333333333333336,3p
2016,Forward-Guard,pct,0.29925,3p
2016,Guard,pct,0.306,3p
2016,Guard-Forward,pct,0.337,3p
2017,Center,pct,0.0,3p
2017,Forward,pct,0.316,3p
2017,Forward-Center,pct,0.35800000000000004,3p
2017,Guard,pct,0.3408333333333333,3p
2017,Guard-Forward,pct,0.23666666666666666,3p
2018,Center,pct,0.333,3p
2018,Center-Forward,pct,0.0,3p
2018,Forward,pct,0.2312857142857143,3p
2018,Forward-Center,pct,0.351,3p
2018,Forward-Guard,pct,0.40249999999999997,3p
2018,Guard,pct,0.34863636363636363,3p
2018,Guard-Forward,pct,0.30674999999999997,3p
2019,Center,pct,0.15,3p
2019,Center-Forward,pct,0.094,3p
2019,Forward,pct,0.317,3p
2019,Forward-Center,pct,0.3225,3p
2019,Forward-Guard,pct,0.3006666666666667,3p
2019,Guard,pct,0.326,3p
2019,Guard-Forward,pct,0.326,3p
2020,Center-Forward,pct,0.22,3p
2020,Forward,pct,0.2967142857142857,3p
2020,Forward-Center,pct,0.0,3p
2020,Forward-Guard,pct,0.311,3p
2020,Guard,pct,0.34299999999999997,3p
2020,Guard-Forward,pct,0.3242,3p
2021,Forward,pct,0.33525,3p
2021,Forward-Center,pct,0.24666666666666667,3p
2021,Forward-Guard,pct,0.29,3p
2021,Guard,pct,0.3452727272727273,3p
2021,Guard-Forward,pct,0.375,3p
2022,Center,pct,0.196,3p
2022,Forward,pct,0.349375,3p
2022,Forward-Center,pct,0.423,3p
2022,Forward-Guard,pct,0.301,3p
2022,Guard,pct,0.31825,3p
2023,Center,pct,0.111,3p
2023,Forward,pct,0.32875,3p
2023,Guard,pct,0.352125,3p
2023,Guard-Forward,pct,0.34299999999999997,3p
2024,Center,pct,0.0,3p
2024,Forward,pct,0.29275,3p
2024,Forward-Center,pct,0.34450000000000003,3p
2024,Guard,pct,0.35444444444444445,3p
2024,Guard-Forward,pct,0.22766666666666668,3p
2025,Center,pct,0.28757142857142853,3p
2025,Forward,pct,0.26949999999999996,3p
2025,Guard,pct,0.3303,3p
2025,Guard-Forward,pct,0.345,3p
2026,C,pct,0.04533333333333334,3p
2026,F,pct,0.23457142857142857,3p
2026,F-C,pct,0.1948,3p
2026,F-G,pct,0.298,3p
2026,G,pct,0.30813636363636365,3p
2026,G-F,pct,0.3333333333333333,3p
2026,Unknown,pct,,3p
2001,Forward,attempts,2.0923299534238646,ft
2001,Forward-Center,attempts,1.7625,ft
2001,Forward-Guard,attempts,1.1153846153846154,ft
2001,Guard,attempts,1.1816150948323079,ft
2001,Guard-Forward,attempts,1.5609756097560976,ft
2001,Unknown,attempts,2.236111111111111,ft
2002,Center,attempts,2.123185976925015,ft
2002,Center-Forward,attempts,5.817073170731708,ft
2002,Forward,attempts,2.002513910316927,ft
2002,Forward-Center,attempts,1.9024390243902438,ft
2002,Forward-Guard,attempts,1.4615384615384615,ft
2002,Guard,attempts,2.076424963924964,ft
2002,Guard-Forward,attempts,0.6883116883116883,ft
2002,Unknown,attempts,0.4117647058823529,ft
2003,Center,attempts,2.833623693379791,ft
2003,Center-Forward,attempts,2.8427884615384618,ft
2003,Forward,attempts,2.196731773890773,ft
2003,Forward-Center,attempts,5.902439024390244,ft
2003,Forward-Guard,attempts,0.37735849056603776,ft
2003,Guard,attempts,1.951184521587657,ft
2004,Center,attempts,1.7317073170731707,ft
2004,Center-Forward,attempts,1.0118421052631579,ft
2004,Forward,attempts,3.2005159181680365,ft
2004,Forward-Center,attempts,1.0816326530612246,ft
2004,Forward-Guard,attempts,2.0597014925373136,ft
2004,Guard,attempts,2.002492334019993,ft
2004,Guard-Forward,attempts,1.2371250216750478,ft
2004,Unknown,attempts,1.2244897959183674,ft
2005,Center,attempts,2.196370876124362,ft
2005,Center-Forward,attempts,5.036585365853658,ft
2005,Forward,attempts,2.3785509892079504,ft
2005,Forward-Center,attempts,1.6304347826086956,ft
2005,Forward-Guard,attempts,2.8875,ft
2005,Guard,attempts,1.6358622752582033,ft
2005,Guard-Forward,attempts,2.267500791891036,ft
2006,Center,attempts,2.3658536585365852,ft
2006,Center-Forward,attempts,2.782608695652174,ft
2006,Forward,attempts,2.343549169412051,ft
2006,Forward-Center,attempts,3.523076923076923,ft
2006,Forward-Guard,attempts,1.2307692307692308,ft
2006,Guard,attempts,2.292714556687027,ft
2006,Guard-Forward,attempts,1.507462686567164,ft
2007,Center-Forward,attempts,1.9292633292633292,ft
2007,Forward,attempts,1.693988518458505,ft
2007,Forward-Center,attempts,1.1964285714285714,ft
2007,Forward-Guard,attempts,2.6794871794871793,ft
2007,Guard,attempts,1.8751055974342623,ft
2008,Center,attempts,1.6229508196721312,ft
2008,Center-Forward,attempts,2.617283950617284,ft
2008,Forward,attempts,2.6197357524333604,ft
2008,Forward-Center,attempts,1.8320570029293892,ft
2008,Guard,attempts,1.4767998538078486,ft
2008,Guard-Forward,attempts,1.3924050632911393,ft
2009,Center,attempts,1.9454261901109577,ft
2009,Center-Forward,attempts,2.16,ft
2009,Forward,attempts,1.9659553745989347,ft
2009,Forward-Center,attempts,3.1022797007154317,ft
2009,Guard,attempts,3.2900699388794625,ft
2009,Guard-Forward,attempts,0.7691139240506328,ft
2009,Unknown,attempts,2.238095238095238,ft
2010,Center,attempts,1.3676470588235294,ft
2010,Center-Forward,attempts,1.9634146341463414,ft
2010,Forward,attempts,1.5009791617235173,ft
2010,Forward-Center,attempts,1.446808510638298,ft
2010,Forward-Guard,attempts,2.1875,ft
2010,Guard,attempts,2.1894315858690385,ft
2010,Guard-Forward,attempts,2.263430633293647,ft
2011,Center,attempts,4.962962962962963,ft
2011,Center-Forward,attempts,1.5363395225464191,ft
2011,Forward,attempts,1.4390205473538806,ft
2011,Forward-Center,attempts,1.426772030651341,ft
2011,Forward-Guard,attempts,1.2664890073284476,ft
2011,Guard,attempts,3.6688137412775097,ft
2011,Guard-Forward,attempts,1.6976235146966854,ft
2012,Center,attempts,1.9303751803751803,ft
2012,Center-Forward,attempts,3.2,ft
2012,Forward,attempts,1.4346234905445432,ft
2012,Guard,attempts,1.9502552865923437,ft
2013,Center-Forward,attempts,0.7894736842105263,ft
2013,Forward,attempts,1.4219542167982233,ft
2013,Forward-Center,attempts,2.281480370474936,ft
2013,Forward-Guard,attempts,1.6842105263157894,ft
2013,Guard,attempts,1.8238518088178926,ft
2014,Forward,attempts,2.0794784311733463,ft
2014,Forward-Center,attempts,2.0909407665505224,ft
2014,Guard,attempts,2.1053373229869816,ft
2014,Guard-Forward,attempts,0.9151234567901234,ft
2015,Center,attempts,2.129032258064516,ft
2015,Forward,attempts,2.6411643996247656,ft
2015,Forward-Guard,attempts,0.42424242424242425,ft
2015,Guard,attempts,1.5493895217137763,ft
2015,Guard-Forward,attempts,2.1451612903225805,ft
2016,Center,attempts,1.893939393939394,ft
2016,Center-Forward,attempts,3.010234187247533,ft
2016,Forward,attempts,1.4591982043713543,ft
2016,Forward-Center,attempts,2.113327002215891,ft
2016,Forward-Guard,attempts,1.1452011444425179,ft
2016,Guard,attempts,1.492645083589356,ft
2016,Guard-Forward,attempts,1.2950819672131149,ft
2017,Center,attempts,1.2894736842105263,ft
2017,Forward,attempts,1.9417562472517707,ft
2017,Forward-Center,attempts,1.3097446196861402,ft
2017,Guard,attempts,1.1492876874820188,ft
2017,Guard-Forward,attempts,1.264468305658237,ft
2018,Center,attempts,2.0416666666666665,ft
2018,Center-Forward,attempts,2.5942028985507246,ft
2018,Forward,attempts,0.9463193478234696,ft
2018,Forward-Center,attempts,2.4773449920508748,ft
2018,Forward-Guard,attempts,2.031418918918919,ft
2018,Guard,attempts,1.740305398481415,ft
2018,Guard-Forward,attempts,1.6409773562327636,ft
2019,Center,attempts,2.0011986814504046,ft
2019,Center-Forward,attempts,2.2954545454545454,ft
2019,Forward,attempts,1.5892544594673703,ft
2019,Forward-Center,attempts,2.3145549318364074,ft
2019,Forward-Guard,attempts,2.8288466425258876,ft
2019,Guard,attempts,1.818018744674549,ft
2019,Guard-Forward,attempts,0.868173085977964,ft
2020,Center-Forward,attempts,1.7899305555555556,ft
2020,Forward,attempts,2.0104519638676903,ft
2020,Forward-Center,attempts,1.3953488372093024,ft
2020,Forward-Guard,attempts,2.4776272577996714,ft
2020,Guard,attempts,2.0825174086699985,ft
2020,Guard-Forward,attempts,1.1365155411072012,ft
2021,Forward,attempts,0.9568843166526039,ft
2021,Forward-Center,attempts,0.9500280112044818,ft
2021,Forward-Guard,attempts,2.343283582089552,ft
2021,Guard,attempts,1.5111935042777171,ft
2021,Guard-Forward,attempts,1.3543478260869566,ft
2022,Center,attempts,2.215740802109108,ft
2022,Forward,attempts,1.4041684709041984,ft
2022,Forward-Center,attempts,0.5365853658536586,ft
2022,Forward-Guard,attempts,2.9054054054054053,ft
2022,Guard,attempts,1.6582504053165352,ft
2023,Center,attempts,2.2492487280755245,ft
2023,Forward,attempts,1.6815753207864697,ft
2023,Guard,attempts,1.5506168201639086,ft
2023,Guard-Forward,attempts,3.0646153846153847,ft
2024,Center,attempts,1.4727272727272727,ft
2024,Forward,attempts,1.344028978161866,ft
2024,Forward-Center,attempts,3.2366809552969995,ft
2024,Guard,attempts,1.5304268531384304,ft
2024,Guard-Forward,attempts,1.6766381766381766,ft
2025,Center,attempts,1.7727902284700303,ft
2025,Forward,attempts,1.2978952669134012,ft
2025,Guard,attempts,1.51795516986561,ft
2025,Guard-Forward,attempts,0.5106382978723404,ft
2026,C,attempts,0.8236336032388664,ft
2026,F,attempts,0.8689909039840982,ft
2026,F-C,attempts,1.1787106655527708,ft
2026,F-G,attempts,2.6176470588235294,ft
2026,G,attempts,0.9689940201984382,ft
2026,G-F,attempts,1.1804002656831143,ft
2026,Unknown,attempts,,ft
2001,Forward,makes,1.2460840281531715,ft
2001,Forward-Center,makes,1.0625,ft
2001,Forward-Guard,makes,0.8205128205128205,ft
2001,Guard,makes,0.9047417427745296,ft
2001,Guard-Forward,makes,1.1097560975609757,ft
2001,Unknown,makes,1.625,ft
2002,Center,makes,1.4132370667688234,ft
2002,Center-Forward,makes,4.121951219512195,ft
2002,Forward,makes,1.393367637955812,ft
2002,Forward-Center,makes,1.475609756097561,ft
2002,Forward-Guard,makes,1.1153846153846154,ft
2002,Guard,makes,1.4506493506493507,ft
2002,Guard-Forward,makes,0.5324675324675324,ft
2002,Unknown,makes,0.2647058823529412,ft
2003,Center,makes,2.131284221005475,ft
2003,Center-Forward,makes,1.73125,ft
2003,Forward,makes,1.6710322439943102,ft
2003,Forward-Center,makes,3.902439024390244,ft
2003,Forward-Guard,makes,0.1320754716981132,ft
2003,Guard,makes,1.4357546348139854,ft
2004,Center,makes,1.2073170731707317,ft
2004,Center-Forward,makes,0.6684210526315789,ft
2004,Forward,makes,2.39912010161434,ft
2004,Forward-Center,makes,0.7142857142857143,ft
2004,Forward-Guard,makes,1.4477611940298507,ft
2004,Guard,makes,1.5415321499029455,ft
2004,Guard-Forward,makes,0.8565978845153459,ft
2004,Unknown,makes,0.7755102040816326,ft
2005,Center,makes,1.3263292030916898,ft
2005,Center-Forward,makes,3.3780487804878048,ft
2005,Forward,makes,1.5196782989253017,ft
2005,Forward-Center,makes,1.0434782608695652,ft
2005,Forward-Guard,makes,2.375,ft
2005,Guard,makes,1.2486999114507886,ft
2005,Guard-Forward,makes,1.6784922394678492,ft
2006,Center,makes,1.4878048780487805,ft
2006,Center-Forward,makes,2.130434782608696,ft
2006,Forward,makes,1.7889093716420632,ft
2006,Forward-Center,makes,2.9076923076923076,ft
2006,Forward-Guard,makes,0.8782051282051282,ft
2006,Guard,makes,1.8014881626920776,ft
2006,Guard-Forward,makes,1.164179104477612,ft
2007,Center-Forward,makes,1.4918283362727809,ft
2007,Forward,makes,1.1075432024941982,ft
2007,Forward-Center,makes,0.7142857142857143,ft
2007,Forward-Guard,makes,1.9487179487179487,ft
2007,Guard,makes,1.4279858659277356,ft
2008,Center,makes,0.9180327868852459,ft
2008,Center-Forward,makes,1.9135802469135803,ft
2008,Forward,makes,2.0650144036206295,ft
2008,Forward-Center,makes,1.2103087225653917,ft
2008,Guard,makes,1.1039922944553582,ft
2008,Guard-Forward,makes,1.1139240506329113,ft
2009,Center,makes,1.2244490463772564,ft
2009,Center-Forward,makes,1.4266666666666667,ft
2009,Forward,makes,1.5036944109472992,ft
2009,Forward-Center,makes,2.325792775039799,ft
2009,Guard,makes,2.7486398189069505,ft
2009,Guard-Forward,makes,0.5724894514767932,ft
2009,Unknown,makes,1.6031746031746033,ft
2010,Center,makes,0.7941176470588235,ft
2010,Center-Forward,makes,1.0731707317073171,ft
2010,Forward,makes,1.0266872170317622,ft
2010,Forward-Center,makes,0.9787234042553191,ft
2010,Forward-Guard,makes,1.7,ft
2010,Guard,makes,1.7462591796188769,ft
2010,Guard-Forward,makes,1.7383978274389233,ft
2011,Center,makes,3.4074074074074074,ft
2011,Center-Forward,makes,0.9082228116710875,ft
2011,Forward,makes,0.9665263748597082,ft
2011,Forward-Center,makes,0.8861590038314177,ft
2011,Forward-Guard,makes,0.83927381745503,ft
2011,Guard,makes,2.792270531400966,ft
2011,Guard-Forward,makes,1.3364602876797997,ft
2012,Center,makes,1.077922077922078,ft
2012,Center-Forward,makes,1.7666666666666666,ft
2012,Forward,makes,0.9811262689552164,ft
2012,Guard,makes,1.569142414122816,ft
2013,Center-Forward,makes,0.5263157894736842,ft
2013,Forward,makes,1.0303301515124175,ft
2013,Forward-Center,makes,1.7475149397703744,ft
2013,Forward-Guard,makes,0.9605263157894737,ft
2013,Guard,makes,1.3574669014533023,ft
2014,Forward,makes,1.5009228060075517,ft
2014,Forward-Center,makes,1.5973867595818816,ft
2014,Guard,makes,1.5708548957488662,ft
2014,Guard-Forward,makes,0.741820987654321,ft
2015,Center,makes,1.3548387096774193,ft
2015,Forward,makes,1.8396048311444653,ft
2015,Forward-Guard,makes,0.2727272727272727,ft
2015,Guard,makes,1.134558949244171,ft
2015,Guard-Forward,makes,1.6129032258064515,ft
2016,Center,makes,1.2272727272727273,ft
2016,Center-Forward,makes,2.231870941350923,ft
2016,Forward,makes,1.0383400537634409,ft
2016,Forward-Center,makes,1.580128205128205,ft
2016,Forward-Guard,makes,0.8854461502892229,ft
2016,Guard,makes,1.1256370615503741,ft
2016,Guard-Forward,makes,1.098360655737705,ft
2017,Center,makes,0.8421052631578947,ft
2017,Forward,makes,1.2553795129435759,ft
2017,Forward-Center,makes,0.8934569870242385,ft
2017,Guard,makes,0.9405114288783697,ft
2017,Guard-Forward,makes,0.923125819006826,ft
2018,Center,makes,1.5833333333333333,ft
2018,Center-Forward,makes,1.8695652173913044,ft
2018,Forward,makes,0.6718353272540699,ft
2018,Forward-Center,makes,1.928060413354531,ft
2018,Forward-Guard,makes,1.5947635135135134,ft
2018,Guard,makes,1.273444678446714,ft
2018,Guard-Forward,makes,1.1442859500268612,ft
2019,Center,makes,1.386574767755469,ft
2019,Center-Forward,makes,1.625,ft
2019,Forward,makes,1.1413827090408828,ft
2019,Forward-Center,makes,1.8017241379310345,ft
2019,Forward-Guard,makes,2.0087986786099994,ft
2019,Guard,makes,1.421916659640691,ft
2019,Guard-Forward,makes,0.6497564114637285,ft
2020,Center-Forward,makes,1.1831597222222223,ft
2020,Forward,makes,1.4841093550968876,ft
2020,Forward-Center,makes,0.7441860465116279,ft
2020,Forward-Guard,makes,1.7141146688560482,ft
2020,Guard,makes,1.6640985501011014,ft
2020,Guard-Forward,makes,0.7055758812391385,ft
2021,Forward,makes,0.6764005178021534,ft
2021,Forward-Center,makes,0.6489635854341737,ft
2021,Forward-Guard,makes,1.7014925373134329,ft
2021,Guard,makes,1.1594725791228073,ft
2021,Guard-Forward,makes,1.1248447204968943,ft
2022,Center,makes,1.4386598621420996,ft
2022,Forward,makes,1.123945985759692,ft
2022,Forward-Center,makes,0.43902439024390244,ft
2022,Forward-Guard,makes,2.135135135135135,ft
2022,Guard,makes,1.2981139763412857,ft
2023,Center,makes,1.3663611546291172,ft
2023,Forward,makes,1.2500619877907841,ft
2023,Guard,makes,1.1286116064679863,ft
2023,Guard-Forward,makes,2.513504273504273,ft
2024,Center,makes,0.7454545454545455,ft
2024,Forward,makes,0.9466645013183781,ft
2024,Forward-Center,makes,2.5128597672994486,ft
2024,Guard,makes,1.217477161175791,ft
2024,Guard-Forward,makes,1.1079470111728176,ft
2025,Center,makes,1.1729705690104892,ft
2025,Forward,makes,0.9515570126216619,ft
2025,Guard,makes,1.1592075628306233,ft
2025,Guard-Forward,makes,0.40425531914893614,ft
2026,C,makes,0.649017375168691,ft
2026,F,makes,0.5682828359212206,ft
2026,F-C,makes,0.8850181008075746,ft
2026,F-G,makes,2.194397759103641,ft
2026,G,makes,0.8019335689707359,ft
2026,G-F,makes,0.9344660341786779,ft
2026,Unknown,makes,,ft
2001,Forward,pct,0.62025,ft
2001,Forward-Center,pct,0.603,ft
2001,Forward-Guard,pct,0.736,ft
2001,Guard,pct,0.7643333333333334,ft
2001,Guard-Forward,pct,0.711,ft
2001,Unknown,pct,0.727,ft
2002,Center,pct,0.6726,ft
2002,Center-Forward,pct,0.709,ft
2002,Forward,pct,0.6779999999999999,ft
2002,Forward-Center,pct,0.776,ft
2002,Forward-Guard,pct,0.763,ft
2002,Guard,pct,0.70825,ft
2002,Guard-Forward,pct,0.774,ft
2002,Unknown,pct,0.643,ft
2003,Center,pct,0.6645000000000001,ft
2003,Center-Forward,pct,0.6405,ft
2003,Forward,pct,0.7494285714285714,ft
2003,Forward-Center,pct,0.661,ft
2003,Forward-Guard,pct,0.35,ft
2003,Guard,pct,0.7120000000000001,ft
2004,Center,pct,0.697,ft
2004,Center-Forward,pct,0.6759999999999999,ft
2004,Forward,pct,0.7393333333333333,ft
2004,Forward-Center,pct,0.66,ft
2004,Forward-Guard,pct,0.703,ft
2004,Guard,pct,0.7774285714285715,ft
2004,Guard-Forward,pct,0.7025,ft
2004,Unknown,pct,0.633,ft
2005,Center,pct,0.6134000000000001,ft
2005,Center-Forward,pct,0.671,ft
2005,Forward,pct,0.619,ft
2005,Forward-Center,pct,0.64,ft
2005,Forward-Guard,pct,0.823,ft
2005,Guard,pct,0.745625,ft
2005,Guard-Forward,pct,0.74,ft
2006,Center,pct,0.629,ft
2006,Center-Forward,pct,0.766,ft
2006,Forward,pct,0.7654,ft
2006,Forward-Center,pct,0.825,ft
2006,Forward-Guard,pct,0.6385000000000001,ft
2006,Guard,pct,0.7717777777777778,ft
2006,Guard-Forward,pct,0.772,ft
2007,Center-Forward,pct,0.77,ft
2007,Forward,pct,0.6323333333333333,ft
2007,Forward-Center,pct,0.597,ft
2007,Forward-Guard,pct,0.727,ft
2007,Guard,pct,0.7441666666666666,ft
2008,Center,pct,0.566,ft
2008,Center-Forward,pct,0.731,ft
2008,Forward,pct,0.7587142857142857,ft
2008,Forward-Center,pct,0.6583333333333333,ft
2008,Guard,pct,0.7646,ft
2008,Guard-Forward,pct,0.8,ft
2009,Center,pct,0.623,ft
2009,Center-Forward,pct,0.66,ft
2009,Forward,pct,0.75325,ft
2009,Forward-Center,pct,0.7513333333333333,ft
2009,Guard,pct,0.8322857142857142,ft
2009,Guard-Forward,pct,0.7525,ft
2009,Unknown,pct,0.716,ft
2010,Center,pct,0.581,ft
2010,Center-Forward,pct,0.547,ft
2010,Forward,pct,0.689125,ft
2010,Forward-Center,pct,0.676,ft
2010,Forward-Guard,pct,0.777,ft
2010,Guard,pct,0.8002142857142857,ft
2010,Guard-Forward,pct,0.7639999999999999,ft
2011,Center,pct,0.687,ft
2011,Center-Forward,pct,0.6055,ft
2011,Forward,pct,0.68675,ft
2011,Forward-Center,pct,0.6306666666666666,ft
2011,Forward-Guard,pct,0.6655,ft
2011,Guard,pct,0.755,ft
2011,Guard-Forward,pct,0.7885,ft
2012,Center,pct,0.575,ft
2012,Center-Forward,pct,0.552,ft
2012,Forward,pct,0.6749999999999999,ft
2012,Guard,pct,0.8073333333333333,ft
2013,Center-Forward,pct,0.667,ft
2013,Forward,pct,0.7554285714285714,ft
2013,Forward-Center,pct,0.7746666666666666,ft
2013,Forward-Guard,pct,0.57,ft
2013,Guard,pct,0.695125,ft
2014,Forward,pct,0.7120000000000001,ft
2014,Forward-Center,pct,0.7705,ft
2014,Guard,pct,0.745625,ft
2014,Guard-Forward,pct,0.764,ft
2015,Center,pct,0.636,ft
2015,Forward,pct,0.685,ft
2015,Forward-Guard,pct,0.643,ft
2015,Guard,pct,0.72725,ft
2015,Guard-Forward,pct,0.752,ft
2016,Center,pct,0.648,ft
2016,Center-Forward,pct,0.7413333333333334,ft
2016,Forward,pct,0.7092499999999999,ft
2016,Forward-Center,pct,0.6966666666666667,ft
2016,Forward-Guard,pct,0.7937500000000001,ft
2016,Guard,pct,0.7624444444444445,ft
2016,Guard-Forward,pct,0.848,ft
2017,Center,pct,0.653,ft
2017,Forward,pct,0.6733333333333333,ft
2017,Forward-Center,pct,0.6709999999999999,ft
2017,Guard,pct,0.7981666666666666,ft
2017,Guard-Forward,pct,0.638,ft
2018,Center,pct,0.776,ft
2018,Center-Forward,pct,0.721,ft
2018,Forward,pct,0.6964285714285714,ft
2018,Forward-Center,pct,0.7789999999999999,ft
2018,Forward-Guard,pct,0.7275,ft
2018,Guard,pct,0.7267272727272727,ft
2018,Guard-Forward,pct,0.764,ft
2019,Center,pct,0.6665,ft
2019,Center-Forward,pct,0.6975,ft
2019,Forward,pct,0.7276666666666666,ft
2019,Forward-Center,pct,0.7885,ft
2019,Forward-Guard,pct,0.7016666666666667,ft
2019,Guard,pct,0.7560909090909091,ft
2019,Guard-Forward,pct,0.72175,ft
2020,Center-Forward,pct,0.687,ft
2020,Forward,pct,0.7215714285714286,ft
2020,Forward-Center,pct,0.533,ft
2020,Forward-Guard,pct,0.704,ft
2020,Guard,pct,0.7976666666666667,ft
2020,Guard-Forward,pct,0.6424,ft
2021,Forward,pct,0.6992499999999999,ft
2021,Forward-Center,pct,0.7093333333333334,ft
2021,Forward-Guard,pct,0.726,ft
2021,Guard,pct,0.7719090909090909,ft
2021,Guard-Forward,pct,0.815,ft
2022,Center,pct,0.5932499999999999,ft
2022,Forward,pct,0.80975,ft
2022,Forward-Center,pct,0.818,ft
2022,Forward-Guard,pct,0.735,ft
2022,Guard,pct,0.7705,ft
2023,Center,pct,0.606,ft
2023,Forward,pct,0.7464166666666667,ft
2023,Guard,pct,0.7315,ft
2023,Guard-Forward,pct,0.81,ft
2024,Center,pct,0.506,ft
2024,Forward,pct,0.71775,ft
2024,Forward-Center,pct,0.748,ft
2024,Guard,pct,0.7875555555555556,ft
2024,Guard-Forward,pct,0.6803333333333333,ft
2025,Center,pct,0.6745714285714286,ft
2025,Forward,pct,0.7186,ft
2025,Guard,pct,0.772,ft
2025,Guard-Forward,pct,0.792,ft
2026,C,pct,0.7985,ft
2026,F,pct,0.6402857142857143,ft
2026,F-C,pct,0.5925,ft
2026,F-G,pct,0.886,ft
2026,G,pct,0.8281499999999999,ft
2026,G-F,pct,0.7447777777777778,ft
2026,Unknown,pct,,ft
