season,height_in,position_group,count,minutes
2001,73.0,Guard,1.0,544.805
2001,74.0,Guard,1.0,628.5383333333333
2001,77.0,Guard,3.0,3944.0616666666674
2001,78.0,Forward,1.0,1356.0533333333333
2001,79.0,Guard,1.0,1810.575
2001,80.0,Guard-Forward,1.0,2388.935
2001,81.0,Forward,3.0,5049.365
2001,81.0,Forward-Guard,1.0,1309.915
2001,82.0,Forward-Center,1.0,1313.22
2002,74.0,Guard,2.0,2831.036666666667
2002,75.0,Guard,1.0,2443.415
2002,77.0,Forward-Guard,1.0,2235.5783333333334
2002,78.0,Forward,1.0,339.69666666666666
2002,78.0,Guard,1.0,2627.845
2002,79.0,Forward,2.0,2351.1399999999994
2002,79.0,Guard-Forward,1.0,1916.736666666667
2002,80.0,Forward,1.0,3098.1
2002,81.0,Forward,1.0,1895.4766666666667
2002,83.0,Center,1.0,1444.6616666666666
2002,83.0,Forward-Center,1.0,1450.3916666666669
2002,84.0,Center,3.0,3309.9716666666664
2002,84.0,Center-Forward,1.0,3001.866666666667
2002,86.0,Center,1.0,515.7033333333334
2003,74.0,Guard,1.0,1961.19
2003,75.0,Guard,1.0,1384.9083333333333
2003,78.0,Guard,1.0,874.7516666666667
2003,79.0,Forward,3.0,5750.199999999999
2003,80.0,Forward,1.0,683.6466666666666
2003,80.0,Forward-Guard,1.0,334.9783333333333
2003,81.0,Forward,1.0,2047.9583333333333
2003,82.0,Center-Forward,1.0,802.9716666666667
2003,82.0,Forward,1.0,1875.57
2003,82.0,Forward-Center,1.0,2569.938333333333
2003,83.0,Center,1.0,759.3583333333333
2003,83.0,Center-Forward,1.0,2258.3283333333334
2003,84.0,Forward,1.0,1319.9883333333332
2003,90.0,Center,1.0,2381.893333333333
2004,72.0,Guard,1.0,1484.0883333333334
2004,74.0,Guard,1.0,1377.5166666666669
2004,75.0,Guard,3.0,3655.31
2004,76.0,Guard,2.0,4845.118333333333
2004,77.0,Guard-Forward,1.0,1786.045
2004,79.0,Forward,1.0,2991.2316666666666
2004,79.0,Forward-Guard,1.0,1586.435
2004,79.0,Guard-Forward,1.0,1136.5083333333334
2004,80.0,Center-Forward,1.0,1915.235
2004,80.0,Forward,2.0,2761.918333333333
2004,81.0,Center-Forward,1.0,437.77166666666665
2004,81.0,Forward,2.0,4055.9033333333327
2004,83.0,Forward,1.0,2516.485
2004,83.0,Forward-Center,1.0,574.5916666666667
2004,84.0,Center,1.0,1850.2966666666664
2005,72.0,Guard,2.0,2945.116666666667
2005,73.0,Guard,1.0,2171.7633333333333
2005,75.0,Guard,3.0,4344.963333333333
2005,76.0,Guard,1.0,813.5316666666666
2005,76.0,Guard-Forward,1.0,1254.4733333333334
2005,78.0,Guard,1.0,1863.5216666666668
2005,78.0,Guard-Forward,1.0,2680.843333333333
2005,80.0,Forward,1.0,1380.631666666667
2005,80.0,Forward-Guard,1.0,2371.7716666666665
2005,81.0,Forward,3.0,4580.028333333334
2005,82.0,Center,2.0,3643.845
2005,82.0,Center-Forward,1.0,2678.443333333333
2005,82.0,Forward-Center,1.0,706.105
2005,83.0,Center,1.0,735.595
2005,83.0,Forward,1.0,868.7616666666667
2005,84.0,Center,2.0,1142.2133333333334
2006,69.0,Guard,1.0,1543.6516666666666
2006,72.0,Guard,1.0,2808.475
2006,73.0,Guard,2.0,3641.7666666666655
2006,75.0,Guard,4.0,7186.57
2006,76.0,Guard,1.0,1362.243333333333
2006,79.0,Forward,2.0,2956.8366666666666
2006,79.0,Forward-Guard,1.0,370.1666666666667
2006,79.0,Guard-Forward,1.0,1301.22
2006,80.0,Forward,1.0,1952.2616666666668
2006,81.0,Center-Forward,1.0,398.4316666666667
2006,81.0,Forward,1.0,1031.4083333333333
2006,81.0,Forward-Guard,1.0,1765.335
2006,83.0,Forward,1.0,2361.0066666666667
2006,84.0,Center,1.0,2348.13
2006,84.0,Forward-Center,1.0,1572.355
2007,73.0,Guard,1.0,1830.9383333333333
2007,75.0,Guard,2.0,1220.9233333333332
2007,76.0,Guard,1.0,1879.3333333333333
2007,78.0,Guard,2.0,2791.5933333333337
2007,79.0,Forward,4.0,4513.29
2007,80.0,Forward,3.0,4109.816666666667
2007,80.0,Forward-Guard,1.0,2103.31
2007,81.0,Center-Forward,1.0,1513.44
2007,81.0,Forward,1.0,752.6716666666666
2007,82.0,Forward,1.0,556.22
2007,83.0,Center-Forward,1.0,1391.756666666667
2007,83.0,Forward-Center,1.0,634.2066666666667
2007,84.0,Center-Forward,1.0,1629.45
2008,73.0,Guard,1.0,1381.3366666666666
2008,75.0,Guard,1.0,865.36
2008,77.0,Guard,3.0,3089.171666666667
2008,78.0,Forward,1.0,1383.8166666666666
2008,80.0,Center-Forward,1.0,2539.8866666666668
2008,80.0,Forward,4.0,6605.256666666666
2008,81.0,Guard-Forward,1.0,1802.585
2008,82.0,Forward-Center,2.0,1654.005
2008,83.0,Forward,1.0,2767.968333333333
2008,83.0,Forward-Center,1.0,1533.715
2008,84.0,Center,1.0,612.9966666666667
2008,84.0,Forward,1.0,1646.6016666666667
2009,71.0,Guard,1.0,1907.9333333333327
2009,74.0,Guard,1.0,2625.843333333333
2009,75.0,Guard,2.0,5676.699999999999
2009,76.0,Guard,1.0,2668.035
2009,77.0,Guard,2.0,5059.048333333333
2009,78.0,Guard-Forward,1.0,1802.895
2009,79.0,Guard-Forward,1.0,1453.7716666666668
2009,80.0,Forward,1.0,2113.6916666666666
2009,81.0,Forward,3.0,4785.193333333333
2009,82.0,Forward-Center,2.0,3310.125
2009,83.0,Center,1.0,771.3916666666667
2009,83.0,Forward-Center,1.0,2302.8766666666666
2009,84.0,Center-Forward,1.0,1142.5916666666667
2009,85.0,Center,2.0,3115.735
2010,71.0,Guard,1.0,1317.4366666666667
2010,72.0,Guard,2.0,4448.548333333333
2010,73.0,Guard,1.0,2670.721666666667
2010,74.0,Guard,3.0,4461.4383333333335
2010,75.0,Guard,2.0,1987.9916666666663
2010,76.0,Guard,3.0,3453.7016666666664
2010,76.0,Guard-Forward,1.0,1871.5966666666664
2010,77.0,Guard,1.0,1738.36
2010,78.0,Forward-Guard,1.0,1321.0466666666666
2010,78.0,Guard,1.0,2676.58
2010,78.0,Guard-Forward,2.0,3427.163333333334
2010,79.0,Center-Forward,1.0,1494.3166666666666
2010,79.0,Forward,3.0,2899.121666666667
2010,80.0,Forward,1.0,535.4066666666666
2010,81.0,Forward,2.0,4134.674999999999
2010,82.0,Forward,2.0,2615.59
2010,82.0,Forward-Center,1.0,624.0983333333334
2010,87.0,Center,1.0,883.2966666666666
2011,73.0,Guard,1.0,1840.5333333333333
2011,75.0,Guard,1.0,2606.055
2011,78.0,Forward-Guard,1.0,527.4316666666666
2011,78.0,Guard-Forward,1.0,1797.4016666666666
2011,79.0,Forward,1.0,733.5716666666667
2011,79.0,Forward-Guard,1.0,2069.37
2011,79.0,Guard-Forward,1.0,2541.3283333333334
2011,80.0,Forward,2.0,2514.9266666666667
2011,81.0,Center-Forward,1.0,1601.753333333333
2011,81.0,Forward,1.0,1535.7216666666666
2011,82.0,Center,1.0,2309.4266666666667
2011,82.0,Center-Forward,1.0,1029.513333333333
2011,82.0,Forward-Center,2.0,2856.491666666666
2011,83.0,Forward-Center,1.0,872.1616666666666
2012,69.0,Guard,1.0,1655.44
2012,72.0,Guard,1.0,1792.0466666666666
2012,74.0,Guard,4.0,5321.719999999999
2012,75.0,Guard,2.0,1672.3733333333334
2012,77.0,Guard,4.0,5900.341666666666
2012,78.0,Forward,1.0,1534.3966666666668
2012,80.0,Center,1.0,1455.22
2012,80.0,Forward,2.0,1896.7
2012,81.0,Center-Forward,1.0,1423.753333333333
2012,81.0,Forward,2.0,3235.103333333333
2012,82.0,Center,1.0,874.435
2012,84.0,Forward,1.0,1077.5583333333334
2013,74.0,Guard,2.0,3558.7916666666665
2013,75.0,Guard,1.0,1756.305
2013,76.0,Guard,3.0,3739.9
2013,77.0,Guard,2.0,1512.4266666666667
2013,78.0,Forward,3.0,4071.928333333333
2013,79.0,Forward,2.0,2399.8683333333333
2013,79.0,Forward-Guard,1.0,1973.605
2013,81.0,Center-Forward,1.0,637.9166666666666
2013,81.0,Forward,1.0,1249.4083333333333
2013,82.0,Forward,1.0,1055.715
2013,82.0,Forward-Center,1.0,1845.9516666666664
2013,83.0,Forward-Center,1.0,2033.1783333333333
2013,84.0,Forward-Center,1.0,1206.2516666666668
2014,72.0,Guard,1.0,2262.43
2014,75.0,Guard,3.0,5149.139999999999
2014,76.0,Guard,1.0,1309.3583333333331
2014,77.0,Guard,3.0,4529.306666666666
2014,77.0,Guard-Forward,1.0,1875.4783333333328
2014,79.0,Guard-Forward,1.0,399.04333333333335
2014,80.0,Forward,1.0,662.6383333333333
2014,83.0,Forward,2.0,3208.6749999999997
2014,83.0,Forward-Center,1.0,1416.6816666666666
2014,84.0,Forward-Center,1.0,1399.955
2015,72.0,Guard,1.0,1011.58
2015,75.0,Guard,4.0,5489.733333333334
2015,77.0,Guard,3.0,5194.594999999999
2015,78.0,Forward,1.0,2968.7966666666666
2015,78.0,Guard-Forward,1.0,1351.895
2015,79.0,Forward,1.0,1376.5483333333334
2015,80.0,Forward,1.0,614.13
2015,80.0,Forward-Guard,1.0,358.08
2015,82.0,Forward,1.0,739.6383333333333
2015,83.0,Center,1.0,1103.2583333333334
2016,72.0,Guard,1.0,572.72
2016,73.0,Guard,1.0,311.325
2016,75.0,Guard,3.0,5024.580000000001
2016,76.0,Guard,1.0,1264.7733333333333
2016,76.0,Guard-Forward,1.0,1108.0783333333334
2016,77.0,Forward-Guard,1.0,646.8766666666667
2016,77.0,Guard,1.0,2107.665
2016,78.0,Forward-Guard,2.0,3919.206666666667
2016,78.0,Guard,2.0,1383.71
2016,79.0,Forward-Center,1.0,378.6116666666667
2016,80.0,Forward-Guard,1.0,1412.8533333333332
2016,81.0,Forward,3.0,3186.475
2016,82.0,Center-Forward,1.0,1590.565
2016,82.0,Forward,1.0,379.54
2016,83.0,Center-Forward,1.0,1367.185
2016,84.0,Center,1.0,1411.545
2016,84.0,Center-Forward,1.0,2626.485
2016,84.0,Forward-Center,1.0,1707.5733333333333
2016,86.0,Forward-Center,1.0,2046.4616666666664
2017,75.0,Guard,1.0,1333.0
2017,76.0,Guard,4.0,7278.688333333333
2017,77.0,Guard-Forward,1.0,370.74
2017,78.0,Guard-Forward,1.0,1341.3266666666666
2017,79.0,Guard,1.0,1073.995
2017,79.0,Guard-Forward,1.0,1189.91
2017,80.0,Forward,2.0,3122.641666666667
2017,81.0,Forward,1.0,1743.36
2017,82.0,Forward-Center,2.0,2243.1266666666666
2017,84.0,Center,1.0,608.515
2017,84.0,Forward-Center,1.0,562.1883333333334
2018,71.0,Guard,1.0,983.9933333333332
2018,74.0,Guard,1.0,2638.11
2018,75.0,Guard,3.0,4928.14
2018,76.0,Guard,3.0,3835.7383333333337
2018,77.0,Guard,3.0,4703.3516666666665
2018,77.0,Guard-Forward,1.0,776.4466666666667
2018,78.0,Forward,2.0,2170.515
2018,78.0,Guard-Forward,1.0,712.9983333333333
2018,79.0,Forward,1.0,808.9133333333333
2018,79.0,Forward-Guard,1.0,1481.4616666666666
2018,79.0,Guard-Forward,1.0,2349.8316666666665
2018,80.0,Forward,2.0,3907.163333333334
2018,80.0,Forward-Guard,1.0,2442.911666666667
2018,80.0,Guard-Forward,1.0,1959.2183333333328
2018,81.0,Center,1.0,1441.115
2018,81.0,Center-Forward,1.0,1368.185
2018,81.0,Forward-Center,1.0,1784.62
2018,82.0,Forward,2.0,974.8533333333332
2018,85.0,Forward-Center,1.0,2020.02
2019,72.0,Guard,1.0,576.5016666666667
2019,74.0,Guard,3.0,5078.43
2019,75.0,Forward-Guard,1.0,958.19
2019,75.0,Guard,2.0,3021.3166666666666
2019,76.0,Guard,1.0,1757.17
2019,76.0,Guard-Forward,1.0,1449.3166666666666
2019,77.0,Guard,3.0,2648.6933333333327
2019,78.0,Forward-Guard,1.0,894.615
2019,78.0,Guard,1.0,2173.9066666666668
2019,78.0,Guard-Forward,2.0,4465.645
2019,79.0,Forward,1.0,1696.3333333333333
2019,79.0,Guard-Forward,1.0,440.13
2019,80.0,Forward,3.0,2921.168333333333
2019,80.0,Forward-Guard,1.0,2317.74
2019,81.0,Forward,1.0,1293.75
2019,82.0,Center-Forward,1.0,1109.8
2019,82.0,Forward,1.0,1567.495
2019,82.0,Forward-Center,1.0,1514.6883333333333
2019,83.0,Forward-Center,1.0,446.18
2019,84.0,Center,2.0,2948.881666666666
2019,84.0,Center-Forward,1.0,1359.5083333333334
2020,73.0,Guard,1.0,1823.9683333333328
2020,74.0,Guard,1.0,2074.3233333333333
2020,76.0,Guard,2.0,2947.8900000000003
2020,77.0,Guard,2.0,2098.883333333333
2020,77.0,Guard-Forward,3.0,2776.741666666667
2020,78.0,Forward,2.0,2556.49
2020,78.0,Forward-Guard,2.0,2276.9066666666668
2020,78.0,Guard-Forward,2.0,1867.7266666666665
2020,79.0,Forward,2.0,2802.215
2020,79.0,Forward-Guard,2.0,3568.68
2020,80.0,Forward,2.0,2744.0516666666667
2020,81.0,Forward,1.0,753.7266666666667
2020,82.0,Forward-Center,1.0,609.0533333333333
2020,83.0,Center-Forward,1.0,471.2916666666667
2020,84.0,Center-Forward,1.0,1079.715
2021,73.0,Guard,3.0,3099.546666666667
2021,74.0,Guard,1.0,780.595
2021,76.0,Forward-Guard,1.0,2173.235
2021,76.0,Guard,3.0,4474.691666666667
2021,77.0,Guard,1.0,1745.6766666666667
2021,77.0,Guard-Forward,1.0,668.7316666666667
2021,78.0,Forward,1.0,1983.3566666666663
2021,78.0,Guard,2.0,1963.5966666666664
2021,79.0,Guard,1.0,1468.5733333333333
2021,80.0,Forward-Center,1.0,1454.8283333333334
2021,80.0,Guard-Forward,1.0,1909.0166666666669
2021,81.0,Forward,2.0,2193.863333333333
2021,82.0,Forward-Center,2.0,998.4866666666668
2021,84.0,Forward,1.0,1089.915
2022,72.0,Guard,1.0,2075.825
2022,74.0,Guard,2.0,1682.0699999999997
2022,75.0,Guard,1.0,1176.06
2022,76.0,Guard,5.0,7252.508333333333
2022,77.0,Guard,5.0,5359.596666666666
2022,78.0,Forward,2.0,2184.315
2022,78.0,Guard,1.0,2088.055
2022,79.0,Forward,2.0,3322.3783333333336
2022,79.0,Guard,1.0,1700.3516666666667
2022,80.0,Forward,1.0,541.045
2022,80.0,Forward-Guard,1.0,2617.2883333333334
2022,81.0,Forward,2.0,2433.575
2022,81.0,Forward-Center,1.0,407.00166666666667
2022,82.0,Center,2.0,945.7133333333334
2022,82.0,Forward,1.0,2429.0466666666666
2022,83.0,Center,2.0,3820.33
2023,75.0,Guard,2.0,3012.7066666666665
2023,76.0,Forward,2.0,2808.0983333333334
2023,76.0,Guard,2.0,1091.63
2023,76.0,Guard-Forward,1.0,2073.5316666666668
2023,77.0,Guard,2.0,2291.028333333333
2023,77.0,Guard-Forward,2.0,4497.971666666666
2023,78.0,Forward,1.0,1401.435
2023,78.0,Guard,1.0,786.9966666666667
2023,79.0,Forward,2.0,1115.6683333333333
2023,80.0,Forward,3.0,5606.593333333333
2023,80.0,Guard,1.0,812.19
2023,81.0,Forward,2.0,1482.868333333333
2023,82.0,Center,1.0,1670.145
2023,82.0,Forward,1.0,2429.7233333333334
2023,83.0,Forward,1.0,2450.5466666666666
2023,85.0,Center,1.0,827.975
2023,86.0,Center,1.0,1703.2066666666667
2024,73.0,Guard,1.0,1351.11
2024,75.0,Guard,2.0,3457.315
2024,76.0,Guard,2.0,3990.83
2024,78.0,Forward,2.0,1202.8833333333334
2024,78.0,Guard,3.0,3499.7833333333333
2024,79.0,Forward,4.0,4798.918333333333
2024,79.0,Guard,1.0,1715.25
2024,79.0,Guard-Forward,3.0,3604.561666666667
2024,80.0,Forward,1.0,1348.2716666666668
2024,81.0,Forward,1.0,1130.4516666666666
2024,82.0,Forward-Center,1.0,369.85833333333335
2024,85.0,Center,1.0,1294.2816666666668
2024,88.0,Forward-Center,1.0,2106.235
2025,73.0,Guard,1.0,1466.825
2025,74.0,Guard,1.0,654.3516666666667
2025,75.0,Guard,1.0,591.7916666666666
2025,76.0,Guard,4.0,5997.086666666666
2025,77.0,Guard,1.0,781.9466666666667
2025,78.0,Forward,1.0,1493.795
2025,78.0,Guard,2.0,2545.91
2025,78.0,Guard-Forward,1.0,452.96
2025,79.0,Forward,2.0,3453.898333333333
2025,80.0,Forward,4.0,6785.4766666666665
2025,82.0,Forward,2.0,2148.903333333333
2025,83.0,Center,2.0,3477.33
2025,83.0,Forward,1.0,1045.545
2025,84.0,Center,3.0,3922.4716666666654
2025,86.0,Center,1.0,1323.6433333333334
2025,87.0,Center,1.0,1415.765
2026,73.0,Guard,2.0,417.0
2026,74.0,Guard,1.0,8.0
2026,75.0,Guard,5.0,2046.0
2026,76.0,Guard,4.0,857.0
2026,76.0,Guard-Forward,1.0,1031.0
2026,77.0,Forward-Guard,1.0,908.0
2026,77.0,Guard,7.0,3014.0
2026,77.0,Guard-Forward,1.0,437.0
2026,78.0,Forward-Guard,1.0,162.0
2026,78.0,Guard,1.0,203.0
2026,78.0,Guard-Forward,3.0,1763.0
2026,79.0,Forward,1.0,545.0
2026,79.0,Guard,1.0,460.0
2026,79.0,Guard-Forward,3.0,612.0
2026,80.0,Forward,1.0,6.0
2026,80.0,Forward-Center,1.0,36.0
2026,80.0,Guard,2.0,1231.0
2026,81.0,Forward,2.0,487.0
2026,81.0,Forward-Center,2.0,1076.0
2026,81.0,Forward-Guard,1.0,1212.0
2026,81.0,Guard-Forward,1.0,715.0
2026,82.0,Forward,1.0,299.0
2026,82.0,Forward-Center,1.0,40.0
2026,83.0,Center,1.0,53.0
2026,83.0,Forward,2.0,189.0
2026,83.0,Forward-Center,1.0,370.0
2026,85.0,Center,3.0,892.0
2026,85.0,Forward,1.0,641.0