player,rookie_season,minutes,pts,poss,pts_per_100,position
Kenyon Martin,2001,2273.3233333333333,814,999.48,81.44235002201144,Forward
Stromile Swift,2001,1313.22,391,465.04,84.07878892138311,Forward-Center
Darius Miles,2001,2139.1633333333334,761,881.72,86.30857868711155,Forward
Marcus Fizer,2001,1581.3533333333332,683,840.84,81.2282955140098,
Mike Miller,2001,2388.935,975,998.32,97.6640756470871,Guard-Forward
DerMarr Johnson,2001,1309.915,397,521.28,76.15868631062001,Forward-Guard
Jamal Crawford,2001,1046.621666666667,282,403.96,69.80889196950193,Guard
Courtney Alexander,2001,1373.9116666666666,618,714.0,86.5546218487395,Guard
Desmond Mason,2001,1523.5283333333334,463,532.04,87.02353206525825,Guard
Quentin Richardson,2001,1356.0533333333333,613,658.52,93.0875296118569,Forward
Morris Peterson,2001,1810.575,747,814.8,91.67893961708396,Guard
Mark Madsen,2001,636.8783333333333,137,156.28,87.66316867161505,Forward
A.J. Guyton,2001,628.5383333333333,198,223.92,88.42443729903538,Guard
Eddie House,2001,544.805,251,297.4,84.3981170141224,Guard
Tyson Chandler,2002,1392.8166666666666,436,500.68,87.08156906607014,Center
Pau Gasol,2002,3001.866666666667,1441,1497.88,96.20263305471732,Center-Forward
Jason Richardson,2002,2627.845,1151,1342.4,85.7419547079857,Guard
Shane Battier,2002,3098.1,1125,1240.52,90.6877760938961,Forward
Eddie Griffin,2002,1895.4766666666667,642,750.84,85.5042352565127,Forward
Joe Johnson,2002,1916.736666666667,581,678.32,85.65278924401461,Guard-Forward
Richard Jefferson,2002,1919.4233333333332,742,814.6,91.08765038055488,Forward
Troy Murphy,2002,1450.3916666666669,480,575.64,83.38544923910777,Forward-Center
Steven Hunter,2002,514.0466666666666,189,204.36,92.48385202583675,Center
Jason Collins,2002,1403.1083333333331,350,422.15999999999997,82.90695470911503,Center
Gerald Wallace,2002,431.7166666666666,173,217.24,79.63542625667465,Forward
Jamaal Tinsley,2002,2443.415,751,1111.8400000000001,67.54569002734206,Guard
Tony Parker,2002,2271.1783333333333,705,860.4,81.93863319386332,Guard
Trenton Hassell,2002,2235.5783333333334,681,779.16,87.40181734175266,Forward-Guard
Terence Morris,2002,1115.2966666666666,255,346.32,73.63132363132364,
Bobby Simmons,2002,339.69666666666666,112,122.2,91.65302782324059,Forward
Loren Woods,2002,515.7033333333334,110,158.4,69.44444444444444,Center
Jarron Collins,2002,1444.6616666666666,450,478.64,94.01637974260404,Center
Kenny Satterfield,2002,559.8583333333333,189,272.24,69.42403761387011,Guard
Yao Ming,2003,2381.893333333333,1104,1141.24,96.73688268900494,Center
Jay Williams,2003,1961.19,714,926.84,77.03595011005136,Guard
Drew Gooden,2003,1875.57,875,1020.28,85.76077155290704,Forward
Nikoloz Tskitishvili,2003,1319.9883333333332,315,505.6,62.302215189873415,Forward
Dajuan Wagner,2003,1384.9083333333333,629,760.4,82.71962125197265,Guard
Nenê,2003,2258.3283333333334,839,950.04,88.31207107069176,Center-Forward
Amar'e Stoudemire,2003,2569.938333333333,1106,1231.96,89.77564206630085,Forward-Center
Caron Butler,2003,2855.651666666666,1201,1389.0,86.46508279337652,Forward
Melvin Ely,2003,802.9716666666667,236,268.56,87.87607983318439,Center-Forward
Kareem Rush,2003,874.7516666666667,227,317.12,71.58173562058526,Guard
Qyntel Woods,2003,334.9783333333333,128,149.8,85.44726301735646,Forward-Guard
Vincent Yarbrough,2003,1379.2516666666668,406,536.28,75.706720369956,Forward
Dan Gadzuric,2003,759.3583333333333,169,196.64,85.94385679414158,Center
Carlos Boozer,2003,2047.9583333333333,810,805.48,100.5611560808462,Forward
Lonny Baxter,2003,683.6466666666666,262,297.32,88.12054352213104,Forward
Rasual Butler,2003,1515.2966666666666,540,694.76,77.72468190454258,Forward
LeBron James,2004,3126.865,1654,1967.4,84.07034665040155,Forward
Carmelo Anthony,2004,2991.2316666666666,1725,1943.0,88.78023674729799,Forward
Chris Bosh,2004,2516.485,861,945.72,91.04174597132344,Forward
Dwyane Wade,2004,2135.85,991,1131.28,87.59988685382929,Guard
Chris Kaman,2004,1850.2966666666664,499,652.48,76.47743992153016,Center
Kirk Hinrich,2004,2709.268333333333,915,1100.92,83.11230607128583,Guard
T.J. Ford,2004,1484.0883333333334,391,580.12,67.39984830724677,Guard
Jarvis Hayes,2004,2043.9633333333331,673,848.12,79.3519784936094,Forward
Marcus Banks,2004,1377.5166666666669,480,624.64,76.84426229508198,Guard
Žarko Čabarkapa,2004,574.5916666666667,203,274.32,74.00116652085156,Forward-Center
David West,2004,929.0383333333332,273,311.2,87.72493573264782,Forward
Sasha Pavlović,2004,1136.5083333333334,382,479.96,79.58996583048588,Guard-Forward
Boris Diaw,2004,1915.235,342,479.92,71.26187697949658,Center-Forward
Zoran Planinić,2004,466.7433333333333,153,191.4,79.9373040752351,
Brian Cook,2004,437.77166666666665,155,170.32,91.00516674495069,Center-Forward
Leandro Barbosa,2004,1500.565,550,616.8399999999999,89.16412684002336,Guard
Josh Howard,2004,1586.435,575,659.72,87.15818832231855,Forward-Guard
Luke Walton,2004,717.955,174,216.36,80.42151968940654,Forward
Steve Blake,2004,1387.243333333333,444,564.48,78.656462585034,Guard
Willie Green,2004,767.5016666666667,364,451.64,80.59516429014259,Guard
Keith Bogans,2004,1786.045,498,574.3199999999999,86.71124111993315,Guard-Forward
Dwight Howard,2005,2678.443333333333,981,1023.72,95.82698394092134,Center-Forward
Emeka Okafor,2005,2599.63,1105,1278.92,86.40102586557407,Center
Ben Gordon,2005,2013.0933333333328,1235,1360.8,90.75543797766021,Guard
Devin Harris,2005,1176.67,436,493.32,88.38076704775806,Guard
Josh Childress,2005,2371.7716666666665,807,849.64,94.98140388870581,Forward-Guard
Luol Deng,2005,1661.07,711,834.28,85.22318646018124,Forward
Rafael Araújo,2005,735.595,196,251.2,78.02547770700637,Center
Andre Iguodala,2005,2680.843333333333,741,777.4,95.31772575250837,Guard-Forward
Andris Biedriņš,2005,382.305,109,107.6,101.3011152416357,Center
Sebastian Telfair,2005,1330.14,460,613.52,74.97718085799974,Guard
Kris Humphries,2005,869.0166666666667,278,383.44,72.50156478197371,Forward
Al Jefferson,2005,1044.215,475,494.4,96.07605177993528,Center
Josh Smith,2005,2049.9416666666666,715,841.28,84.98953974895397,Forward
J.R. Smith,2005,1863.5216666666668,782,927.84,84.28177271943439,Guard
Jameer Nelson,2005,1614.9766666666667,689,792.08,86.98616301383699,Guard
Tony Allen,2005,1254.4733333333334,492,530.88,92.67631103074142,Guard-Forward
Beno Udrih,2005,1155.2,471,506.16,93.05357989568516,Guard
David Harrison,2005,759.9083333333333,264,277.03999999999996,95.2930984695351,Center
Anderson Varejão,2005,868.7616666666667,266,274.88,96.76949941792782,Forward
Jackson Vroman,2005,706.105,212,296.0,71.62162162162163,Forward-Center
Royal Ivey,2005,813.5316666666666,220,285.48,77.06319181729017,Guard
Chris Duhon,2005,2171.7633333333333,487,636.48,76.51458019105078,Guard
Trevor Ariza,2005,1380.631666666667,468,538.56,86.89839572192514,Forward
Andrew Bogut,2006,2348.13,768,816.36,94.076142878142,Center
Marvin Williams,2006,1952.2616666666668,672,725.32,92.64876192577069,Forward
Deron Williams,2006,2306.633333333333,864,1009.4,85.59540320982762,Guard
Chris Paul,2006,2808.475,1258,1334.6,94.26045257005845,Guard
Raymond Felton,2006,2405.708333333333,948,1162.68,81.53576220456188,Guard
Charlie Villanueva,2006,2361.0066666666667,1053,1109.4,94.9161709031909,Forward
Channing Frye,2006,1572.355,802,837.76,95.731474407945,Forward-Center
Ike Diogu,2006,1031.4083333333333,486,485.92,100.01646361540995,Forward
Sean May,2006,398.4316666666667,189,232.16,81.40937284631289,Center-Forward
Rashad McCants,2006,1362.243333333333,627,667.64,93.91288718471033,Guard
Antoine Wright,2006,370.1666666666667,70,111.68,62.67908309455587,Forward-Guard
Joey Graham,2006,1580.6016666666667,533,564.52,94.41649542974562,Forward
Danny Granger,2006,1765.335,587,623.12,94.20336371806394,Forward-Guard
Nate Robinson,2006,1543.6516666666666,670,767.88,87.25321664843464,Guard
Jarrett Jack,2006,1598.8116666666667,526,600.4,87.60826115922718,Guard
Francisco García,2006,1301.22,377,444.44,84.82584825848258,Guard-Forward
Luther Head,2006,2309.971666666667,707,803.12,88.03167646179898,Guard
Salim Stoudamire,2006,1236.0583333333334,589,622.4,94.63367609254499,Guard
Daniel Ewing,2006,971.1533333333332,252,332.24,75.84878401155791,Guard
Ryan Gomes,2006,1376.235,461,475.56,96.93834637059467,Forward
Andrea Bargnani,2007,1629.45,751,794.48,94.5272379417984,Center-Forward
LaMarcus Aldridge,2007,1391.756666666667,565,572.6,98.67272092210968,Center-Forward
Adam Morrison,2007,2325.83,917,1148.3600000000001,79.853007767599,Forward
Shelden Williams,2007,1513.44,444,524.36,84.67465100312762,Center-Forward
Brandon Roy,2007,2014.506666666667,955,987.04,96.75393094504783,Guard
Randy Foye,2007,1879.3333333333333,832,927.48,89.70543839220252,Guard
Rudy Gay,2007,2103.31,846,991.96,85.28569700391145,Forward-Guard
Hilton Armstrong,2007,634.2066666666667,176,189.48,92.88579269579904,Forward-Center
Rodney Carney,2007,1169.09,442,473.28,93.39080459770115,Forward
Shawne Williams,2007,556.22,180,192.8,93.3609958506224,Forward
Quincy Douby,2007,359.13666666666666,119,147.6,80.62330623306234,Guard
Renaldo Balkman,2007,1064.185,334,363.6,91.85918591859185,Forward
Rajon Rondo,2007,1830.9383333333333,501,667.96,75.0044912869034,Guard
Sergio Rodríguez,2007,861.7866666666666,247,327.44,75.43366723674566,Guard
Mardy Collins,2007,777.0866666666667,235,321.08,73.19048212283543,Guard
Craig Smith,2007,1536.565,608,618.84,98.24833559563054,Forward
Bobby Jones,2007,335.48833333333334,110,129.04,85.2448853068816,Forward
Alexander Johnson,2007,752.6716666666666,260,267.92,97.04389369961181,Forward
Paul Millsap,2007,1472.1466666666668,559,583.52,95.7979160954209,Forward
Leon Powe,2007,719.8016666666666,264,287.36,91.87082405345211,Forward
Kevin Durant,2008,2767.968333333333,1624,1795.12,90.4674896385757,Forward
Al Horford,2008,2539.8866666666668,821,898.28,91.39689183773434,Center-Forward
Mike Conley,2008,1381.3366666666666,498,585.12,85.11074651353569,Guard
Jeff Green,2008,2253.0666666666666,838,1011.72,82.82924129205709,Forward
Yi Jianlian,2008,1646.6016666666667,566,673.8,84.00118729593352,Forward
Corey Brewer,2008,1802.585,459,623.4,73.62848893166506,Guard-Forward
Brandan Wright,2008,375.69666666666666,151,142.6,105.890603085554,Forward-Center
Joakim Noah,2008,1533.715,488,541.36,90.1433426924782,Forward-Center
Acie Law,2008,865.36,235,314.12,74.81217369158283,Guard
Thaddeus Young,2008,1554.415,610,599.32,101.78201962223852,Forward
Julian Wright,2008,640.0766666666667,223,225.88,98.72498671861166,Forward
Al Thornton,2008,2157.6983333333333,1005,1125.72,89.2761965675301,Forward
Sean Williams,2008,1278.3083333333334,409,433.52,94.34397490311866,Forward-Center
Javaris Crittenton,2008,678.16,278,333.76,83.29338446788111,Guard
Daequan Cook,2008,1440.675,518,602.08,86.03507839489768,Guard
Jared Dudley,2008,1383.8166666666666,422,449.92,93.79445234708392,Forward
Arron Afflalo,2008,970.3366666666668,276,313.28,88.10010214504597,Guard
Aaron Gray,2008,612.9966666666667,262,304.56,86.02574205411085,Center
Derrick Rose,2009,3000.048333333333,1361,1520.0,89.53947368421052,Guard
Michael Beasley,2009,2008.59,1123,1184.04,94.84476875781223,Forward
O.J. Mayo,2009,3120.3033333333333,1516,1632.64,92.85574284594276,Guard
Russell Westbrook,2009,2668.035,1256,1557.32,80.65137543985823,Guard
Kevin Love,2009,2047.7016666666664,899,953.84,94.25060806843915,Forward-Center
Eric Gordon,2009,2676.651666666666,1252,1219.0,102.70713699753897,Guard
D.J. Augustin,2009,1907.9333333333332,850,842.52,100.88781275221953,Guard
Brook Lopez,2009,2501.401666666666,1068,1086.48,98.29909432295118,Center
Jason Thompson,2009,2302.8766666666666,910,988.84,92.02702156061648,Forward-Center
Brandon Rush,2009,1802.895,610,679.04,89.83270499528747,Guard-Forward
Anthony Randolph,2009,1129.1266666666668,499,573.04,87.07943599050678,
Robin Lopez,2009,614.3333333333334,189,194.92000000000002,96.96285655653601,Center
Marreese Speights,2009,1262.4233333333334,608,606.08,100.31678986272439,Forward-Center
JaVale McGee,2009,1142.5916666666667,489,519.28,94.16884917578186,Center-Forward
Ryan Anderson,2009,1312.425,487,521.04,93.46691232918778,Forward
Courtney Lee,2009,1938.745,646,650.36,99.32960206654775,Guard
Nicolas Batum,2009,1453.7716666666668,426,433.88,98.18382963031253,Guard-Forward
Darrell Arthur,2009,1464.1783333333333,422,509.4,82.842559874362,Forward
Mario Chalmers,2009,2625.843333333333,818,911.92,89.70085095183788,Guard
DeAndre Jordan,2009,771.3916666666667,228,235.96,96.62654687235124,Center
Luc Mbah a Moute,2009,2113.6916666666666,594,675.48,87.93746669035352,Forward
Hasheem Thabeet,2010,883.2966666666666,208,214.92000000000002,96.78019728270984,Center
James Harden,2010,1738.36,753,789.6,95.36474164133739,Guard
Tyreke Evans,2010,2676.58,1450,1585.6,91.44803229061554,Guard
Jonny Flynn,2010,2339.4166666666665,1094,1303.8,83.90857493480596,Guard
Stephen Curry,2010,2896.213333333333,1399,1474.0,94.91180461329715,Guard
Jordan Hill,2010,624.0983333333334,244,260.92,93.51525371761458,Forward-Center
DeMar DeRozan,2010,1663.6416666666669,662,659.36,100.40038825527785,Guard-Forward
Brandon Jennings,2010,2670.721666666667,1270,1536.12,82.67583261724344,Guard
Terrence Williams,2010,1763.5216666666668,656,838.36,78.2480080156496,Guard-Forward
Earl Clark,2010,383.39,140,189.84,73.74631268436578,Forward
James Johnson,2010,757.1766666666666,256,302.8,84.5442536327609,Forward
Jrue Holiday,2010,1766.7616666666668,587,713.84,82.23131233889947,Guard
Ty Lawson,2010,1317.4366666666667,542,533.6,101.57421289355322,Guard
Jeff Teague,2010,718.4983333333333,228,298.56,76.36655948553054,Guard
Eric Maynor,2010,1269.493333333333,382,484.68,78.81488817364034,Guard
Darren Collison,2010,2109.1316666666667,946,1067.56,88.6132863726629,Guard
Omri Casspi,2010,1931.0933333333328,792,846.56,93.55509355509356,Forward
Rodrigue Beaubois,2010,699.9133333333333,397,375.88,105.61881451527083,Guard
Taj Gibson,2010,2203.5816666666665,735,820.0,89.63414634146342,Forward
Wayne Ellington,2010,1384.2416666666666,505,552.8,91.35311143270623,Guard
Jermaine Taylor,2010,302.6983333333333,128,158.24,80.88978766430738,Guard
Sam Young,2010,1321.0466666666666,595,668.0,89.07185628742515,Forward-Guard
DeJuan Blair,2010,1494.3166666666666,638,677.84,94.12250678626224,Center-Forward
Jon Brockman,2010,653.6566666666666,147,153.28,95.90292275574113,Forward
Jonas Jerebko,2010,2232.2,741,762.44,97.1879754472483,Forward
Derrick Brown,2010,535.4066666666666,186,197.68,94.09146094698502,Forward
Marcus Thornton,2010,1871.5966666666664,1057,1036.88,101.94043669469947,Guard-Forward
Chase Budinger,2010,1488.2883333333334,657,651.28,100.87827048274168,Forward
A.J. Price,2010,865.3116666666666,410,446.0,91.92825112107623,Guard
John Wall,2011,2606.055,1131,1405.92,80.44554455445544,Guard
Evan Turner,2011,1797.4016666666666,565,664.0,85.09036144578313,Guard-Forward
Derrick Favors,2011,1535.7216666666666,533,569.12,93.6533595726736,Forward
Wesley Johnson,2011,2069.37,709,817.48,86.7299505798307,Forward-Guard
DeMarcus Cousins,2011,2309.4266666666667,1143,1448.88,78.88852078847108,Center
Ekpe Udoh,2011,1029.513333333333,236,298.15999999999997,79.15213308290852,Center-Forward
Greg Monroe,2011,2221.863333333333,751,733.52,102.38302977423929,Forward-Center
Al-Farouq Aminu,2011,1451.835,457,561.36,81.40943423115291,Forward
Xavier Henry,2011,527.4316666666666,165,195.88,84.23524606902185,Forward-Guard
Ed Davis,2011,1601.753333333333,501,477.32,104.96103243107349,Center-Forward
Larry Sanders,2011,872.1616666666666,260,328.0,79.26829268292683,Forward-Center
Kevin Séraphin,2011,634.6283333333333,154,202.64,75.99684168969601,Forward-Center
Eric Bledsoe,2011,1840.5333333333333,543,738.52,73.52542923685209,Guard
Trevor Booker,2011,1063.0916666666667,346,335.44,103.14810398282853,Forward
Quincy Pondexter,2011,733.5716666666667,188,210.96,89.11642017444065,Forward
Landry Fields,2011,2541.3283333333334,797,773.6800000000001,103.01416606348877,Guard-Forward
Kyrie Irving,2012,1557.8516666666667,944,993.24,95.04248721356369,Guard
Derrick Williams,2012,1417.685,583,660.8,88.22639225181598,Forward
Enes Freedom,2012,874.435,304,336.2,90.42236763831053,Center
Tristan Thompson,2012,1423.753333333333,494,607.48,81.31954961480213,Center-Forward
Jan Veselý,2012,1077.5583333333334,267,305.28,87.46069182389938,Forward
Bismack Biyombo,2012,1455.22,327,411.92,79.3843464750437,Center
Brandon Knight,2012,2128.495,847,1000.28,84.67629063862118,Guard
Kemba Walker,2012,1792.0466666666666,799,979.72,81.55391336300167,Guard
Jimmer Fredette,2012,1134.66,462,534.12,86.49741631094136,Guard
Klay Thompson,2012,1607.665,826,861.04,95.93050264796061,Guard
Alec Burks,2012,938.9033333333332,425,470.92,90.24887454344687,Guard
Kawhi Leonard,2012,1534.3966666666668,507,486.72,104.16666666666666,Forward
Iman Shumpert,2012,1705.4666666666667,563,692.96,81.24567074578619,Guard
Chris Singleton,2012,1430.7383333333332,306,369.36,82.84600389863547,Forward
Tobias Harris,2012,479.015,208,223.76,92.95673936360386,Forward
Reggie Jackson,2012,500.7133333333333,140,207.76,67.38544474393531,Guard
MarShon Brooks,2012,1648.3066666666666,708,823.12,86.01418991155603,Guard
Shelvin Mack,2012,779.48,230,293.96000000000004,78.24193767859572,Guard
Chandler Parsons,2012,1804.365,599,664.32,90.16738921001927,Forward
Charles Jenkins,2012,892.8933333333333,297,368.16,80.67144719687091,Guard
Isaiah Thomas,2012,1655.44,749,757.4,98.8909426987061,Guard
Anthony Davis,2013,1845.9516666666664,867,864.0,100.34722222222223,Forward-Center
Michael Kidd-Gilchrist,2013,2024.763333333333,704,796.28,88.41111166926207,Forward
Bradley Beal,2013,1744.5716666666667,780,846.96,92.09407764239161,Guard
Dion Waiters,2013,1756.305,894,1029.72,86.81971798158723,Guard
Thomas Robinson,2013,1055.715,333,456.96,72.87289915966387,Forward
Damian Lillard,2013,3166.87,1562,1672.24,93.40764483566952,Guard
Harrison Barnes,2013,2057.5316666666668,748,812.6,92.05020920502092,Forward
Austin Rivers,2013,1417.55,377,511.52,73.70190803878637,Guard
Meyers Leonard,2013,1206.2516666666668,377,365.16,103.2424142841494,Forward-Center
Maurice Harkless,2013,1973.605,625,689.32,90.6690651656705,Forward-Guard
Tyler Zeller,2013,2033.1783333333333,610,723.08,84.36134314322067,Forward-Center
Andrew Nicholson,2013,1249.4083333333333,587,606.36,96.80717725443631,Forward
Marquis Teague,2013,391.9216666666667,99,155.04000000000002,63.85448916408668,Guard
Jae Crowder,2013,1353.165,392,448.12,87.47656877622066,Forward
Orlando Johnson,2013,618.6566666666666,203,223.08,90.99874484489868,Guard
Quincy Acy,2013,342.33666666666664,116,108.72,106.69610007358352,Forward
Will Barton,2013,893.77,295,397.6,74.19517102615694,Guard
Doron Lamb,2013,577.7783333333333,154,203.96,75.50500098058443,Guard
Darius Miller,2013,694.0,118,134.51999999999998,87.71929824561404,Forward
Kyle O'Quinn,2013,637.9166666666666,232,253.8,91.41055949566588,Center-Forward
Anthony Bennett,2014,662.6383333333333,217,302.36,71.76875248048684,Forward
Victor Oladipo,2014,2486.4933333333333,1106,1331.92,83.03802030151961,Guard
Cody Zeller,2014,1416.6816666666666,490,579.0,84.62867012089811,Forward-Center
Ben McLemore,2014,2186.9066666666668,720,837.92,85.92705747565401,Guard
Kentavious Caldwell-Pope,2014,1582.513333333333,470,514.8399999999999,91.29049801880197,Guard
Trey Burke,2014,2262.43,895,1077.72,83.04568904724789,Guard
CJ McCollum,2014,475.74,201,227.96,88.17336374802596,Guard
Michael Carter-Williams,2014,2413.9133333333334,1167,1462.48,79.79596302171653,Guard
Kelly Olynyk,2014,1399.955,607,661.68,91.73618667633902,Forward-Center
Giannis Antetokounmpo,2014,1896.8083333333332,525,628.88,83.48174532502226,Forward
Tim Hardaway Jr.,2014,1875.4783333333328,824,790.32,104.26156493572223,Guard-Forward
Andre Roberson,2014,399.04333333333335,75,91.4,82.05689277899343,Guard-Forward
Archie Goodwin,2014,532.88,194,235.2,82.48299319727892,Guard
Nate Wolters,2014,1309.3583333333331,417,485.6,85.87314662273475,Guard
Ryan Kelly,2014,1311.8666666666666,472,477.4,98.86887306242146,Forward
Andrew Wiggins,2015,2968.7966666666666,1387,1519.04,91.30766800084264,Forward
Dante Exum,2015,1817.05,393,548.0799999999999,71.70486060429135,Guard
Marcus Smart,2015,1808.2266666666667,523,622.88,83.96480863087594,Guard
Elfrid Payton,2015,2488.6666666666665,731,1005.16,72.72474033984639,Guard
Zach LaVine,2015,1901.7216666666664,778,947.88,82.07790015613791,Guard
T.J. Warren,2015,614.13,245,249.36,98.25152390118703,Forward
Adreian Payne,2015,739.6383333333333,213,284.24,74.93667323388685,Forward
Jusuf Nurkić,2015,1103.2583333333334,426,527.0799999999999,80.82264551870685,Center
Tyler Ennis,2015,411.42333333333335,121,189.08,63.994076581341226,Guard
Shabazz Napier,2015,1011.58,261,333.64,78.22803021220477,Guard
Kyle Anderson,2015,358.08,74,105.16,70.3689615823507,Forward-Guard
K.J. McDaniels,2015,1351.895,487,597.52,81.50354799839336,Guard-Forward
Jerami Grant,2015,1376.5483333333334,411,521.9200000000001,78.747700797057,Forward
Markel Brown,2015,781.4166666666666,216,262.08000000000004,82.41758241758241,Guard
Jordan Clarkson,2015,1475.8233333333333,703,761.52,92.31536926147704,Guard
Karl-Anthony Towns,2016,2626.485,1503,1457.0,103.15717227179135,Center-Forward
D'Angelo Russell,2016,2259.08,1054,1235.6,85.30268695370671,Guard
Jahlil Okafor,2016,1590.565,928,990.36,93.70329981017004,Center-Forward
Kristaps Porziņģis,2016,2046.4616666666664,1028,1112.6,92.39618910659716,Forward-Center
Mario Hezonja,2016,1412.8533333333332,478,538.76,88.72225109510728,Forward-Guard
Willie Cauley-Stein,2016,1411.545,463,440.0,105.22727272727273,Center
Emmanuel Mudiay,2016,2067.8866666666668,872,1213.96,71.83103232396455,Guard
Stanley Johnson,2016,1687.0716666666667,593,758.88,78.14147164242041,Forward-Guard
Frank Kaminsky,2016,1707.5733333333333,606,648.12,93.50120348083688,Forward-Center
Justise Winslow,2016,2232.135,502,608.48,82.50065737575598,Forward-Guard
Myles Turner,2016,1367.185,619,650.24,95.19562007874016,Center-Forward
Trey Lyles,2016,1382.3933333333334,488,537.0799999999999,90.86169658151488,Forward
Devin Booker,2016,2107.665,1048,1139.6399999999999,91.9588642027307,Guard
Cameron Payne,2016,697.6133333333333,283,332.56,85.09742602838585,Guard
Terry Rozier,2016,311.325,72,129.4,55.641421947449764,Guard
Rashad Vaughn,2016,1000.6933333333334,217,300.6,72.18895542248835,Guard
Jerian Grant,2016,1264.7733333333333,426,532.12,80.0571299706833,Guard
Justin Anderson,2016,646.8766666666667,208,223.2,93.1899641577061,Forward-Guard
Bobby Portis,2016,1102.08,436,519.04,84.0012330456227,Forward
Tyus Jones,2016,572.72,156,206.16,75.66938300349243,Guard
Jarell Martin,2016,379.54,153,162.28,94.28148878481636,Forward
Montrezl Harrell,2016,378.6116666666667,140,127.24,110.02829298962591,Forward-Center
Richaun Holmes,2016,702.0016666666667,287,286.56,100.1535455053043,Forward
Darrun Hilliard,2016,383.01666666666665,152,167.6,90.69212410501194,Guard
Marcus Thornton,2016,1108.0783333333334,590,627.76,93.98496240601504,Guard-Forward
Brandon Ingram,2017,2279.2616666666668,740,896.16,82.57454026066775,Forward
Jaylen Brown,2017,1341.3266666666666,515,544.56,94.57176436021743,Guard-Forward
Kris Dunn,2017,1333.0,293,427.96,68.46434246191234,Guard
Buddy Hield,2017,1888.1833333333332,866,901.44,96.06851260205892,Guard
Jamal Murray,2017,1764.6433333333334,811,895.8,90.53360125027909,Guard
Marquese Chriss,2017,1743.36,753,819.64,91.8696012883705,Forward
Thon Maker,2017,562.1883333333334,226,219.56,102.9331390052833,Forward-Center
Domantas Sabonis,2017,1631.4883333333332,479,593.48,80.71038619667048,Forward-Center
DeAndre' Bembry,2017,370.74,101,121.04,83.44348975545275,Guard-Forward
Timothé Luwawu-Cabarrot,2017,1189.91,445,488.12,91.16610669507499,Guard-Forward
Skal Labissière,2017,611.6383333333333,289,287.56,100.50076505772708,Forward-Center
Ivica Zubac,2017,608.515,284,289.56,98.07984528249759,Center
Malcolm Brogdon,2017,1982.39,767,803.44,95.46450263865378,Guard
Patrick McCaw,2017,1073.995,282,297.28,94.8600645855759,Guard
Isaiah Whitehead,2017,1643.4716666666666,543,699.72,77.60246955925227,Guard
Paul Zipser,2017,843.38,240,278.6,86.14501076812634,Forward
Lonzo Ball,2018,1780.0566666666666,528,731.24,72.20611563918823,Guard
Jayson Tatum,2018,2442.911666666667,1112,1062.52,104.65685351805142,Forward-Guard
Josh Jackson,2018,1959.2183333333328,1012,1200.76,84.27995602784902,Guard-Forward
De'Aaron Fox,2018,2025.53,844,1055.8,79.93938245879902,Guard
Lauri Markkanen,2018,2020.02,1033,1018.04,101.46949039330478,Forward-Center
Frank Ntilikina,2018,1705.6483333333333,463,660.92,70.05386431035527,Guard
Dennis Smith Jr.,2018,2049.105,1048,1302.92,80.43471586897122,Guard
Malik Monk,2018,853.505,421,490.72,85.7923051842191,Guard
Luke Kennard,2018,1462.7733333333333,558,567.44,98.33638798815733,Guard
Donovan Mitchell,2018,2638.11,1616,1707.68,94.63131265810924,Guard
Bam Adebayo,2018,1368.185,477,484.76,98.39920785543362,Center-Forward
Justin Jackson,2018,1506.2583333333334,453,474.84,95.40055597675007,Forward
T.J. Leaf,2018,459.2433333333333,156,153.04,101.93413486670153,Forward
John Collins,2018,1784.62,777,731.84,106.17074770441626,Forward-Center
Jarrett Allen,2018,1441.115,587,543.6800000000001,107.96792230723953,Center
OG Anunoby,2018,1481.4616666666666,438,418.28,104.71454528067324,Forward-Guard
Kyle Kuzma,2018,2400.905,1242,1270.52,97.75524981897176,Forward
Josh Hart,2018,1460.5216666666668,496,463.36,107.04419889502762,Guard
Wes Iwundu,2018,1020.305,229,268.68,85.2315021587018,Forward
Frank Mason III,2018,983.9933333333332,413,495.6,83.33333333333333,Guard
Ivan Rabb,2018,515.61,201,202.84,99.0928810885427,Forward
Semi Ojeleye,2018,1150.21,195,231.04,84.40096952908587,Forward
Jordan Bell,2018,808.9133333333333,262,255.36,102.6002506265664,Forward
Dwayne Bacon,2018,712.9983333333333,175,226.0,77.43362831858407,Guard-Forward
Tyler Dorsey,2018,974.21,405,446.72,90.66081661891117,Guard
Dillon Brooks,2018,2349.8316666666665,898,969.04,92.66903327004046,Guard-Forward
Sterling Brown,2018,776.4466666666667,217,240.56,90.20618556701031,Guard-Forward
Sindarius Thornwell,2018,1155.88,282,324.72,86.8440502586844,Guard
Deandre Ayton,2019,2182.688333333333,1159,1079.1599999999999,107.39834686237445,Center
Marvin Bagley III,2019,1567.495,923,919.28,100.40466452005919,Forward
Luka Dončić,2019,2317.74,1526,1646.4,92.68707482993197,Forward-Guard
Jaren Jackson Jr.,2019,1514.6883333333333,798,773.6800000000001,103.14341846758349,Forward-Center
Trae Young,2019,2503.2816666666668,1549,1746.16,88.70893847070143,Guard
Mo Bamba,2019,766.1933333333334,292,313.72,93.0766288410047,Center
Wendell Carter Jr.,2019,1109.8,455,485.28,93.76030333003628,Center-Forward
Collin Sexton,2019,2605.023333333333,1371,1503.2,91.205428419372,Guard
Mikal Bridges,2019,2417.115,684,684.92,99.8656777433861,Guard-Forward
Shai Gilgeous-Alexander,2019,2173.9066666666668,889,942.8,94.29359355112432,Guard
Miles Bridges,2019,1696.3333333333333,597,594.88,100.35637439483594,Forward
Jerome Robinson,2019,320.52,112,126.96,88.21676118462508,Guard
Kevin Huerter,2019,2048.53,727,790.64,91.95082464838612,Guard-Forward
Josh Okogie,2019,1757.17,570,642.28,88.74634115961886,Guard
Grayson Allen,2019,416.29333333333335,211,237.4,88.87952822240943,Guard
Chandler Hutchison,2019,894.615,229,250.72,91.33694958519465,Forward-Guard
Moritz Wagner,2019,446.18,207,233.32,88.71935539173667,Forward-Center
Landry Shamet,2019,1801.8933333333332,722,642.92,112.30013065389163,Guard
Omari Spellman,2019,804.5416666666666,272,294.8,92.26594301221166,Forward
Elie Okobo,2019,958.19,304,379.68,80.06742520016856,Forward-Guard
Jevon Carter,2019,576.5016666666667,172,232.08,74.11237504308859,Guard
Jalen Brunson,2019,1591.2583333333334,678,705.8,96.0612071408331,Guard
Mitchell Robinson,2019,1359.5083333333334,485,385.4,125.84327970939285,Center-Forward
Rodions Kurucs,2019,1293.75,534,566.48,94.26634656122016,Forward
Bruce Brown,2019,1449.3166666666666,319,386.4,82.55693581780538,Guard-Forward
Justin Jackson,2019,1613.25,583,548.76,106.23952183103725,Forward
Hamidou Diallo,2019,526.28,190,213.96,88.80164516732098,Guard
De'Anthony Melton,2019,983.89,250,343.32,72.81836187813118,Guard
Svi Mykhailiuk,2019,440.13,133,169.8,78.32744405182567,Guard-Forward
Keita Bates-Diop,2019,503.37666666666667,151,168.32,89.71007604562737,Forward
Ja Morant,2020,2074.3233333333333,1193,1292.52,92.30031256769722,Guard
RJ Barrett,2020,1704.4216666666666,803,962.76,83.40604096555735,Forward-Guard
De'Andre Hunter,2020,2017.935,778,849.36,91.59837995667326,Forward-Guard
Darius Garland,2020,1823.9683333333328,728,881.68,82.56963977860448,Guard
Jarrett Culver,2020,1505.6066666666666,580,701.48,82.68232879055711,Guard-Forward
Coby White,2020,1674.0,859,957.76,89.6884396926161,Guard
Jaxson Hayes,2020,1079.715,472,395.6,119.31243680485338,Center-Forward
Rui Hachimura,2020,1444.0316666666668,649,659.6,98.39296543359612,Forward
Cam Reddish,2020,1550.745,610,705.44,86.47085506917668,Forward-Guard
P.J. Washington,2020,1758.9916666666666,710,741.84,95.7079693734498,Forward
Tyler Herro,2020,1508.08,743,762.0,97.50656167979002,Guard
Sekou Doumbouya,2020,753.7266666666667,243,291.24,83.4363411619283,Forward
Nickeil Alexander-Walker,2020,590.8033333333333,267,336.28,79.39812061377424,Guard
Goga Bitadze,2020,471.2916666666667,172,192.52,89.34136713068771,Center-Forward
Matisse Thybulle,2020,1287.4316666666666,305,334.04,91.30643036762064,Guard-Forward
Brandon Clarke,2020,1300.02,700,583.28,120.0109724317652,Forward
Grant Williams,2020,1043.2233333333334,237,284.76,83.22798145806996,Forward
Ty Jerome,2020,327.59,102,138.04000000000002,73.89162561576353,Guard-Forward
Nassir Little,2020,572.485,172,185.36,92.7924039706517,Forward-Guard
Jordan Poole,2020,1273.89,503,628.36,80.0496530651219,Guard
Kevin Porter Jr.,2020,1161.72,498,558.44,89.17699305207363,Guard-Forward
Cody Martin,2020,902.695,238,279.6,85.12160228898426,Forward
Daniel Gafford,2020,609.0533333333333,220,189.4,116.15628299894404,Forward-Center
Eric Paschall,2020,1653.795,837,827.28,101.17493472584857,Forward
Terance Mann,2020,362.12,99,108.88,90.92578986039678,Guard-Forward
Anthony Edwards,2021,2314.1666666666665,1392,1490.68,93.3802023237717,Guard
LaMelo Ball,2021,1468.5733333333333,803,889.6,90.26528776978417,Guard
Patrick Williams,2021,1983.3566666666663,655,681.0,96.1820851688693,Forward
Isaac Okoro,2021,2173.235,646,714.08,90.4660542236164,Forward-Guard
Onyeka Okongwu,2021,601.2083333333334,228,203.08,112.27102619657278,Forward-Center
Obi Toppin,2021,683.08,253,243.44,103.92704567860665,Forward
Tyrese Haliburton,2021,1745.6766666666667,753,735.64,102.35984992659453,Guard
Kira Lewis Jr.,2021,904.4433333333334,343,393.44,87.17974786498577,Guard
Aaron Nesmith,2021,668.7316666666667,218,213.32,102.19388711794487,Guard-Forward
Isaiah Stewart,2021,1454.8283333333334,537,516.48,103.97304832713755,Forward-Center
Aleksej Pokusevski,2021,1089.915,367,525.48,69.84090736088909,Forward
Josh Green,2021,444.63166666666666,101,120.12,84.08258408258408,Guard
Saddiq Bey,2021,1909.0166666666669,857,815.6800000000001,105.06571204393879,Guard-Forward
Zeke Nnaji,2021,397.2783333333333,136,117.6,115.64625850340137,Forward-Center
Payton Pritchard,2021,1267.5583333333334,510,490.8,103.91198044009779,Guard
Jaden McDaniels,2021,1510.7833333333333,427,433.8,98.43245735361917,Forward
Malachi Flynn,2021,927.545,353,407.64,86.59601609263076,Guard
Desmond Bane,2021,1518.965,625,579.56,107.84043067154394,Guard
Théo Maledon,2021,1777.7016666666666,658,814.4,80.79567779960708,Guard
Saben Lee,2021,780.595,267,304.15999999999997,87.78274592319832,Guard
Isaiah Joe,2021,382.8233333333333,153,154.56,98.99068322981367,Guard
Cade Cunningham,2022,2088.055,1114,1338.92,83.20138619185612,Guard
Jalen Green,2022,2137.7233333333334,1157,1192.84,96.99540592200128,Guard
Evan Mobley,2022,2331.036666666667,1034,1073.88,96.28636346705403,Center
Scottie Barnes,2022,2617.2883333333334,1134,1162.6,97.53999655943575,Forward-Guard
Jalen Suggs,2022,1306.6533333333334,564,762.72,73.94587791063562,Guard
Josh Giddey,2022,1700.3516666666667,674,875.76,76.96172467342652,Guard
Franz Wagner,2022,2429.0466666666666,1197,1190.36,100.55781444268962,Forward
Davion Mitchell,2022,2075.825,861,994.4,86.58487530168946,Guard
Ziaire Williams,2022,1346.4666666666667,501,489.2,102.41210139002453,Forward
James Bouknight,2022,304.4766666666667,142,169.64,83.70667295449188,Guard
Chris Duarte,2022,1540.8266666666666,720,760.28,94.70195191245331,Guard
Moses Moody,2022,607.12,228,211.84,107.62839879154079,Guard
Corey Kispert,2022,1801.0583333333334,634,591.28,107.22500338249222,Forward
Alperen Şengün,2022,1489.2933333333333,692,772.08,89.62801782198736,Center
Tre Mann,2022,1366.925,625,695.08,89.91770731426598,Guard
Keon Johnson,2022,696.2466666666667,267,340.44,78.42791681353542,Guard
Isaiah Jackson,2022,541.045,297,284.72,104.31300927226748,Forward
Josh Christopher,2022,1333.7416666666666,587,663.72,88.440908816971,Guard
Bones Hyland,2022,1309.8583333333331,698,712.0,98.03370786516854,Guard
Cam Thomas,2022,1176.06,570,604.2,94.33962264150942,Guard
Day'Ron Sharpe,2022,390.67,198,197.04,100.48721071863581,Center
Jeremiah Robinson-Earl,2022,1087.1083333333331,366,386.76,94.63233012721068,Forward
Herbert Jones,2022,2335.1833333333334,742,747.72,99.23500775691434,Forward
Miles McBride,2022,372.2116666666666,89,118.28,75.24518092661481,Guard
Ayo Dosunmu,2022,2109.641666666667,679,677.32,100.24803637866886,Guard
Isaiah Livers,2022,383.25666666666666,121,111.16,108.85210507376755,Forward
Kessler Edwards,2022,987.195,284,317.36,89.48827829594151,Forward
Sandro Mamukelashvili,2022,407.00166666666667,154,139.68,110.25200458190149,Forward-Center
Aaron Wiggins,2022,1208.75,416,428.4,97.10550887021476,Guard
Jericho Sims,2022,555.0433333333333,90,86.76,103.7344398340249,Center
Paolo Banchero,2023,2429.7233333333334,1437,1556.96,92.29524201007091,Forward
Jabari Smith Jr.,2023,2450.5466666666666,1010,1086.6399999999999,92.94706618567328,Forward
Keegan Murray,2023,2381.673333333333,976,877.64,111.20732874527141,Forward
Jaden Ivey,2023,2304.3166666666666,1204,1376.64,87.45932124593212,Guard
Bennedict Mathurin,2023,2222.38,1302,1302.76,99.94166231692714,Guard-Forward
Shaedon Sharpe,2023,1778.6033333333332,789,777.2,101.51827071538857,Guard
Jeremy Sochan,2023,1457.7,614,700.04,87.70927375578539,Forward
Johnny Davis,2023,422.575,163,199.88,81.54892935761457,Guard
Ousmane Dieng,2023,568.71,193,217.12,88.8909358879882,Forward
Jalen Williams,2023,2275.5916666666667,1056,1001.04,105.49029009829778,Guard-Forward
Jalen Duren,2023,1670.145,612,559.0799999999999,109.46555054732777,Center
Mark Williams,2023,827.975,387,333.68,115.97938144329896,Center
AJ Griffin,2023,1401.435,639,595.68,107.2723609991942,Forward
Tari Eason,2023,1767.22,760,824.8,92.1435499515034,Forward
Jake LaRavia,2023,414.2866666666667,105,116.96,89.77428180574556,Forward
Malaki Branham,2023,1549.5966666666666,673,717.8,93.75870716076902,Forward
Walker Kessler,2023,1703.2066666666667,679,541.96,125.28599896671341,Center
David Roddy,2023,1258.5016666666668,466,505.6,92.16772151898734,Forward
MarJon Beauchamp,2023,701.3816666666667,266,304.28,87.41948205600106,Forward
Blake Wesley,2023,669.055,184,299.36,61.46445750935328,Guard
Andrew Nembhard,2023,2073.5316666666668,709,797.28,88.92735300020068,Guard-Forward
Caleb Houstan,2023,812.19,193,207.92,92.82416313966911,Guard
Jaylin Williams,2023,914.1583333333332,288,294.76,97.70660876645407,Forward
Max Christie,2023,512.425,128,126.04,101.55506188511583,Guard
Jaden Hardy,2023,708.39,420,413.76,101.50812064965197,Guard
Bryce McGowens,2023,786.9966666666667,246,280.2,87.79443254817987,Guard
Victor Wembanyama,2024,2106.235,1522,1607.48,94.68235996715356,Forward-Center
Brandon Miller,2024,2382.963333333333,1279,1291.12,99.06128012888036,Forward
Scoot Henderson,2024,1765.3933333333334,868,1098.76,78.99814336160763,Guard
Amen Thompson,2024,1388.5316666666668,592,604.2,97.9808010592519,Guard-Forward
Ausar Thompson,2024,1582.805,556,616.36,90.20702187033551,Guard-Forward
Bilal Coulibaly,2024,1715.25,532,576.64,92.25860155382908,Guard
Jarace Walker,2024,340.42333333333335,120,130.95999999999998,91.63103237629812,Forward
Cason Wallace,2024,1691.9216666666666,561,503.28,111.4687649022413,Guard
Dereck Lively II,2024,1294.2816666666668,483,381.64,126.55906089508437,Center
Keyonte George,2024,2022.5766666666664,974,1101.12,88.45539087474572,Guard
Jaime Jaquez Jr.,2024,2113.195,889,884.0,100.56561085972851,Guard
Brandin Podziemski,2024,1968.253333333333,682,719.76,94.75380682449706,Guard
Cam Whitmore,2024,880.3333333333334,579,562.28,102.97360745536032,Forward
Noah Clowney,2024,369.85833333333335,133,121.2,109.73597359735973,Forward-Center
Kris Murray,2024,1348.2716666666668,376,445.64,84.37303653172965,Forward
Olivier-Maxence Prosper,2024,336.21166666666664,121,130.04,93.04829283297447,Forward
Marcus Sasser,2024,1351.11,586,631.04,92.86257606490872,Guard
Ben Sheppard,2024,814.26,252,255.44,98.65330410272472,Guard
Julian Phillips,2024,322.55,89,95.36,93.33053691275168,Forward
Andre Jackson Jr.,2024,572.3283333333334,125,132.84,94.09816320385426,Guard
Rayan Rupert,2024,633.225,155,203.0,76.35467980295566,Guard-Forward
Toumani Camara,2024,1739.32,527,565.56,93.18197892354482,Forward
Trayce Jackson-Davis,2024,1130.4516666666666,540,439.08,122.98442197321673,Forward
Zaccharie Risacher,2025,1843.3866666666668,942,936.56,100.58084906466217,Forward
Alex Sarr,2025,1814.2283333333328,869,1014.6,85.6495170510546,Center
Reed Sheppard,2025,654.3516666666667,229,283.03999999999996,80.90729225551159,Guard
Stephon Castle,2025,2162.0216666666665,1190,1316.3600000000001,90.4008022121608,Guard
Tidjane Salaün,2025,1244.3533333333332,353,444.36,79.44009361778738,Forward
Donovan Clingan,2025,1323.6433333333334,436,451.76,96.51142199397911,Center
Zach Edey,2025,1415.765,610,576.88,105.74122867840799,Center
Matas Buzelis,2025,1511.295,688,676.52,101.69691952935612,Forward
Bub Carrington,2025,2457.79,807,926.4,87.11139896373057,Guard
Kel'el Ware,2025,1422.486666666667,595,550.48,108.08748728382503,Center
Jared McCain,2025,591.7916666666666,352,335.64,104.87427005124539,Guard
Dalton Knecht,2025,1493.795,706,630.96,111.89298846202611,Forward
Tristan Da Silva,2025,1628.611666666667,533,566.72,94.04997176736306,Forward
Ja'Kobe Walter,2025,1103.235,449,479.52,93.6353019686353,Guard
Jaylon Tyson,2025,452.96,167,185.56,89.99784436300926,Guard-Forward
Yves Missi,2025,1955.79,665,663.76,100.18681451126913,Center
Kyshawn George,2025,1802.1833333333332,590,683.92,86.26739969587086,Forward
Ryan Dunn,2025,1410.4166666666667,511,534.1600000000001,95.66422045828963,Forward
Isaiah Collier,2025,1839.1066666666663,615,830.76,74.02860031778131,Guard
Baylor Scheierman,2025,383.8883333333333,113,127.28,88.7806411062225,Guard
Kyle Filipowski,2025,1521.54,690,682.92,101.03672465296083,Center
Ajay Mitchell,2025,596.955,234,228.4,102.45183887915937,Guard
Jaylen Wells,2025,2043.4816666666663,823,804.4,102.31228244654402,Forward
Oso Ighodaro,2025,1045.545,255,248.0,102.8225806451613,Forward
Adem Bona,2025,904.55,337,297.0,113.46801346801347,Forward
Pelle Larsson,2025,781.9466666666667,251,253.84,98.8811849984242,Guard
Jamal Shead,2025,1466.825,533,651.36,81.82878899533284,Guard
Quinten Post,2025,685.7566666666667,340,318.88,106.6231811339689,Center
