Rk,Player,WS,TRB/G,AST/G▼,Season,Age,Team,G,GS,AS,MP,FG,FGA,2P,2PA,3P,3PA,FT,FTA,ORB,DRB,TRB,AST,STL,BLK,TOV,PF,PTS,FG%,2P%,3P%,FT%,TS%,eFG%,Pos,Player-additional
1,Russell Westbrook,3.7,11.5,11.7,2020-21,32,WAS,65,65,0,2369,544,1238,458,965,86,273,271,413,109,641,750,763,89,23,312,190,1445,.439,.475,.315,.656,.509,.474,G,westbru01
2,Oscar Robertson,17.0,9.0,11.5,1964-65,26,CIN,75,,1,3421,807,1681,807,1681,,,665,793,,,674,861,,,,205,2279,.480,.480,,.839,.561,.480,G-F,roberos01
3,Oscar Robertson,15.6,12.5,11.4,1961-62,23,CIN,79,,1,3503,866,1810,866,1810,,,700,872,,,985,899,,,,258,2432,.478,.478,,.803,.554,.478,G-F,roberos01
4,James Harden,15.0,8.1,11.2,2016-17,27,HOU,81,81,1,2947,674,1533,412,777,262,756,746,881,95,564,659,907,121,38,464,215,2356,.440,.530,.347,.847,.613,.525,G,hardeja01
5,Oscar Robertson,20.6,9.9,11.0,1963-64,25,CIN,79,,1,3559,840,1740,840,1740,,,800,938,,,783,868,,,,280,2480,.483,.483,,.853,.576,.483,G-F,roberos01
6,Russell Westbrook,6.8,11.1,10.7,2018-19,30,OKC,73,73,1,2630,630,1473,511,1062,119,411,296,451,109,698,807,784,142,33,325,245,1675,.428,.481,.290,.656,.501,.468,G,westbru01
7,Nikola Jokić,14.9,12.9,10.7,2025-26,30,DEN,65,65,1,2265,644,1132,532,837,112,295,399,480,192,644,836,697,92,53,243,173,1799,.569,.636,.380,.831,.670,.618,C-F,jokicni01
8,Magic Johnson,12.5,8.6,10.5,1982-83,23,LAL,79,79,1,2907,511,933,511,912,0,21,304,380,214,469,683,829,176,47,301,200,1326,.548,.560,.000,.800,.603,.548,G-F,johnsma02
9,Russell Westbrook,13.1,10.7,10.4,2016-17,28,OKC,81,81,1,2802,824,1941,624,1358,200,583,710,840,137,727,864,840,132,31,438,190,2558,.425,.459,.343,.845,.554,.476,G,westbru01
10,Russell Westbrook,10.1,10.1,10.3,2017-18,29,OKC,80,80,1,2914,757,1687,660,1361,97,326,417,566,152,652,804,820,147,20,381,200,2028,.449,.485,.298,.737,.524,.477,G,westbru01
11,Nikola Jokić,16.4,12.7,10.2,2024-25,29,DEN,70,70,1,2571,786,1364,648,1033,138,331,361,451,200,692,892,716,127,45,230,160,2071,.576,.627,.417,.800,.663,.627,C-F,jokicni01
12,Nikola Jokić,14.9,11.8,9.8,2022-23,27,DEN,69,69,1,2323,646,1022,589,873,57,149,341,415,167,650,817,678,87,47,247,174,1690,.632,.675,.383,.822,.701,.660,C-F,jokicni01
13,Luka Dončić,12.0,9.2,9.8,2023-24,24,DAL,70,70,1,2624,804,1652,520,908,284,744,478,608,59,588,647,686,99,38,282,149,2370,.487,.573,.382,.786,.617,.573,G-F,doncilu01
14,Oscar Robertson,13.2,10.1,9.7,1960-61,22,CIN,71,,1,3032,756,1600,756,1600,,,653,794,,,716,690,,,,219,2165,.473,.473,,.822,.555,.473,G-F,roberos01
15,Magic Johnson,12.9,9.6,9.5,1981-82,22,LAL,78,77,1,2991,556,1036,550,1007,6,29,329,433,252,499,751,743,208,34,286,223,1447,.537,.546,.207,.760,.590,.540,G-F,johnsma02
16,Oscar Robertson,16.8,10.4,9.5,1962-63,24,CIN,80,,1,3521,825,1593,825,1593,,,614,758,,,835,758,,,,293,2264,.518,.518,,.810,.588,.518,G-F,roberos01
17,Dejounte Murray,7.3,8.3,9.2,2021-22,25,SAS,68,68,1,2366,573,1241,477,947,96,294,196,247,80,483,563,627,138,23,180,138,1438,.462,.504,.327,.794,.533,.500,G,murrade01
18,Jason Kidd,9.3,8.2,9.2,2006-07,33,NJN,80,80,1,2933,369,908,245,547,124,361,179,230,135,520,655,736,127,23,213,146,1041,.406,.448,.343,.778,.516,.475,G,kiddja01
19,Josh Giddey,3.2,8.3,9.1,2025-26,23,CHI,54,51,0,1731,321,717,218,434,103,283,174,228,67,381,448,494,55,27,196,90,919,.448,.502,.364,.763,.562,.520,G,giddejo01
20,LeBron James,14.0,8.6,9.1,2017-18,33,CLE,82,82,1,3026,857,1580,708,1174,149,406,388,531,97,612,709,747,116,71,347,136,2251,.542,.603,.367,.731,.621,.590,F-G,jamesle01
21,Nikola Jokić,17.0,12.4,9.0,2023-24,28,DEN,79,79,1,2737,822,1411,739,1180,83,231,358,438,223,753,976,708,108,68,237,194,2085,.583,.626,.359,.817,.650,.612,C-F,jokicni01
22,Luka Dončić,8.8,9.4,8.8,2019-20,20,DAL,61,61,1,2047,581,1255,410,714,171,541,426,562,78,495,573,538,62,14,260,153,1759,.463,.574,.316,.758,.585,.531,G-F,doncilu01
23,Luka Dončić,7.6,9.1,8.7,2021-22,22,DAL,65,65,1,2301,641,1403,440,834,201,569,364,489,56,537,593,568,75,36,292,145,1847,.457,.528,.353,.744,.571,.529,G-F,doncilu01
24,LeBron James,12.9,8.6,8.7,2016-17,32,CLE,74,74,1,2794,736,1344,612,1002,124,342,358,531,97,542,639,646,92,44,303,134,1954,.548,.611,.363,.674,.619,.594,F-G,jamesle01
25,Luka Dončić,7.7,8.0,8.6,2020-21,21,DAL,66,66,1,2262,647,1351,455,803,192,548,344,471,54,473,527,567,64,36,281,152,1830,.479,.567,.350,.730,.587,.550,G-F,doncilu01
26,Magic Johnson,6.4,8.6,8.6,1980-81,21,LAL,37,,0,1371,312,587,309,570,3,17,171,225,101,219,320,317,127,27,143,100,798,.532,.542,.176,.760,.582,.534,G-F,johnsma02
27,Wilt Chamberlain,20.4,23.8,8.6,1967-68,31,PHI,82,,1,3836,819,1377,819,1377,,,354,932,,,1952,702,,,,160,1992,.595,.595,,.380,.557,.595,C,chambwi01
28,Nikola Jokić,15.6,10.8,8.3,2020-21,25,DEN,72,72,1,2488,732,1293,640,1056,92,237,342,394,205,575,780,599,95,48,222,192,1898,.566,.606,.388,.868,.647,.602,C-F,jokicni01
29,LeBron James,7.2,8.5,8.3,2018-19,34,LAL,55,55,1,1937,558,1095,447,768,111,327,278,418,57,408,465,454,72,33,197,94,1505,.510,.582,.339,.665,.588,.560,F-G,jamesle01
30,Domantas Sabonis,12.6,13.7,8.2,2023-24,27,SAC,82,82,0,2928,634,1068,601,981,33,87,292,415,294,826,1120,673,74,48,272,250,1593,.594,.613,.379,.704,.637,.609,C-F,sabondo01
31,Ben Simmons,9.2,8.1,8.2,2017-18,21,PHI,81,81,0,2732,544,998,544,987,0,11,191,341,145,514,659,661,140,70,278,211,1279,.545,.551,.000,.560,.557,.545,G-F,simmobe01
32,Darrell Walker,6.3,8.8,8.0,1989-90,28,WSB,81,81,0,2883,316,696,314,675,2,21,138,201,173,541,714,652,139,30,173,220,772,.454,.465,.095,.687,.492,.455,G,walkeda01
33,Michael Jordan,19.8,8.0,8.0,1988-89,25,CHI,81,81,1,3255,966,1795,939,1697,27,98,674,793,149,503,652,650,234,65,290,247,2633,.538,.553,.276,.850,.614,.546,G-F,jordami01
34,Luka Dončić,10.2,8.6,8.0,2022-23,23,DAL,66,66,1,2391,719,1449,534,908,185,541,515,694,54,515,569,529,90,33,236,166,2138,.496,.588,.342,.742,.609,.560,G-F,doncilu01
35,Fat Lever,9.7,8.9,8.0,1986-87,26,DEN,82,82,0,3054,643,1370,621,1278,22,92,244,312,216,513,729,654,201,34,167,219,1552,.469,.486,.239,.782,.515,.477,G,leverfa01
36,Nikola Jokić,15.2,13.8,7.9,2021-22,26,DEN,74,74,1,2476,764,1311,667,1023,97,288,379,468,206,813,1019,584,109,63,281,191,2004,.583,.652,.337,.810,.661,.620,C-F,jokicni01
37,Fat Lever,9.2,9.3,7.9,1988-89,28,DEN,71,71,0,2745,558,1221,535,1155,23,66,270,344,187,475,662,559,195,20,157,178,1409,.457,.463,.348,.785,.513,.466,G,leverfa01
38,Jalen Johnson,7.5,10.3,7.9,2025-26,24,ATL,72,72,1,2532,600,1228,480,887,120,341,301,382,101,639,740,566,89,31,244,151,1621,.489,.541,.352,.788,.581,.537,F,johnsja05
39,Fat Lever,10.4,8.1,7.8,1987-88,27,DEN,82,82,1,3061,643,1360,631,1303,12,57,248,316,203,462,665,639,223,21,182,214,1546,.473,.484,.211,.785,.516,.477,G,leverfa01
40,Wilt Chamberlain,21.9,24.2,7.8,1966-67,30,PHI,81,,1,3682,785,1150,785,1150,,,386,875,,,1957,630,,,,143,1956,.683,.683,,.441,.637,.683,C,chambwi01
41,Ben Simmons,8.2,8.8,7.7,2018-19,22,PHI,79,79,1,2700,540,960,540,954,0,6,257,428,172,525,697,610,112,61,274,209,1337,.563,.566,.000,.600,.582,.563,G-F,simmobe01
42,Luka Dončić,5.9,8.2,7.7,2024-25,25,DALLAL,50,50,0,1769,461,1025,284,544,177,481,309,395,40,369,409,383,89,21,179,126,1408,.450,.522,.368,.782,.587,.536,G-F,doncilu01
43,Larry Bird,15.2,9.2,7.6,1986-87,30,BOS,74,73,1,3005,786,1497,696,1272,90,225,414,455,124,558,682,566,135,70,240,185,2076,.525,.547,.400,.910,.612,.555,F,birdla01
44,John Havlicek,12.5,9.0,7.5,1970-71,30,BOS,81,,1,3678,892,1982,892,1982,,,554,677,,,730,607,,,,200,2338,.450,.450,,.818,.513,.450,F-G,havlijo01
45,Larry Bird,9.5,9.5,7.5,1989-90,33,BOS,75,75,1,2944,718,1517,653,1322,65,195,319,343,90,622,712,562,106,61,243,173,1820,.473,.494,.333,.930,.546,.495,F,birdla01
46,John Havlicek,12.4,8.2,7.5,1971-72,31,BOS,82,,1,3698,897,1957,897,1957,,,458,549,,,672,614,,,,183,2252,.458,.458,,.834,.512,.458,F-G,havlijo01
47,Draymond Green,11.1,9.5,7.4,2015-16,25,GSW,81,81,1,2808,401,819,301,561,100,258,229,329,134,635,769,598,119,113,259,240,1131,.490,.537,.388,.696,.587,.551,F,greendr01
48,Grant Hill,14.6,9.0,7.3,1996-97,24,DET,80,80,1,3147,625,1259,615,1226,10,33,450,633,123,598,721,583,144,48,259,186,1710,.496,.502,.303,.711,.556,.500,F-G,hillgr01
49,Domantas Sabonis,12.6,12.3,7.3,2022-23,26,SAC,79,79,1,2736,577,938,546,855,31,83,325,438,251,722,973,573,65,39,230,279,1510,.615,.639,.373,.742,.668,.632,C-F,sabondo01
50,Nikola Jokić,11.8,10.8,7.3,2018-19,23,DEN,80,80,1,2504,616,1206,533,936,83,270,289,352,228,637,865,580,108,55,248,228,1604,.511,.569,.307,.821,.589,.545,C-F,jokicni01
51,LeBron James,19.3,8.0,7.3,2012-13,28,MIA,76,76,1,2877,765,1354,662,1100,103,254,403,535,97,513,610,551,129,67,226,110,2036,.565,.602,.406,.753,.640,.603,F-G,jamesle01
52,Josh Giddey,5.3,8.1,7.2,2024-25,22,CHI,70,69,0,2117,371,798,266,520,105,278,175,224,127,439,566,503,84,45,202,122,1022,.465,.512,.378,.781,.570,.531,G,giddejo01
53,Larry Bird,6.6,8.5,7.2,1990-91,34,BOS,60,60,1,2277,462,1017,385,819,77,198,163,183,53,456,509,431,108,58,187,118,1164,.454,.470,.389,.891,.530,.492,F,birdla01
54,Nikola Jokić,9.8,9.7,7.0,2019-20,24,DEN,73,73,1,2336,565,1071,485,816,80,255,246,301,166,545,711,512,85,44,226,222,1456,.528,.594,.314,.817,.605,.565,C-F,jokicni01
55,RaiQuan Gray,0.1,9.0,7.0,2022-23,23,BRK,1,0,0,35,6,12,4,7,2,5,2,2,3,6,9,7,0,1,4,5,16,.500,.571,.400,1.000,.621,.583,F,grayra01
56,Grant Hill,11.7,9.8,6.9,1995-96,23,DET,80,80,1,3260,564,1221,559,1195,5,26,485,646,127,656,783,548,100,48,263,242,1618,.462,.468,.192,.751,.537,.464,F-G,hillgr01
57,LeBron James,5.6,8.3,6.8,2022-23,38,LAL,55,54,1,1954,609,1219,488,842,121,377,251,327,65,392,457,375,50,32,178,88,1590,.500,.580,.321,.768,.583,.549,F-G,jamesle01
58,Larry Bird,5.5,9.6,6.8,1991-92,35,BOS,45,45,1,1662,353,758,301,630,52,128,150,162,46,388,434,306,42,33,125,82,908,.466,.478,.406,.926,.547,.500,F,birdla01
59,Larry Bird,15.8,9.8,6.8,1985-86,29,BOS,82,81,1,3113,796,1606,714,1412,82,194,441,492,190,615,805,557,166,51,266,182,2115,.496,.506,.423,.896,.580,.521,F,birdla01
60,Domantas Sabonis,6.9,12.0,6.7,2020-21,24,IND,62,62,1,2231,484,904,432,742,52,162,240,328,150,592,742,415,76,33,213,203,1260,.535,.582,.321,.732,.601,.564,C-F,sabondo01
61,Larry Bird,15.7,10.5,6.6,1984-85,28,BOS,80,77,1,3161,918,1760,862,1629,56,131,403,457,164,678,842,531,129,98,248,208,2295,.522,.529,.427,.882,.585,.538,F,birdla01
62,Larry Bird,13.6,10.1,6.6,1983-84,27,BOS,79,77,1,3028,758,1542,740,1469,18,73,374,421,181,615,796,520,144,69,237,197,1908,.492,.504,.247,.888,.552,.497,F,birdla01
63,Fat Lever,8.8,9.3,6.5,1989-90,29,DEN,79,79,1,2832,568,1283,532,1196,36,87,271,337,230,504,734,517,168,13,156,172,1443,.443,.445,.414,.804,.504,.457,G,leverfa01
64,Giannis Antetokounmpo,13.2,11.5,6.5,2023-24,29,MIL,73,73,1,2567,837,1369,803,1245,34,124,514,782,196,645,841,476,87,79,250,210,2222,.611,.645,.274,.657,.649,.624,F-G,antetgi01
65,Giannis Antetokounmpo,11.5,11.9,6.5,2024-25,30,MIL,67,67,1,2289,793,1319,779,1256,14,63,436,707,147,651,798,433,58,78,206,155,2036,.601,.620,.222,.617,.625,.607,F-G,antetgi01
66,Maurice Stokes,4.5,18.1,6.4,1957-58,24,CIN,63,,1,2460,414,1181,414,1181,,,238,333,,,1142,403,,,,226,1066,.351,.351,,.715,.402,.351,F-C,stokema01
67,LeBron James,7.5,8.2,6.2,2021-22,37,LAL,56,56,1,2084,640,1221,479,773,161,448,254,336,63,396,459,349,73,59,196,121,1695,.524,.620,.359,.756,.619,.590,F-G,jamesle01
68,Alperen Şengün,8.0,8.9,6.2,2025-26,23,HOU,72,72,1,2398,583,1123,543,992,40,131,260,376,215,425,640,445,85,77,227,238,1466,.519,.547,.305,.691,.569,.537,C-F,sengual01
69,Larry Bird,15.0,9.3,6.1,1987-88,31,BOS,76,75,1,2965,881,1672,783,1435,98,237,415,453,108,595,703,467,125,57,213,157,2275,.527,.546,.414,.916,.608,.556,F,birdla01
70,Nikola Jokić,10.7,10.7,6.1,2017-18,22,DEN,75,73,0,2443,504,1010,393,730,111,280,266,313,195,608,803,458,90,61,210,212,1385,.499,.538,.396,.850,.603,.554,C-F,jokicni01
71,Scottie Barnes,4.3,8.2,6.1,2023-24,22,TOR,60,60,1,2094,447,942,346,646,101,296,196,251,141,353,494,363,75,88,165,118,1191,.475,.536,.341,.781,.566,.528,G-F,barnesc01
72,Domantas Sabonis,10.1,13.9,6.0,2024-25,28,SAC,70,70,0,2429,527,893,462,737,65,156,218,289,267,705,972,423,48,26,202,229,1337,.590,.627,.417,.754,.655,.627,C-F,sabondo01
73,Kevin Garnett,15.6,13.4,6.0,2002-03,26,MIN,82,82,1,3321,743,1481,723,1410,20,71,377,502,244,858,1102,495,113,129,229,199,1883,.502,.513,.282,.751,.553,.508,F-C,garneke01
74,Julius Randle,7.8,10.2,6.0,2020-21,26,NYK,71,71,1,2667,602,1321,442,932,160,389,348,429,84,639,723,427,64,18,241,225,1712,.456,.474,.411,.811,.567,.516,F-C,randlju01
75,Detlef Schrempf,10.4,9.5,6.0,1992-93,30,IND,82,60,1,3098,517,1085,509,1033,8,52,525,653,210,570,780,493,79,27,243,305,1567,.476,.493,.154,.804,.571,.480,F-C,schrede01
76,Jayson Tatum,9.5,8.7,6.0,2024-25,26,BOS,72,72,1,2624,662,1465,412,737,250,728,358,440,48,575,623,431,76,38,209,157,1932,.452,.559,.343,.814,.582,.537,F,tatumja01
