Season,Team,Opponent,Player,PlayerID,Age,G,GS,Total_MP,FG,FGA,3P,3PA,FT,FTA,ORB,DRB,TRB,AST,STL,BLK,TOV,PF,PTS,FG%,3P%,FT%,PerGame_MP,PerGame_PTS,PerGame_TRB,PerGame_AST,PerGame_STL,PerGame_BLK,TS%,eFG%,ORB%,DRB%,TRB%,AST%,STL%,BLK%,TOV%,USG%,ORtg,DRtg,GmSc
2023,DEN,MIN,Jamal Murray,murraja01,25,5,5,192,49,104,18,42,20,22,2,26,28,32,5,2,13,12,136,0.471,0.429,0.909,38.4,27.2,5.6,6.4,1,0.4,0.598,0.558,1.1,15.1,8.4,27.6,1.3,1,10.3,29.6,119,112,20.4
2023,DEN,MIN,Nikola Jokić,jokicni01,27,5,5,185,48,99,11,22,24,34,21,41,62,45,6,2,14,21,131,0.485,0.5,0.706,37,26.2,12.4,9,1.2,0.4,0.575,0.54,12.9,25.3,19.5,41.1,1.7,1.1,10.9,31.1,126,109,24.1
2023,DEN,MIN,Michael Porter Jr.,portemi01,24,5,5,180,31,63,14,33,6,9,3,38,41,6,5,3,0,13,82,0.492,0.424,0.667,35.9,16.4,8.2,1.2,1,0.6,0.612,0.603,2,24.3,13.4,5,1.4,1.5,0,16.9,129,109,13.7
2023,DEN,MIN,Aaron Gordon,gordoaa01,27,5,5,163,23,46,4,12,17,19,15,20,35,9,3,1,5,23,67,0.5,0.333,0.895,32.7,13.4,7,1.8,0.6,0.2,0.616,0.543,11.1,14.4,12.9,8.1,0.9,0.6,8.4,16.4,131,114,11.1
2023,DEN,MIN,Bruce Brown,brownbr01,26,5,0,135,22,41,3,14,10,11,3,17,20,12,6,2,9,11,57,0.537,0.214,0.909,27,11.4,4,2.4,1.2,0.4,0.622,0.573,2.7,14.4,8.6,11.9,2.3,1.5,16.4,18.3,113,109,9.3
2023,DEN,MIN,Kentavious Caldwell-Pope,caldwke01,29,5,5,165,19,44,8,22,6,7,2,12,14,7,6,2,6,12,52,0.432,0.364,0.857,33,10.4,2.8,1.4,1.2,0.4,0.552,0.523,1.6,8.3,5,5.7,1.9,1.1,11.3,14.5,104,112,7
2023,DEN,MIN,Jeff Green,greenje02,36,5,0,113,8,23,2,10,1,3,1,6,7,7,3,4,4,14,19,0.348,0.2,0.333,22.5,3.8,1.4,1.4,0.6,0.8,0.391,0.391,0.9,5.7,3.6,7.6,1.3,3.5,14.1,11.4,79,111,1.8
2023,DEN,MIN,Christian Braun,braunch01,21,5,0,63,7,11,2,4,1,2,3,6,9,4,0,1,2,6,17,0.636,0.5,0.5,12.7,3.4,1.8,0.8,0,0.2,0.715,0.727,5.1,11,8.1,8.4,0,1.7,14.4,10,125,111,2.9
2023,DEN,MIN,DeAndre Jordan,jordade01,34,3,0,10,2,3,0,0,1,2,0,4,4,1,0,0,2,2,5,0.667,,0.5,3.5,1.7,1.3,0.3,0,0,0.644,0.667,0,39,20.6,18.4,0,0,34,25.2,86,91,0.8
2023,DEN,MIN,Zeke Nnaji,nnajize01,22,1,0,4,2,2,1,1,0,0,0,1,1,0,1,0,1,0,5,1,1,,4.3,5,1,0,1,0,1.25,1.25,0,23.5,12.3,0,12.1,0,33.3,31.5,105,62,4.7
2023,DEN,MIN,Vlatko Čančar,cancavl01,25,1,0,2,0,1,0,1,0,0,0,1,1,0,0,0,0,0,0,0,0,,2.1,0,1,0,0,0,0,0,0,48.4,25.2,0,0,0,0,21.6,0,85,-0.4
2023,DEN,MIN,Reggie Jackson,jacksre01,32,1,0,4,0,0,0,0,0,0,0,0,0,1,1,0,1,0,0,,,,4.3,0,0,1,1,0,,,0,0,0,27.5,12.1,0,100,10.5,48,67,0.7
2023,DEN,MIN,Ish Smith,smithis01,34,1,0,4,0,1,0,0,0,0,0,1,1,0,0,0,0,1,0,0,,,4.3,0,1,0,0,0,0,0,0,23.5,12.3,0,0,0,0,10.5,0,88,-0.8
2023,DEN,MIN,Peyton Watson,watsope01,20,1,0,4,0,1,0,1,0,0,1,0,1,1,0,0,0,0,0,0,0,,4.3,0,1,1,0,0,0,0,25.7,0,12.3,27.5,0,0,0,10.5,102,95,0.7
2023,DEN,MIN,Team Totals,-9999,26.8,5,,1225,211,439,63,162,86,109,51,173,224,125,36,17,60,115,571,0.481,0.389,0.789,245,114.2,44.8,25,7.2,3.4,0.586,0.552,24.9,80.5,53.3,59.2,7.5,6.7,11,,118.8,109.7,
2023,MIN,DEN,Anthony Edwards,edwaran01,21,5,5,199,55,114,15,43,33,39,3,22,25,26,9,10,8,13,158,0.482,0.349,0.846,39.7,31.6,5,5.2,1.8,2,0.602,0.548,1.8,13.6,7.4,26.5,2.3,4.4,5.7,32.4,122,116,25.5
2023,MIN,DEN,Karl-Anthony Towns,townska01,27,5,5,180,32,70,6,24,21,28,6,45,51,10,3,4,18,21,91,0.457,0.25,0.75,36,18.2,10.2,2,0.6,0.8,0.553,0.5,3.8,30.2,16.7,9.4,0.8,1.9,17.9,25.8,96,117,11.2
2023,MIN,DEN,Rudy Gobert,goberru01,30,5,5,177,29,46,0,0,17,27,18,43,61,10,2,5,8,24,75,0.63,,0.63,35.4,15,12.2,2,0.4,1,0.648,0.63,11.7,28.4,19.9,9.1,0.6,2.5,12.1,17.2,129,117,14.2
2023,MIN,DEN,Mike Conley,conlemi01,35,5,5,183,20,42,10,22,10,11,2,11,13,32,3,0,7,11,60,0.476,0.455,0.909,36.6,12,2.6,6.4,0.6,0,0.64,0.595,1.4,7,4,25.9,0.8,0,13,13.6,130,124,11.4
2023,MIN,DEN,Nickeil Alexander-Walker,alexani01,24,5,4,148,15,35,10,25,2,3,1,9,10,7,3,1,4,9,42,0.429,0.4,0.667,29.6,8.4,2,1.4,0.6,0.2,0.578,0.571,0.7,7.7,4,6.6,1.1,0.6,9.9,12.7,108,123,5.5
2023,MIN,DEN,Taurean Prince,princta02,28,5,1,100,12,33,8,21,7,9,3,4,7,4,3,1,5,9,39,0.364,0.381,0.778,20,7.8,1.4,0.8,0.6,0.2,0.528,0.485,3.4,5.4,4.3,6.5,1.5,0.9,11.9,19.4,97,123,4.2
2023,MIN,DEN,Kyle Anderson,anderky01,29,4,0,104,15,30,2,6,2,2,3,13,16,18,7,2,6,13,34,0.5,0.333,1,25.9,8.5,4,4.5,1.8,0.5,0.551,0.533,3.9,15.9,9.5,29,3.5,1.8,16.3,16.7,109,116,8.7
2023,MIN,DEN,Jaylen Nowell,nowelja01,23,5,0,62,6,26,3,9,1,2,4,1,5,3,0,0,2,4,16,0.231,0.333,0.5,12.4,3.2,1,0.6,0,0,0.298,0.288,6.6,2.5,4.5,9.4,0,0,6.9,21.8,67,130,0.3
2023,MIN,DEN,Austin Rivers,riverau01,30,4,0,46,4,8,2,6,0,0,1,4,5,1,1,0,1,1,10,0.5,0.333,,11.6,2.5,1.3,0.3,0.3,0,0.625,0.625,2.7,9.5,5.7,2.9,1.1,0,11.1,9.1,109,121,2.1
2023,MIN,DEN,Nathan Knight,knighna01,25,2,0,5,1,4,0,2,0,0,1,0,1,0,0,0,1,0,2,0.25,0,,2.4,1,0.5,0,0,0,0.25,0.25,21.2,0,11.1,0,0,0,20,51.4,49,127,-0.4
2023,MIN,DEN,Jordan McLaughlin,mclaujo01,26,2,0,14,0,4,0,2,0,0,0,2,2,2,0,0,0,2,0,0,0,,7.1,0,1,1,0,0,0,0,0,15.5,7.4,20.3,0,0,0,13.6,28,119,-0.8
2023,MIN,DEN,Josh Minott,minotjo01,20,1,0,6,0,1,0,1,0,0,0,0,0,0,2,1,1,1,0,0,0,,6.3,0,0,0,2,1,0,0,0,0,0,0,16.3,14.9,50,15.3,0,78,0.6
2023,MIN,DEN,Wendell Moore Jr.,moorewe01,21,1,0,2,0,0,0,0,0,0,0,0,0,0,0,0,1,0,0,,,,2.1,0,0,0,0,0,,,0,0,0,0,0,0,100,23.5,0,127,-1
2023,MIN,DEN,Team Totals,-9999,26.6,5,,1225,189,413,56,161,93,121,42,154,196,113,33,24,64,108,527,0.458,0.348,0.769,245,105.4,39.2,22.6,6.6,4.8,0.565,0.525,19.5,75.1,46.7,59.8,6.9,8.7,12.1,,109.7,118.8,
2024,DEN,MIN,Nikola Jokić,jokicni01,28,7,7,280,78,151,8,35,39,44,24,56,80,55,11,7,24,18,203,0.517,0.229,0.886,40,29,11.4,7.9,1.6,1,0.596,0.543,9,23.9,16.5,39.3,2.1,2.7,12.3,33.4,119,111,26.2
2024,DEN,MIN,Jamal Murray,murraja01,26,7,7,263,52,129,13,39,12,12,5,24,29,31,9,1,19,20,129,0.403,0.333,1,37.6,18.4,4.1,4.4,1.3,0.1,0.48,0.453,2.3,10.7,6.3,20.9,1.8,0.4,12.4,27.9,95,116,10.7
2024,DEN,MIN,Aaron Gordon,gordoaa01,28,7,7,244,41,65,10,17,11,14,17,21,38,30,7,6,9,20,103,0.631,0.588,0.786,34.8,14.7,5.4,4.3,1,0.9,0.724,0.708,8.4,10.4,9.2,21,1.5,2.5,11.2,15.7,142,116,15.2
2024,DEN,MIN,Michael Porter Jr.,portemi01,25,7,7,246,26,70,13,40,10,13,4,36,40,7,5,8,13,19,75,0.371,0.325,0.769,35.1,10.7,5.7,1,0.7,1.1,0.495,0.464,1.7,17.4,9.5,4.8,1.1,3.1,14.7,17.3,88,114,6.2
2024,DEN,MIN,Kentavious Caldwell-Pope,caldwke01,30,7,7,240,18,43,10,27,9,9,3,22,25,20,7,4,4,21,55,0.419,0.37,1,34.3,7.9,3.6,2.9,1,0.6,0.586,0.535,1.1,10.9,6.1,12,1.6,1.5,7.8,10.2,121,115,7.5
2024,DEN,MIN,Christian Braun,braunch01,22,7,0,139,15,32,4,9,8,11,3,18,21,7,2,4,1,10,42,0.469,0.444,0.727,19.8,6,3,1,0.3,0.6,0.57,0.531,2.3,15.7,9.1,7.5,0.8,2.8,2.6,13.1,118,115,5.2
2024,DEN,MIN,Justin Holiday,holidju01,34,7,0,114,10,25,10,20,2,4,0,16,16,3,2,0,3,12,32,0.4,0.5,0.5,16.3,4.6,2.3,0.4,0.3,0,0.598,0.6,0,17.3,8.6,4.2,0.9,0,10.1,12.4,99,117,2.7
2024,DEN,MIN,Reggie Jackson,jacksre01,33,7,0,66,10,27,4,10,2,2,2,8,10,5,1,1,6,5,26,0.37,0.4,1,9.4,3.7,1.4,0.7,0.1,0.1,0.466,0.444,3.4,15.3,9.5,11.9,0.8,1.6,17.7,24.5,81,118,1.7
2024,DEN,MIN,Julian Strawther,strawju01,21,3,0,16,2,6,1,4,2,4,0,2,2,0,1,0,1,3,7,0.333,0.25,0.5,5.3,2.3,0.7,0,0.3,0,0.451,0.417,0,15.2,7.1,0,3.3,0,11.4,25.8,77,115,0.7
2024,DEN,MIN,Zeke Nnaji,nnajize01,23,3,0,14,2,3,0,0,1,2,2,0,2,0,0,1,2,1,5,0.667,,0.5,4.7,1.7,0.7,0,0,0.3,0.644,0.667,16.7,0,8.5,0,0,6.7,34,19.6,87,119,1
2024,DEN,MIN,Jalen Pickett,pickeja02,24,3,0,11,2,3,0,1,0,0,0,1,1,1,0,1,0,1,4,0.667,0,,3.6,1.3,0.3,0.3,0,0.3,0.667,0.667,0,10.1,4.3,26,0,9.7,0,12.7,129,118,1.3
2024,DEN,MIN,Hunter Tyson,tysonhu01,23,3,0,14,0,4,0,3,1,2,1,2,3,1,0,0,1,0,1,0,0,0.5,4.6,0.3,1,0.3,0,0,0.102,0,10,16,11.6,8.2,0,0,17,20.1,47,122,-0.4
2024,DEN,MIN,Peyton Watson,watsope01,21,5,0,30,0,7,0,2,1,4,1,11,12,1,0,2,0,3,1,0,0,0.25,6,0.2,2.4,0.2,0,0.4,0.057,0,3.2,43.6,22.3,6.1,0,7.3,0,13.7,23,111,0
2024,DEN,MIN,DeAndre Jordan,jordade01,35,1,0,4,0,1,0,0,0,0,1,0,1,0,0,0,0,1,0,0,,,4.4,0,1,0,0,0,0,0,17.7,0,10.3,0,0,0,0,10.4,45,134,-0.4
2024,DEN,MIN,Team Totals,-9999,27.3,7,,1680,256,566,73,207,98,121,63,217,280,161,45,35,88,134,683,0.452,0.353,0.81,240,97.6,40,23,6.4,5,0.551,0.517,21.1,77.2,48.3,62.9,7.1,10.3,12.4,,108.1,113.8,
2024,MIN,DEN,Anthony Edwards,edwaran01,22,7,7,284,71,142,19,51,33,39,2,34,36,40,11,4,19,14,194,0.5,0.373,0.846,40.5,27.7,5.1,5.7,1.6,0.6,0.609,0.567,0.9,14.3,7.6,26.2,2.1,1.4,10.7,29.8,117,110,21.3
2024,MIN,DEN,Karl-Anthony Towns,townska01,28,7,7,243,49,96,13,33,19,24,14,50,64,21,6,3,13,26,130,0.51,0.394,0.792,34.7,18.6,9.1,3,0.9,0.4,0.61,0.578,6.8,22.9,15,14.7,1.3,1.1,10.9,23.4,118,109,14.9
2024,MIN,DEN,Jaden McDaniels,mcdanja02,23,7,7,226,29,57,8,21,13,19,13,15,28,9,8,10,7,21,79,0.509,0.381,0.684,32.3,11.3,4,1.3,1.1,1.4,0.604,0.579,6.8,7.7,7.3,5.9,1.9,4.1,9.7,15.2,116,109,9.7
2024,MIN,DEN,Naz Reid,reidna01,24,7,0,156,30,65,9,28,7,9,5,27,32,6,4,7,6,13,76,0.462,0.321,0.778,22.2,10.9,4.6,0.9,0.6,1,0.551,0.531,3.7,18.5,11.3,6.8,1.4,4.1,8,22.9,105,106,7.9
2024,MIN,DEN,Mike Conley,conlemi01,36,6,6,196,23,53,13,29,7,9,1,26,27,40,7,2,7,14,66,0.434,0.448,0.778,32.7,11,4.5,6.7,1.2,0.3,0.579,0.557,0.6,14.9,7.9,30.5,1.9,0.9,10.9,15.5,126,107,11.6
2024,MIN,DEN,Rudy Gobert,goberru01,31,6,6,203,23,38,0,0,16,29,14,51,65,11,5,8,10,24,62,0.605,,0.552,33.8,10.3,10.8,1.8,0.8,1.3,0.611,0.605,8.4,29.5,19.1,8.1,1.3,3.8,16.5,14.2,114,108,10.5
2024,MIN,DEN,Nickeil Alexander-Walker,alexani01,25,7,1,176,18,50,12,37,2,2,1,10,11,13,0,5,8,8,50,0.36,0.324,1,25.1,7.1,1.6,1.9,0,0.7,0.491,0.48,0.7,6.4,3.7,11,0,2.4,13.6,15.9,89,117,3.9
2024,MIN,DEN,Kyle Anderson,anderky01,30,7,1,89,6,18,0,1,7,8,10,6,16,17,6,2,6,9,19,0.333,0,0.875,12.8,2.7,2.3,2.4,0.9,0.3,0.441,0.333,12.8,7.5,9.7,25.4,3.6,2.1,21.8,14.6,111,106,3.8
2024,MIN,DEN,Luka Garza,garzalu01,25,3,0,17,5,7,1,2,7,8,1,3,4,1,0,0,0,0,18,0.714,0.5,0.875,5.6,6,1.3,0.3,0,0,0.856,0.786,7.7,17.4,13.3,10.4,0,0,0,29.8,179,104,5.7
2024,MIN,DEN,Monte Morris,morrimo01,28,5,0,37,6,19,1,9,2,2,1,2,3,5,2,0,0,3,15,0.316,0.111,1,7.4,3,0.6,1,0.4,0,0.377,0.342,3.4,7.6,5.4,22.6,2.9,0,0,25.7,93,109,1.9
2024,MIN,DEN,Josh Minott,minotjo01,21,3,0,15,2,7,2,4,0,0,1,4,5,2,0,0,0,2,6,0.286,0.5,,4.9,2,1.7,0.7,0,0,0.429,0.429,8.9,25.6,18.5,28.8,0,0,0,23.1,90,103,1.5
2024,MIN,DEN,Jordan McLaughlin,mclaujo01,27,3,0,19,1,4,0,3,0,2,0,3,3,2,0,0,1,1,2,0.25,0,0,6.4,0.7,1,0.7,0,0,0.205,0.25,0,12.4,7.2,14.1,0,0,17,15.1,43,107,-0.1
2024,MIN,DEN,Wendell Moore Jr.,moorewe01,22,2,0,10,1,3,0,1,0,0,0,2,2,2,1,0,1,1,2,0.333,0,,5.2,1,1,1,0.5,0,0.333,0.333,0,16.9,9.5,23.2,5.1,0,25,18.1,63,74,1
2024,MIN,DEN,Leonard Miller,millele01,20,1,0,3,0,1,0,1,0,0,0,2,2,0,0,0,0,0,0,0,0,,3.3,0,2,0,0,0,0,0,0,59.1,32.1,0,0,0,0,14.5,0,69,-0.1
2024,MIN,DEN,T.J. Warren,warretj01,30,1,0,6,0,2,0,1,0,0,1,1,2,1,0,0,0,0,0,0,0,,5.9,0,2,1,0,0,0,0,22,23.2,22.6,26.2,0,0,0,16.9,59,134,0.3
2024,MIN,DEN,Team Totals,-9999,27.1,7,,1680,264,562,78,221,113,151,64,236,300,170,50,41,82,136,719,0.47,0.353,0.748,240,102.7,42.9,24.3,7.1,5.9,0.572,0.539,22.8,78.9,51.7,64.4,7.9,11.4,11.5,,113.8,108.1,
2026,DEN,MIN,Nikola Jokić,jokicni01,30,6,6,237,54,121,7,36,40,43,9,70,79,57,6,5,23,21,155,0.446,0.194,0.93,39.5,25.8,13.2,9.5,1,0.8,0.554,0.475,4.1,33.2,18.8,44.1,1.3,1.8,14.1,30.4,110,110,22.7
2026,DEN,MIN,Jamal Murray,murraja01,28,6,6,238,46,129,11,42,39,40,7,23,30,34,5,2,13,10,142,0.357,0.262,0.975,39.7,23.7,5,5.7,0.8,0.3,0.484,0.399,3.5,10.6,7.1,25.5,1,0.6,8.1,29.5,101,117,15.8
2026,DEN,MIN,Cameron Johnson,johnsca02,29,6,6,186,31,62,11,35,12,17,3,16,19,14,6,2,6,18,85,0.5,0.314,0.706,31.1,14.2,3.2,2.3,1,0.3,0.612,0.589,2.1,9.9,6.2,12.3,1.5,0.8,7.9,18.1,115,115,10.5
2026,DEN,MIN,Tim Hardaway Jr.,hardati02,33,6,0,140,19,45,8,23,19,24,6,14,20,5,4,2,4,10,65,0.422,0.348,0.792,23.3,10.8,3.3,0.8,0.7,0.3,0.585,0.511,4.8,10.6,7.7,6.2,1.4,1.2,6.7,18.9,115,115,8.1
2026,DEN,MIN,Christian Braun,braunch01,24,6,6,187,15,36,6,14,14,19,2,19,21,10,6,5,4,13,50,0.417,0.429,0.737,31.1,8.3,3.5,1.7,1,0.8,0.564,0.5,1.1,11.3,6.2,7.6,1.5,2,8.3,11.4,111,115,7.2
2026,DEN,MIN,Spencer Jones,jonessp01,24,6,3,145,13,19,9,13,4,5,3,9,12,2,4,7,4,20,39,0.684,0.692,0.8,24.2,6.5,2,0.3,0.7,1.2,0.92,0.921,2.2,7.3,4.8,2,1.3,4,15.9,7.7,138,117,5.6
2026,DEN,MIN,Bruce Brown,brownbr01,29,6,0,116,15,34,3,11,5,9,3,13,16,10,10,0,9,16,38,0.441,0.273,0.556,19.4,6.3,2.7,1.7,1.7,0,0.501,0.485,3,11.7,7.3,15.1,4.2,0,19.2,17.8,88,110,4.4
2026,DEN,MIN,Aaron Gordon,gordoaa01,30,3,3,89,12,30,3,14,7,10,4,12,16,7,0,1,1,9,34,0.4,0.214,0.7,29.8,11.3,5.3,2.3,0,0.3,0.494,0.45,4.9,14,9.5,11.7,0,0.8,2.8,17.1,110,117,8
2026,DEN,MIN,Jonas Valančiūnas,valanjo01,33,4,0,25,5,7,0,0,1,2,3,6,9,1,0,1,5,11,11,0.714,,0.5,6.3,2.8,2.3,0.3,0,0.3,0.698,0.714,15.1,26.6,20.9,6.7,0,3.6,38.8,23.2,85,109,0.9
2026,DEN,MIN,Zeke Nnaji,nnajize01,25,2,0,19,2,2,1,1,5,6,1,2,3,1,1,0,0,3,10,1,1,0.833,9.5,5,1.5,0.5,0.5,0,1.078,1.25,5.4,10.9,8.1,11.4,2.5,0,0,10.7,224,113,5.4
2026,DEN,MIN,Tyus Jones,jonesty01,29,3,0,30,4,8,0,1,1,2,0,0,0,5,2,0,0,3,9,0.5,0,0.5,10.1,3,0,1.7,0.7,0,0.507,0.5,0,0,0,25.4,3.3,0,0,13.5,120,118,3
2026,DEN,MIN,Julian Strawther,strawju01,23,2,0,18,2,7,1,3,1,2,1,2,3,0,0,0,2,2,6,0.286,0.333,0.5,9.1,3,1.5,0,0,0,0.381,0.357,5.6,11.5,8.5,0,0,0,20.2,23.8,66,117,0
2026,DEN,MIN,Jalen Pickett,pickeja02,26,2,0,4,0,0,0,0,1,2,0,0,0,1,0,0,0,0,1,,,0.5,2.1,0.5,0,0.5,0,0,0.568,,0,0,0,41,0,0,0,9.2,144,121,0.7
2026,DEN,MIN,DaRon Holmes,holmeda01,23,2,0,4,0,0,0,0,0,0,0,2,2,0,0,0,0,0,0,,,,2.1,0,1,0,0,0,,,0,49.9,24.7,0,0,0,,0,,107,0.3
2026,DEN,MIN,Team Totals,-9999,28.6,6,,1440,218,500,60,193,149,181,42,188,230,147,44,25,72,136,645,0.436,0.311,0.823,240,107.5,38.3,24.5,7.3,4.2,0.556,0.496,16.6,72.3,44.8,67.4,7.5,7.1,11,,109.3,113.8,
2026,MIN,DEN,Julius Randle,randlju01,31,6,6,202,40,93,6,20,29,39,9,35,44,25,2,1,16,21,115,0.43,0.3,0.744,33.7,19.2,7.3,4.2,0.3,0.2,0.522,0.462,5.4,19.6,12.5,18.4,0.5,0.5,12.7,26.5,107,111,12.4
2026,MIN,DEN,Ayo Dosunmu,dosunay01,26,5,1,162,39,64,12,22,19,20,6,8,14,20,2,1,7,14,109,0.609,0.545,0.95,32.5,21.8,2.8,4,0.4,0.2,0.749,0.703,4.2,5.6,4.9,19.3,0.6,0.5,8.8,20.9,145,114,18
2026,MIN,DEN,Jaden McDaniels,mcdanja02,25,6,6,217,44,89,2,18,17,21,17,24,41,16,3,4,10,25,107,0.494,0.111,0.81,36.1,17.8,6.8,2.7,0.5,0.7,0.545,0.506,8.6,12.7,10.5,11,0.7,1.7,9.2,21.2,114,111,12.8
2026,MIN,DEN,Anthony Edwards,edwaran01,24,4,4,119,24,67,8,31,18,21,1,26,27,12,1,5,7,11,74,0.358,0.258,0.857,29.8,18.5,6.8,3,0.3,1.3,0.485,0.418,0.9,23.2,11.9,15.4,0.4,4.2,8.4,29.8,99,107,11.4
2026,MIN,DEN,Naz Reid,reidna01,26,6,0,148,27,59,7,22,4,7,8,34,42,12,3,1,11,18,65,0.458,0.318,0.571,24.6,10.8,7,2,0.5,0.2,0.524,0.517,6.1,27,16.3,11.9,1,0.6,15.1,21,101,109,7.2
2026,MIN,DEN,Rudy Gobert,goberru01,33,6,6,208,19,36,0,1,8,17,22,42,64,18,8,7,8,19,46,0.528,0,0.471,34.7,7.7,10.7,3,1.3,1.2,0.529,0.528,11.4,22.9,17.2,11.1,1.9,3.1,15.5,10.6,117,105,10.5
2026,MIN,DEN,Donte DiVincenzo,divindo01,29,4,4,96,16,32,11,23,0,2,0,15,15,16,7,0,4,10,43,0.5,0.478,0,24,10.8,3.8,4,1.8,0,0.654,0.672,0,16.5,8.2,23.1,3.5,0,10.8,16.4,123,103,10.2
2026,MIN,DEN,Bones Hyland,hylanbo01,25,6,0,82,14,34,8,24,7,8,2,7,9,11,3,0,6,10,43,0.412,0.333,0.875,13.7,7.2,1.5,1.8,0.5,0,0.573,0.529,3,9.2,6.1,21.2,1.8,0,13.8,22.4,107,111,4.8
2026,MIN,DEN,Terrence Shannon Jr.,shannte01,25,3,1,56,16,31,4,12,6,6,2,5,7,1,2,0,1,4,42,0.516,0.333,1,18.6,14,2.3,0.3,0.7,0,0.624,0.581,3.7,11.8,7.5,2.8,1.9,0,2.9,26.2,132,113,9.9
2026,MIN,DEN,Mike Conley,conlemi01,38,6,2,79,8,17,3,8,0,0,1,8,9,15,4,0,3,11,19,0.471,0.375,,13.2,3.2,1.5,2.5,0.7,0,0.559,0.559,1.3,12.7,6.6,25,2.6,0,15,10.7,126,111,3.4
2026,MIN,DEN,Kyle Anderson,anderky01,32,5,0,35,2,7,0,0,0,0,1,3,4,8,2,0,5,4,4,0.286,,,7.1,0.8,0.8,1.6,0.4,0,0.286,0.286,4.1,11,7.5,29.8,2.6,0,41.7,14.2,72,112,0.5
2026,MIN,DEN,Jaylen Clark,clarkja02,24,2,0,24,1,4,1,3,0,0,1,2,3,2,0,1,0,5,3,0.25,0.333,,11.8,1.5,1.5,1,0,0.5,0.375,0.375,4.4,11.5,8,10.2,0,3.8,0,7.2,119,116,1
2026,MIN,DEN,Joan Beringer,berinjo01,19,2,0,4,0,1,0,0,2,2,2,1,3,0,1,0,1,0,2,0,,1,1.8,1,1.5,0,0.5,0,0.532,0,19.4,39,39.2,0,12.8,0,34.7,33.2,106,90,1.5
2026,MIN,DEN,Joe Ingles,inglejo01,38,2,0,4,0,0,0,0,0,0,0,0,0,0,0,0,0,0,0,,,,1.8,0,0,0,0,0,,,0,0,0,0,0,0,,0,,122,0
2026,MIN,DEN,Julian Phillips,phillju01,22,2,0,4,0,0,0,0,0,0,0,1,1,0,1,0,0,0,0,,,,2.1,0,0.5,0,0.5,0,,,0,23.9,12.1,0,11.3,0,,0,,90,0.7
2026,MIN,DEN,Team Totals,-9999,28.5,6,,1440,250,534,62,184,110,143,72,211,283,156,39,20,81,152,672,0.468,0.337,0.769,240,112,47.2,26,6.5,3.3,0.563,0.526,27.7,83.4,55.2,62.4,6.6,6.5,11.9,,113.8,109.3,
