Season,Age,Team,Lg,Pos,G,GS,MP,PER,TS%,3PAr,FTr,ORB%,DRB%,TRB%,AST%,STL%,BLK%,TOV%,USG%,OWS,DWS,WS,WS/48,OBPM,DBPM,BPM,VORP
2016-17,20,BOS,NBA,SF,78,20,1341,10.3,.539,.319,.293,3.8,14.4,9.1,7.2,1.3,1.1,12.5,18.1,0.2,1.3,1.5,.053,-3.0,-0.8,-3.7,-0.6
2017-18,21,BOS,NBA,SG,70,70,2152,13.6,.562,.381,.290,3.4,14.0,8.8,8.5,1.6,1.0,12.0,21.4,1.2,3.2,4.5,.100,-0.8,0.3,-0.5,0.8
2018-19,22,BOS,NBA,SG,74,25,1913,13.5,.547,.348,.255,3.6,13.9,8.7,7.7,1.7,1.5,10.1,22.1,0.7,2.4,3.0,.076,-1.6,-0.4,-2.1,0.0
2019-20,23,BOS,NBA,SG,57,57,1934,16.9,.583,.381,.274,3.5,16.5,10.1,9.7,1.6,1.0,11.2,24.7,2.3,2.6,4.9,.123,1.0,-0.2,0.8,1.4
2020-21,24,BOS,NBA,SG,58,58,1999,19.9,.586,.370,.225,3.9,15.5,9.7,16.5,1.8,1.5,11.5,29.7,2.8,2.0,4.8,.115,3.2,-0.7,2.5,2.3
2021-22,25,BOS,NBA,SF,66,66,2220,18.9,.574,.381,.261,2.6,16.7,9.8,17.9,1.6,0.7,11.6,30.5,2.3,3.4,5.8,.124,1.9,0.1,2.1,2.2
2022-23,26,BOS,NBA,SF,67,67,2405,19.1,.581,.352,.249,3.6,17.0,10.4,16.5,1.5,0.9,11.4,31.4,1.6,3.4,5.0,.100,1.5,-0.2,1.3,2.0
2023-24,27,BOS,NBA,SF,70,70,2343,18.6,.580,.326,.239,4.0,13.4,8.9,16.6,1.8,1.4,10.7,28.9,2.7,3.2,5.9,.121,0.9,-0.1,0.7,1.6
2024-25,28,BOS,NBA,SF,63,63,2158,17.8,.555,.320,.288,4.1,14.4,9.3,21.4,1.7,0.8,11.4,28.9,2.3,2.9,5.2,.115,0.4,-0.4,0.0,1.1
2025-26,29,BOS,NBA,SF,71,71,2443,22.0,.573,.262,.347,3.7,18.1,11.1,25.9,1.5,1.1,12.7,36.2,3.5,3.4,6.9,.135,3.5,-0.1,3.3,3.3