Rk,Player,PTS/100 Poss.,MP,USG%,TS%,Season,Age,Team,G,GS,AS,WS,ORtg,DRtg,OWS,DWS,WS/48,OBPM,DBPM,BPM,VORP,PER,ORB%,DRB%,TRB%,AST%,STL%,BLK%,TOV%,USG%,Pos,Player-additional
1,Luka Dončić,45.7,2289,38.1,.616,2025-26,26,LAL,64,64,1,9.5,120,114,6.6,2.9,.199,8.0,1.3,9.2,6.5,27.9,2.2,22.5,12.7,40.6,2.2,1.4,12.8,38.1,G-F,doncilu01
2,Shai Gilgeous-Alexander,45.3,2259,33.4,.665,2025-26,27,OKC,68,68,1,15.3,133,108,11.1,4.2,.326,8.8,3.0,11.7,7.8,30.9,1.9,11.7,7.0,35.0,2.0,2.3,8.7,33.4,G,gilgesh01
3,Kawhi Leonard,43.2,2085,33.5,.629,2025-26,34,LAC,65,65,1,9.2,124,113,6.5,2.7,.212,7.4,0.6,8.0,5.3,27.9,4.1,18.6,11.5,21.0,2.9,1.2,8.4,33.5,F,leonaka01
4,Jaylen Brown,42.3,2443,36.2,.573,2025-26,29,BOS,71,71,1,6.9,114,113,3.5,3.3,.135,3.5,-0.2,3.3,3.3,22.0,3.7,18.1,11.1,25.9,1.5,1.1,12.7,36.2,F-G,brownja02
5,Victor Wembanyama,41.2,1866,32.4,.626,2025-26,22,SAS,64,55,1,10.0,122,101,5.0,5.1,.258,6.5,4.2,10.7,6.0,29.9,7.7,34.0,21.2,17.6,1.7,9.4,10.8,32.4,C-F,wembavi01
6,Donovan Mitchell,40.1,2342,32.2,.613,2025-26,29,CLE,70,70,1,8.2,121,116,5.8,2.4,.168,5.2,-0.2,5.1,4.2,23.0,2.4,12.4,7.4,27.9,2.1,0.8,11.1,32.2,G,mitchdo01
7,Anthony Edwards,39.3,2137,31.5,.617,2025-26,24,MIN,61,60,1,6.6,118,114,3.9,2.7,.147,4.7,-0.2,4.5,3.5,21.8,1.9,13.4,7.8,17.6,1.9,2.0,10.9,31.5,G-F,edwaran01
8,Nikola Jokić,38.6,2247,30.4,.669,2025-26,30,DEN,64,64,1,14.7,133,111,11.3,3.4,.314,10.0,4.1,14.1,9.1,32.2,9.9,30.5,20.7,50.7,2.0,2.2,15.5,30.4,C-F,jokicni01
9,Devin Booker,38.4,2146,32.2,.585,2025-26,29,PHO,64,64,1,6.4,119,118,4.7,1.8,.144,3.2,-1.0,2.2,2.3,20.4,2.4,10.7,6.4,30.4,1.2,0.8,12.3,32.2,G,bookede01
10,Michael Porter Jr.,36.9,1689,30.5,.595,2025-26,27,BRK,52,52,0,3.0,113,118,1.7,1.3,.084,4.2,-1.2,3.0,2.1,19.9,4.5,21.6,12.6,18.2,1.6,0.7,10.3,30.5,F,portemi01
11,Jalen Brunson,36.9,2590,30.4,.580,2025-26,29,NYK,74,74,1,8.8,122,117,6.6,2.3,.163,4.0,-0.9,3.1,3.3,20.1,1.3,9.4,5.3,31.3,1.1,0.3,9.5,30.4,G,brunsja01
12,Tyrese Maxey,35.9,2634,29.5,.586,2025-26,25,PHI,69,69,1,8.6,120,116,5.9,2.7,.156,5.0,0.5,5.5,4.9,21.9,1.0,11.1,6.0,29.2,2.4,2.0,9.1,29.5,G,maxeyty01
13,Kevin Durant,35.7,2840,27.1,.641,2025-26,37,HOU,78,78,1,10.6,124,115,7.5,3.1,.179,4.4,0.1,4.5,4.6,21.2,1.6,14.8,8.3,20.7,1.1,2.3,13.5,27.1,F-G,duranke01
14,LaMelo Ball,35.5,1988,31.9,.547,2025-26,24,CHO,71,68,0,6.1,117,114,3.7,2.5,.148,4.8,-0.1,4.7,3.4,19.8,3.6,15.5,9.7,42.7,2.1,0.7,13.1,31.9,G,ballla01
15,Jamal Murray,35.1,2652,27.9,.622,2025-26,28,DEN,75,75,1,9.5,125,119,7.8,1.7,.173,5.5,-1.4,4.1,4.1,21.8,1.4,12.0,7.0,31.2,1.2,1.0,10.0,27.9,G,murraja01
16,Deni Avdija,34.7,2166,29.3,.599,2025-26,25,POR,65,65,1,6.8,119,115,4.4,2.4,.151,3.6,0.6,4.2,3.4,20.3,3.7,19.0,11.2,32.0,1.1,1.7,16.0,29.3,G-F,avdijde01
17,Pascal Siakam,34.3,2057,30.1,.562,2025-26,31,IND,62,62,1,2.7,110,118,1.1,1.6,.063,1.8,-1.0,0.7,1.4,18.6,4.6,17.4,10.9,20.0,1.6,1.0,9.5,30.1,F-C,siakapa01
18,Cade Cunningham,34.3,2150,30.5,.567,2025-26,24,DET,63,63,1,7.9,118,110,4.3,3.6,.176,4.9,1.6,6.5,4.6,21.7,2.9,15.0,9.0,44.8,2.1,2.5,14.7,30.5,G,cunnica01
19,Norman Powell,33.9,1694,27.1,.609,2025-26,32,MIA,57,52,1,3.8,116,116,2.2,1.7,.109,1.7,-0.2,1.5,1.5,17.4,1.3,11.1,6.2,12.6,1.7,0.7,9.9,27.1,G,powelno01
20,Zion Williamson,33.9,1841,25.8,.644,2025-26,25,NOP,62,55,0,6.1,126,120,5.1,1.0,.159,3.5,-0.6,2.9,2.3,22.7,7.3,13.5,10.3,17.8,1.6,1.7,11.1,25.8,F-C,willizi01
21,Keyonte George,33.5,1786,27.9,.609,2025-26,22,UTA,54,54,0,3.3,118,124,3.1,0.1,.088,3.0,-2.1,0.9,1.3,18.6,1.4,10.9,6.0,28.4,1.5,0.8,13.7,27.9,G,georgke01
22,Jalen Duren,33.4,1976,23.6,.688,2025-26,22,DET,70,70,1,11.0,134,108,7.2,3.8,.267,4.4,0.5,5.0,3.5,26.1,15.3,26.4,20.9,11.0,1.4,3.0,11.6,23.6,C,durenja01
23,James Harden,33.3,2438,28.6,.610,2025-26,36,CLELAC,70,70,0,7.7,120,117,5.6,2.1,.151,4.6,-0.8,3.8,3.6,20.7,1.9,13.6,7.9,34.7,1.6,1.1,15.3,28.6,G,hardeja01
24,Brandon Miller,33.0,1941,28.0,.573,2025-26,23,CHO,64,64,0,4.4,114,114,2.1,2.3,.108,1.7,-0.1,1.6,1.8,16.8,4.1,14.1,9.2,17.9,1.7,2.0,12.4,28.0,F-G,millebr02
25,Austin Reaves,32.9,1762,26.7,.641,2025-26,27,LAL,51,45,0,5.6,123,118,4.2,1.4,.152,3.4,-0.7,2.7,2.1,20.3,2.3,13.4,8.0,24.0,1.6,1.1,14.0,26.7,G,reaveau01
26,Dillon Brooks,32.8,1702,28.6,.540,2025-26,30,PHO,56,56,0,2.0,108,117,0.4,1.6,.057,-1.1,-1.3,-2.4,-0.2,14.1,2.7,10.8,6.6,9.7,1.7,0.5,8.6,28.6,F-G,brookdi01
27,Karl-Anthony Towns,32.1,2322,25.9,.619,2025-26,30,NYK,75,75,1,9.6,123,110,5.6,4.0,.198,2.7,0.6,3.3,3.1,22.0,11.2,31.7,21.4,14.7,1.4,1.8,13.3,25.9,C-F,townska01
28,Collin Sexton,31.5,1585,26.0,.616,2025-26,27,CHICHO,67,21,0,3.9,117,117,2.5,1.4,.118,1.1,-0.4,0.7,1.1,17.4,2.8,7.6,5.3,22.0,2.3,0.6,14.4,26.0,G,sextoco01
29,Brandon Ingram,30.9,2572,27.0,.569,2025-26,28,TOR,76,76,1,4.3,110,115,1.3,3.0,.079,0.9,-0.5,0.4,1.6,16.1,2.7,16.0,9.3,17.0,1.1,2.0,11.5,27.0,F,ingrabr01
30,RJ Barrett,30.8,1697,25.7,.583,2025-26,25,TOR,56,56,0,3.9,115,115,1.9,1.9,.109,1.0,-0.7,0.3,1.0,16.9,3.6,16.4,9.9,16.9,1.2,1.1,9.6,25.7,G-F,barrerj01
31,Paolo Banchero,30.7,2464,27.4,.569,2025-26,23,ORL,71,71,0,5.0,112,114,2.1,2.9,.097,1.4,0.0,1.4,2.1,17.7,3.6,23.5,13.5,23.1,1.0,1.5,13.5,27.4,F,banchpa01
32,LeBron James,30.7,1972,27.0,.595,2025-26,41,LAL,59,59,1,5.4,118,116,3.4,2.0,.131,3.3,0.2,3.5,2.8,20.8,2.6,18.3,10.7,34.0,1.7,1.7,14.4,27.0,F-G,jamesle01
33,Alperen Şengün,30.6,2398,26.6,.569,2025-26,23,HOU,72,72,1,8.0,118,112,4.4,3.6,.160,2.7,1.4,4.2,3.7,21.4,10.1,19.4,14.8,29.0,1.8,3.0,15.0,26.6,C-F,sengual01
34,Julius Randle,30.5,2610,26.5,.585,2025-26,31,MIN,79,79,0,7.4,117,114,4.3,3.1,.136,1.5,0.0,1.5,2.3,18.5,5.7,16.6,11.2,23.1,1.6,0.6,13.2,26.5,F-C,randlju01
35,Jalen Johnson,30.2,2532,27.0,.581,2025-26,24,ATL,72,72,1,7.5,116,111,3.6,3.9,.143,2.8,1.4,4.3,4.0,20.4,4.3,27.8,15.9,33.5,1.7,1.1,14.9,27.0,F,johnsja05
36,Jerami Grant,29.9,1695,23.8,.608,2025-26,31,POR,57,38,0,4.0,119,118,2.6,1.4,.114,0.9,-0.9,0.0,0.9,15.4,3.5,9.3,6.3,11.1,1.2,1.9,12.0,23.8,F,grantje01
37,CJ McCollum,29.7,2264,25.7,.566,2025-26,34,ATLWAS,76,60,0,3.0,113,121,1.9,1.1,.064,1.4,-1.7,-0.3,1.0,15.9,2.9,9.2,6.0,19.7,1.3,1.4,9.7,25.7,G,mccolcj01
38,Cooper Flagg,29.6,2334,26.9,.548,2025-26,19,DAL,69,69,0,3.7,110,115,1.2,2.5,.077,1.0,0.4,1.4,2.0,17.9,3.9,17.0,10.5,21.6,1.7,2.3,10.8,26.9,F-G,flaggco01
39,Brice Sensabaugh,29.5,1749,24.8,.590,2025-26,22,UTA,74,22,0,1.1,111,124,1.0,0.1,.030,0.3,-3.0,-2.6,-0.3,14.4,3.4,10.9,7.1,12.4,1.4,0.7,11.5,24.8,F,sensabr01
40,Nickeil Alexander-Walker,29.5,2603,23.9,.610,2025-26,27,ATL,78,71,0,6.4,117,115,3.6,2.8,.117,1.6,-0.3,1.2,2.1,16.5,2.1,9.2,5.6,15.8,1.9,1.5,10.9,23.9,G,alexani01
41,Kon Knueppel,29.2,2519,22.3,.635,2025-26,20,CHO,80,79,0,7.9,125,117,5.5,2.4,.151,3.2,-0.4,2.7,3.0,17.1,4.4,14.5,9.5,16.5,1.1,0.7,12.0,22.3,G-F,knuepko01
42,Trey Murphy III,29.0,2341,22.8,.613,2025-26,25,NOP,66,66,0,6.0,122,119,4.5,1.6,.124,3.0,-0.6,2.4,2.6,18.3,2.9,14.6,8.7,16.2,2.0,1.0,9.4,22.8,F,murphtr02
43,Desmond Bane,28.8,2738,23.3,.608,2025-26,27,ORL,81,81,0,7.4,120,117,4.8,2.5,.129,1.6,-0.3,1.4,2.3,16.9,3.9,9.9,6.9,19.3,1.5,1.2,10.8,23.3,G,banede01
44,De'Aaron Fox,28.7,2198,24.9,.579,2025-26,28,SAS,71,71,1,6.3,117,113,3.3,3.0,.138,1.5,0.7,2.2,2.3,17.6,2.1,10.6,6.5,29.7,1.9,0.7,12.6,24.9,G,foxde01
45,Bam Adebayo,28.7,2336,25.0,.550,2025-26,28,MIA,72,72,0,6.1,115,112,2.6,3.5,.126,1.4,0.4,1.8,2.3,18.5,6.5,25.7,16.0,14.1,1.6,1.8,8.4,25.0,C-F,adebaba01
46,Chet Holmgren,28.6,1997,21.9,.653,2025-26,23,OKC,69,69,1,9.2,125,104,4.5,4.7,.221,2.4,1.9,4.3,3.2,21.6,7.4,25.3,16.7,8.6,1.0,6.4,10.6,21.9,F-C,holmgch01
47,DeMar DeRozan,28.5,2406,22.8,.594,2025-26,36,SAC,77,77,0,5.6,124,124,5.2,0.4,.112,0.9,-1.0,-0.1,1.1,17.8,1.6,9.2,5.3,20.0,1.6,0.9,7.4,22.8,G-F,derozde01
48,Bennedict Mathurin,28.4,1588,25.1,.577,2025-26,23,INDLAC,53,25,0,2.0,111,119,0.9,1.1,.061,-1.2,-1.4,-2.6,-0.3,14.5,3.7,16.4,10.0,11.5,1.3,0.7,12.6,25.1,G-F,mathube01
49,Bobby Portis,27.8,1619,23.1,.587,2025-26,30,MIL,67,9,0,2.8,114,118,1.6,1.2,.083,1.6,-1.6,0.0,0.8,17.1,6.3,23.5,15.0,10.4,1.2,0.7,7.8,23.1,F-C,portibo01
50,Miles Bridges,27.4,2363,22.4,.571,2025-26,27,CHO,76,76,0,6.5,121,116,4.0,2.5,.131,1.3,-0.1,1.2,1.9,16.1,3.6,17.6,10.7,15.9,1.0,1.3,8.6,22.4,G-F,bridgmi02
51,Evan Mobley,27.3,2074,22.6,.596,2025-26,24,CLE,65,63,0,6.5,120,112,3.6,2.9,.150,1.8,1.2,3.0,2.6,20.0,8.3,22.7,15.5,16.8,1.1,5.2,11.0,22.6,F-C,mobleev01
52,Jarrett Allen,27.2,1519,19.9,.669,2025-26,27,CLE,56,56,0,6.4,132,112,4.2,2.2,.202,2.2,0.4,2.6,1.8,22.1,10.5,23.9,17.2,9.7,1.7,2.9,10.4,19.9,C-F,allenja01
53,Saddiq Bey,27.1,2246,21.6,.579,2025-26,26,NOP,72,64,0,5.4,123,121,4.5,1.0,.116,2.3,-1.8,0.5,1.4,17.1,5.8,13.5,9.6,12.0,1.4,0.3,5.8,21.6,F,beysa01
54,Keldon Johnson,27.0,1890,20.9,.613,2025-26,26,SAS,81,0,0,6.4,125,113,3.8,2.6,.162,1.1,-0.3,0.9,1.4,17.2,7.9,16.5,12.4,8.5,1.2,0.5,7.4,20.9,G,johnske04
55,Stephon Castle,26.9,2008,25.0,.576,2025-26,21,SAS,67,66,0,5.7,116,112,2.8,2.9,.137,1.0,0.9,1.9,2.0,17.4,5.2,13.3,9.4,34.5,1.8,0.8,18.1,25.0,G,castlst01
56,Payton Pritchard,26.7,2556,21.4,.584,2025-26,28,BOS,79,50,0,8.5,126,117,6.1,2.4,.160,2.6,-0.3,2.3,2.7,17.1,3.0,10.3,6.7,23.5,1.1,0.4,8.7,21.4,G,pritcpa01
57,Ryan Rollins,26.5,2376,24.2,.583,2025-26,23,MIL,74,67,0,3.4,112,118,1.7,1.8,.069,0.7,-0.5,0.2,1.3,16.2,2.6,13.4,8.1,27.1,2.3,1.3,15.5,24.2,G,rolliry01
58,Scottie Barnes,26.3,2649,23.5,.576,2025-26,24,TOR,79,79,1,7.5,115,110,3.2,4.3,.136,1.8,2.2,4.0,4.0,19.0,6.3,19.0,12.6,26.1,2.1,4.1,14.4,23.5,G-F,barnesc01
59,Jrue Holiday,26.3,1528,23.3,.573,2025-26,35,POR,52,50,0,3.5,117,117,2.1,1.4,.110,2.4,-0.5,1.9,1.5,16.4,4.7,12.3,8.4,32.5,1.7,0.3,16.2,23.3,G,holidjr01
60,Jeremiah Fears,26.2,2071,25.3,.524,2025-26,19,NOP,81,48,0,0.5,104,119,-0.8,1.4,.012,-1.6,-1.3,-2.8,-0.4,13.6,2.9,12.3,7.6,19.9,2.2,1.3,14.0,25.3,G,fearsje01
61,Matas Buzelis,26.1,2248,22.8,.586,2025-26,21,CHI,77,77,0,2.6,108,116,0.4,2.2,.056,-0.6,-0.4,-1.0,0.6,14.8,3.7,17.3,10.6,10.4,1.1,4.5,13.0,22.8,F,buzelma01
62,Reed Sheppard,25.7,2121,21.6,.565,2025-26,21,HOU,81,20,0,5.7,117,112,2.7,3.0,.129,1.2,1.5,2.6,2.5,15.6,1.5,10.6,6.1,18.6,2.9,2.3,11.3,21.6,G,sheppre01
63,Andrew Nembhard,25.7,1786,23.6,.564,2025-26,26,IND,57,57,0,2.9,115,121,2.2,0.7,.077,1.1,-1.9,-0.8,0.5,15.7,1.5,8.4,4.9,37.1,1.4,0.4,13.8,23.6,G,nembhan01
64,Ayo Dosunmu,25.6,1881,20.2,.630,2025-26,26,CHIMIN,69,19,0,4.9,124,119,3.5,1.4,.125,1.3,-0.3,1.0,1.4,16.5,2.7,10.7,6.8,19.7,1.5,0.8,10.6,20.2,G,dosunay01
65,Russell Westbrook,25.3,1853,25.9,.528,2025-26,37,SAC,64,58,0,0.4,104,120,-0.6,0.9,.009,0.6,-1.1,-0.4,0.7,15.1,4.7,16.7,10.5,34.3,2.2,0.6,18.5,25.9,G,westbru01
66,Immanuel Quickley,25.2,2215,21.1,.579,2025-26,26,TOR,69,69,0,6.5,121,115,3.9,2.6,.140,1.9,0.5,2.5,2.5,16.6,1.9,12.6,7.2,26.4,2.0,0.2,9.3,21.1,G,quickim01
67,Nikola Vučević,25.2,1818,21.4,.574,2025-26,35,BOSCHI,64,49,0,4.4,118,116,2.5,1.9,.117,1.4,0.1,1.5,1.6,17.7,7.5,23.9,15.8,17.8,1.0,2.0,9.2,21.4,C,vucevni01
68,Isaiah Joe,25.2,1507,18.4,.657,2025-26,26,OKC,71,9,0,5.6,128,111,3.2,2.4,.179,2.0,0.5,2.5,1.7,15.5,2.5,10.2,6.5,8.6,1.6,0.7,7.0,18.4,G,joeis01
69,Dylan Harper,25.1,1540,21.8,.575,2025-26,19,SAS,68,4,0,4.2,117,112,2.0,2.2,.131,0.3,1.1,1.4,1.3,16.2,3.7,12.2,8.1,24.9,1.7,1.4,12.4,21.8,G,harpedy01
70,Cedric Coward,25.0,1598,21.5,.585,2025-26,22,MEM,62,47,0,2.5,114,119,1.5,1.1,.077,0.4,-0.6,-0.2,0.7,15.3,5.5,19.4,12.4,16.0,1.2,1.6,12.7,21.5,F-G,cowarce01
71,Jaime Jaquez Jr.,24.9,2096,22.2,.567,2025-26,24,MIA,74,1,0,4.0,114,117,2.0,1.9,.091,0.1,-0.1,0.0,1.1,15.5,4.7,13.9,9.3,24.0,1.1,0.9,13.3,22.2,G-F,jaqueja01
72,OG Anunoby,24.9,2224,19.7,.620,2025-26,28,NYK,67,67,0,6.3,120,112,3.1,3.2,.135,0.9,1.1,2.0,2.3,15.8,4.3,13.4,8.8,9.2,2.3,2.2,12.0,19.7,F,anunoog01
73,Naz Reid,24.9,2007,22.1,.565,2025-26,26,MIN,77,3,0,4.1,110,111,0.9,3.2,.097,-0.1,1.0,0.9,1.5,15.4,5.0,20.8,13.1,12.4,1.8,3.4,12.0,22.1,F,reidna01
74,Josh Giddey,24.9,1731,24.4,.562,2025-26,23,CHI,54,51,0,3.3,113,116,1.6,1.7,.091,2.3,0.4,2.7,2.0,18.0,4.2,23.1,13.8,41.3,1.5,1.4,19.3,24.4,G,giddejo01
75,Sandro Mamukelashvili,24.9,1733,18.9,.635,2025-26,26,TOR,79,13,0,6.0,126,112,3.5,2.5,.167,2.1,0.7,2.7,2.1,18.1,7.0,18.8,12.8,12.3,1.8,2.3,8.8,18.9,C-F,mamuksa01
76,Tim Hardaway Jr.,24.8,2127,18.6,.624,2025-26,33,DEN,80,6,0,4.4,124,121,3.4,1.0,.100,1.2,-1.9,-0.7,0.7,13.5,0.9,9.5,5.4,7.0,1.0,0.4,4.7,18.6,G,hardati02
77,John Collins,24.6,1851,19.3,.642,2025-26,28,LAC,68,55,0,4.5,120,116,2.7,1.8,.116,0.0,-0.5,-0.5,0.7,16.2,7.0,15.3,11.3,5.8,1.6,2.6,11.6,19.3,F,collijo01
78,Tre Jones,24.6,1733,19.2,.643,2025-26,26,CHI,64,40,0,5.8,131,119,4.7,1.2,.162,1.3,0.2,1.5,1.5,18.8,2.3,9.9,6.2,29.4,2.0,0.6,11.5,19.2,G,jonestr01
79,Derrick White,24.5,2625,22.0,.529,2025-26,31,BOS,77,77,0,7.1,117,113,3.6,3.5,.129,2.2,1.0,3.2,3.5,16.1,3.7,10.4,7.1,22.2,1.7,3.8,10.1,22.0,G,whitede01
80,Amen Thompson,24.4,2953,20.1,.594,2025-26,23,HOU,79,79,0,10.2,125,114,6.5,3.7,.166,1.6,1.0,2.6,3.4,18.9,9.0,14.1,11.5,20.5,2.0,1.5,13.5,20.1,G-F,thompam01
81,Kyle Kuzma,24.4,1806,21.8,.581,2025-26,30,MIL,69,43,0,1.9,111,120,0.9,1.0,.051,-1.0,-1.3,-2.3,-0.1,14.1,3.6,15.9,9.8,15.5,1.3,1.5,13.4,21.8,F,kuzmaky01
82,Naji Marshall,24.4,2184,20.6,.592,2025-26,28,DAL,74,47,0,4.3,116,117,2.5,1.8,.094,-0.8,0.1,-0.6,0.8,15.4,3.2,13.6,8.4,16.5,1.8,0.2,11.1,20.6,F,marshna01
83,Peyton Watson,24.1,1598,20.6,.594,2025-26,23,DEN,54,40,0,2.6,112,116,1.0,1.6,.077,-0.8,-0.5,-1.3,0.3,14.3,3.6,14.4,9.3,9.7,1.5,3.6,12.3,20.6,G-F,watsope01
84,Anthony Black,24.0,1891,22.2,.548,2025-26,22,ORL,63,40,0,2.6,108,114,0.3,2.3,.066,-1.2,0.6,-0.6,0.7,13.7,2.7,11.6,7.1,18.6,2.3,2.1,13.1,22.2,G,blackan01
85,Jalen Suggs,23.9,1536,22.9,.558,2025-26,24,ORL,56,55,0,2.7,108,111,0.3,2.4,.083,0.6,1.8,2.4,1.7,15.7,2.6,13.1,7.8,30.0,3.3,2.3,17.8,22.9,G,suggsja01
86,Andrew Wiggins,23.7,2037,19.7,.590,2025-26,30,MIA,67,67,0,4.6,117,115,2.3,2.3,.108,0.9,0.5,1.4,1.7,15.3,5.8,10.9,8.3,12.4,1.7,3.0,10.5,19.7,F-G,wiggian01
87,Brandin Podziemski,23.5,2312,20.0,.584,2025-26,22,GSW,81,42,0,5.1,117,116,2.8,2.3,.107,0.3,-0.1,0.2,1.3,15.0,3.4,16.9,10.0,19.2,1.8,0.6,11.9,20.0,G,podzibr01
88,Ace Bailey,23.4,1958,21.3,.538,2025-26,19,UTA,71,60,0,0.2,106,123,-0.2,0.4,.004,-1.7,-2.4,-4.2,-1.1,11.8,5.5,11.1,8.3,9.7,1.4,2.4,10.3,21.3,G-F,baileac01
89,Jaylon Tyson,23.4,1752,19.1,.611,2025-26,23,CLE,65,41,0,4.0,119,117,2.4,1.7,.110,0.7,-0.5,0.2,1.0,14.9,7.4,13.4,10.4,11.5,1.5,1.5,12.0,19.1,G,tysonja01
90,Kel'el Ware,23.1,1675,18.1,.613,2025-26,21,MIA,76,33,0,6.1,125,109,3.1,3.0,.174,2.0,0.1,2.1,1.8,20.1,13.3,29.4,21.3,4.7,1.6,4.5,8.2,18.1,C,wareke01
91,Onyeka Okongwu,23.1,2297,19.5,.592,2025-26,25,ATL,74,63,0,6.0,117,112,2.6,3.4,.126,-0.1,0.9,0.8,1.6,15.9,6.5,20.3,13.3,13.9,1.7,3.1,11.8,19.5,C-F,okongon01
92,Kyle Filipowski,22.9,1801,20.0,.586,2025-26,22,UTA,77,41,0,3.1,115,119,1.8,1.3,.082,-0.6,-0.5,-1.1,0.4,16.1,8.5,25.0,16.6,15.7,1.9,2.1,14.3,20.0,F-C,filipky01
93,Moses Moody,22.9,1540,18.3,.600,2025-26,23,GSW,60,49,0,3.1,118,117,1.7,1.4,.096,0.2,-0.3,-0.1,0.7,13.5,3.6,11.0,7.3,9.2,1.8,2.0,8.6,18.3,G,moodymo01
94,Tobias Harris,22.8,1724,18.8,.568,2025-26,33,DET,62,62,0,5.0,120,111,2.4,2.7,.140,0.4,0.8,1.1,1.4,14.6,3.6,17.0,10.4,12.5,1.5,1.5,8.1,18.8,F,harrito02
95,Maxime Raynaud,22.6,1927,18.2,.614,2025-26,22,SAC,73,55,0,3.4,120,121,2.5,0.9,.086,-1.0,-1.6,-2.6,-0.3,15.9,7.9,24.4,15.9,7.6,0.9,1.8,11.0,18.2,F,raynama01
96,Jock Landale,22.6,1506,18.3,.595,2025-26,30,ATLMEM,68,27,0,3.9,124,118,2.8,1.1,.123,0.9,-1.0,-0.1,0.7,16.6,13.0,15.0,13.9,11.1,1.1,2.2,9.0,18.3,C,landajo01
97,Jaylen Wells,22.5,1821,19.3,.559,2025-26,22,MEM,69,69,0,1.6,111,121,0.9,0.7,.043,-1.8,-1.4,-3.1,-0.5,11.5,3.6,9.6,6.6,8.8,1.6,0.5,8.7,19.3,F,wellsja01
98,Noah Clowney,22.5,1780,20.4,.554,2025-26,21,BRK,66,60,0,1.1,106,119,-0.1,1.2,.030,-2.2,-1.1,-3.4,-0.6,11.2,3.2,15.2,8.9,9.5,1.4,2.3,12.3,20.4,F,clownno01
99,Will Riley,22.5,1598,20.3,.553,2025-26,19,WAS,73,17,0,0.6,109,125,0.5,0.0,.017,-1.7,-2.5,-4.3,-0.9,12.4,3.7,10.3,7.0,12.7,1.6,0.5,11.8,20.3,F,rileywi01
100,Jabari Smith Jr.,22.5,2705,18.2,.570,2025-26,22,HOU,77,77,0,6.6,120,114,3.4,3.2,.117,-0.5,-0.2,-0.7,0.9,13.5,4.5,17.0,10.9,7.3,1.0,2.4,9.0,18.2,F-C,smithja05
101,Jaden McDaniels,22.4,2316,18.5,.611,2025-26,25,MIN,73,73,0,5.3,117,114,2.5,2.8,.109,-0.9,0.6,-0.3,1.0,14.0,3.7,10.9,7.4,12.2,1.7,2.7,12.9,18.5,F,mcdanja02
102,Derik Queen,22.2,1982,21.5,.549,2025-26,21,NOP,80,47,0,2.7,108,115,0.4,2.2,.064,-1.5,0.7,-0.8,0.6,15.8,7.0,23.1,15.0,21.2,2.0,3.5,18.2,21.5,F-C,queende01
103,VJ Edgecombe,22.2,2592,20.1,.542,2025-26,20,PHI,74,74,0,4.3,113,117,1.9,2.4,.080,-0.4,-0.1,-0.5,1.0,13.9,5.0,12.6,8.8,17.1,2.0,1.4,11.0,20.1,G-F,edgecvj01
104,Deandre Ayton,22.1,1933,16.5,.675,2025-26,27,LAL,71,71,0,6.0,129,115,3.9,2.1,.148,-0.1,-0.9,-1.0,0.5,18.0,11.4,22.5,17.2,4.5,1.0,3.2,11.4,16.5,C,aytonde01
105,Cam Spencer,22.1,1714,17.2,.649,2025-26,25,MEM,72,20,0,5.3,133,122,4.7,0.6,.150,3.0,-0.9,2.2,1.8,17.2,2.5,9.2,5.8,33.0,1.4,0.6,13.1,17.2,G,spencca01
106,Collin Gillespie,21.9,2282,18.7,.575,2025-26,26,PHO,80,58,0,6.1,121,115,3.6,2.5,.129,1.9,0.5,2.4,2.5,15.3,4.2,12.0,8.0,23.5,2.1,0.7,12.4,18.7,G,gilleco01
107,Quentin Grimes,21.9,2178,18.9,.583,2025-26,25,PHI,74,19,0,3.4,114,118,1.8,1.6,.075,-1.0,-0.7,-1.7,0.2,12.8,2.3,11.4,6.8,15.5,1.4,1.2,13.4,18.9,G-F,grimequ01
108,Devin Vassell,21.8,2011,17.9,.572,2025-26,25,SAS,66,64,0,4.8,118,113,2.2,2.6,.115,0.1,0.4,0.5,1.3,12.9,2.0,11.9,7.1,11.1,1.3,1.1,6.7,17.9,G-F,vassede01
109,Myles Turner,21.8,1912,18.7,.584,2025-26,29,MIL,71,71,0,3.0,113,117,1.2,1.8,.076,-0.9,0.0,-0.9,0.5,14.2,4.5,17.8,11.2,7.7,1.3,6.0,10.3,18.7,C-F,turnemy01
110,Mikal Bridges,21.7,2692,17.3,.587,2025-26,29,NYK,81,81,0,8.1,125,114,4.7,3.4,.144,1.3,1.4,2.7,3.2,15.3,3.3,9.7,6.5,15.9,2.0,2.3,7.6,17.3,F-G,bridgmi01
111,Kelly Oubre Jr.,21.6,1551,18.1,.580,2025-26,30,PHI,49,40,0,2.6,114,116,1.1,1.6,.082,-1.2,-0.2,-1.4,0.2,13.0,3.5,14.0,8.7,7.3,2.0,1.4,10.1,18.1,F,oubreke01
112,Jay Huff,21.6,1695,18.0,.597,2025-26,27,IND,81,47,0,3.2,114,115,1.3,1.9,.089,-0.8,1.3,0.4,1.0,15.2,4.5,16.3,10.3,10.3,1.1,7.5,10.2,18.0,C-F,huffja01
113,P.J. Washington,21.6,1736,20.1,.537,2025-26,27,DAL,56,53,0,1.6,105,115,-0.3,2.0,.045,-1.8,0.1,-1.7,0.1,13.1,5.2,18.8,12.0,8.2,1.5,2.9,11.3,20.1,F,washipj01
114,Duncan Robinson,21.5,2091,15.8,.627,2025-26,31,DET,76,76,0,6.1,129,115,3.7,2.3,.140,0.9,-0.1,0.8,1.5,12.4,1.6,9.2,5.4,10.1,1.0,1.0,6.7,15.8,G-F,robindu01
115,Jarace Walker,21.5,1953,20.7,.543,2025-26,22,IND,76,41,0,0.6,102,118,-1.0,1.6,.014,-1.8,-0.7,-2.5,-0.2,11.6,2.7,19.4,10.9,14.3,1.5,1.1,14.6,20.7,F,walkeja02
116,Dennis Schröder,21.5,1697,21.1,.526,2025-26,32,CLESAC,70,17,0,1.5,110,121,0.8,0.7,.043,-0.9,-1.3,-2.2,-0.1,12.9,2.1,10.5,6.2,27.7,1.6,0.6,14.7,21.1,G,schrode01
117,Isaiah Collier,21.3,1517,20.5,.567,2025-26,21,UTA,59,19,0,1.7,114,123,1.4,0.3,.053,-0.6,-1.8,-2.4,-0.2,14.8,1.5,9.4,5.3,39.2,2.0,1.3,19.6,20.5,G,colliis01
118,Donovan Clingan,21.2,2070,16.8,.603,2025-26,21,POR,76,76,0,8.5,131,110,5.0,3.4,.196,2.4,0.7,3.0,2.6,20.9,17.6,28.7,23.1,11.5,1.0,5.5,11.0,16.8,C,clingdo01
119,Kevin Huerter,21.0,1529,18.8,.550,2025-26,27,CHIDET,68,14,0,2.4,111,115,0.7,1.7,.075,-1.2,0.5,-0.7,0.5,13.0,2.4,14.2,8.4,16.1,1.9,1.9,10.5,18.8,G,huertke01
120,Nic Claxton,20.9,1920,17.7,.592,2025-26,26,BRK,69,68,0,4.9,123,118,3.3,1.6,.122,0.3,0.6,0.9,1.4,17.6,9.7,19.8,14.5,21.8,1.2,3.7,12.3,17.7,C,claxtni01
121,Neemias Queta,20.4,1926,14.7,.674,2025-26,26,BOS,76,75,0,9.0,138,109,5.4,3.5,.224,0.9,1.9,2.8,2.4,20.3,13.4,22.7,18.2,9.2,1.6,5.2,11.5,14.7,C,quetane01
122,Ron Holland,20.1,1530,19.0,.527,2025-26,20,DET,77,5,0,2.8,106,108,-0.1,2.9,.089,-3.3,1.4,-1.9,0.1,11.9,6.2,16.4,11.4,8.2,2.9,1.7,13.6,19.0,F,hollaro01
123,Pelle Larsson,20.1,1849,16.8,.605,2025-26,24,MIA,70,54,0,4.1,121,118,2.6,1.5,.106,-1.2,-0.1,-1.3,0.3,13.1,3.8,9.9,6.8,16.9,1.2,0.8,13.3,16.8,G,larsspe01
124,Precious Achiuwa,20.1,1710,17.3,.560,2025-26,26,SAC,72,56,0,2.9,117,119,1.7,1.2,.081,-0.5,-1.0,-1.6,0.2,16.1,11.0,20.8,15.7,8.3,1.8,2.6,9.0,17.3,F,achiupr01
125,Tari Eason,19.9,1525,18.5,.513,2025-26,24,HOU,59,33,0,2.8,110,112,0.6,2.3,.089,-1.8,0.2,-1.6,0.2,12.8,9.0,17.7,13.4,7.8,2.4,1.7,11.8,18.5,F,easonta01
126,Max Christie,19.7,2232,16.4,.599,2025-26,22,DAL,76,67,0,2.6,113,120,1.3,1.4,.057,-1.1,-0.6,-1.7,0.2,10.9,0.7,11.0,5.9,9.3,1.0,0.9,10.9,16.4,G,chrisma02
127,Josh Hart,19.7,1994,16.7,.612,2025-26,30,NYK,66,52,0,6.1,122,112,3.1,3.0,.147,1.0,2.0,3.0,2.5,15.7,5.2,22.1,13.6,21.6,1.9,0.9,16.5,16.7,F-G,hartjo01
128,Wendell Carter Jr.,19.6,2257,15.7,.621,2025-26,26,ORL,77,77,0,6.3,124,114,3.5,2.8,.133,-0.9,0.4,-0.5,0.9,14.3,7.8,20.4,14.1,9.6,1.3,1.9,11.7,15.7,C,cartewe01
129,Cameron Johnson,19.6,1647,15.1,.629,2025-26,29,DEN,54,54,0,3.7,126,120,2.7,1.0,.108,0.3,-0.9,-0.7,0.6,12.8,3.1,10.6,7.0,10.6,1.2,1.2,8.2,15.1,F,johnsca02
130,Rui Hachimura,19.5,1898,15.1,.616,2025-26,27,LAL,67,40,0,3.0,120,120,1.9,1.1,.075,-0.9,-1.5,-2.4,-0.2,11.4,2.5,10.6,6.7,4.2,1.0,1.0,6.4,15.1,F,hachiru01
131,Julian Champagnie,19.4,2241,15.2,.610,2025-26,24,SAS,81,67,0,6.2,122,111,2.8,3.4,.134,0.6,0.9,1.4,2.0,13.1,3.6,18.5,11.3,7.3,1.3,1.5,8.4,15.2,F,champju02
132,Brook Lopez,19.3,1613,17.2,.553,2025-26,37,LAC,74,39,0,2.3,110,115,0.6,1.7,.069,-1.3,0.4,-0.9,0.5,12.3,3.3,15.6,9.6,8.6,1.4,5.1,9.6,17.2,C,lopezbr01
133,Tristan Da Silva,19.3,1876,16.3,.576,2025-26,24,ORL,76,34,0,3.3,114,115,1.3,2.0,.085,-0.7,0.1,-0.6,0.7,12.0,3.4,13.2,8.3,9.3,1.7,1.2,9.3,16.3,F,dasiltr01
134,Toumani Camara,19.2,2698,16.3,.579,2025-26,25,POR,81,81,0,4.7,115,116,2.0,2.6,.083,-1.0,0.0,-1.0,0.7,11.3,5.0,11.8,8.4,10.5,1.7,1.2,13.3,16.3,F,camarto01
135,Donte DiVincenzo,19.2,2487,16.9,.569,2025-26,29,MIN,81,81,0,5.3,116,114,2.3,2.9,.101,0.0,0.7,0.8,1.8,12.5,3.0,11.6,7.4,16.7,2.0,1.2,11.9,16.9,G,divindo01
136,Jordan Goodwin,19.1,1572,17.5,.525,2025-26,27,PHO,70,10,0,3.8,116,111,1.5,2.4,.117,0.3,1.4,1.7,1.5,14.7,9.4,14.9,12.1,13.7,3.3,0.9,10.5,17.5,G,goodwjo01
137,Sam Hauser,18.8,1934,14.5,.590,2025-26,28,BOS,78,49,0,5.0,126,115,2.9,2.1,.123,0.6,0.0,0.6,1.2,12.0,3.3,13.6,8.5,7.9,1.0,1.2,5.4,14.5,F,hausesa01
138,Luke Kennard,18.6,1670,13.5,.688,2025-26,29,ATLLAL,77,5,0,4.6,132,118,3.2,1.4,.131,0.1,0.1,0.2,0.9,13.5,2.2,10.0,6.1,13.8,1.6,0.4,11.1,13.5,G,kennalu01
139,Harrison Barnes,18.4,1961,14.6,.609,2025-26,33,SAS,76,52,0,4.8,124,115,2.7,2.1,.118,-0.1,0.1,0.0,1.0,11.8,3.5,8.0,5.8,9.7,1.2,0.5,9.0,14.6,F,barneha02
140,Ausar Thompson,18.4,1874,17.0,.544,2025-26,23,DET,72,71,0,5.6,114,105,1.5,4.1,.143,-0.6,3.6,3.1,2.4,16.2,9.0,15.6,12.4,16.2,3.7,3.6,14.2,17.0,G,thompau01
141,Bub Carrington,18.2,2233,17.9,.557,2025-26,20,WAS,81,47,0,-0.4,105,126,-0.3,-0.1,-0.009,-2.2,-2.5,-4.7,-1.5,9.9,1.6,11.8,6.6,22.8,1.1,0.6,19.6,17.9,G,carrica01
142,A.J. Green,17.4,2234,13.9,.628,2025-26,26,MIL,77,67,0,2.4,119,123,2.0,0.4,.051,-1.4,-1.8,-3.3,-0.7,9.4,1.4,9.0,5.3,9.2,0.8,0.4,10.3,13.9,G,greenaj01
143,Royce O'Neale,17.1,2213,14.3,.596,2025-26,32,PHO,78,67,0,4.6,117,114,1.9,2.7,.099,-0.3,0.9,0.6,1.5,11.6,2.9,16.3,9.3,12.9,1.9,1.4,13.8,14.3,F,onealro01
144,Cody Williams,16.9,1591,15.9,.527,2025-26,21,UTA,66,40,0,0.1,107,124,0.0,0.1,.004,-3.6,-1.9,-5.5,-1.4,9.6,4.0,9.4,6.6,11.2,1.4,1.6,11.7,15.9,G-F,willico04
145,Dyson Daniels,16.9,2520,16.0,.542,2025-26,22,ATL,76,76,0,6.7,119,112,3.1,3.7,.128,-0.5,1.9,1.3,2.1,15.5,7.8,14.7,11.2,23.9,2.8,1.1,14.0,16.0,G,daniedy01
146,Rudy Gobert,16.6,2380,12.9,.664,2025-26,33,MIN,76,76,0,8.8,132,110,4.8,4.0,.177,0.0,0.9,1.0,1.8,17.6,14.1,26.0,20.2,7.2,1.2,4.5,14.5,12.9,C,goberru01
147,Nique Clifford,16.3,1843,17.0,.498,2025-26,23,SAC,74,27,0,-0.7,99,122,-1.3,0.6,-0.017,-3.9,-1.2,-5.0,-1.4,8.8,3.8,13.1,8.3,12.9,1.8,1.1,15.2,17.0,G,cliffni01
148,Isaac Okoro,16.1,1695,13.7,.574,2025-26,25,CHI,63,62,0,2.2,118,121,1.4,0.8,.062,-3.0,-0.8,-3.8,-0.8,9.8,4.4,6.4,5.4,7.8,1.3,1.5,8.3,13.7,G-F,okorois01
149,Jake LaRavia,16.1,2037,14.5,.573,2025-26,24,LAL,81,43,0,3.7,116,116,1.7,2.1,.088,-1.6,0.4,-1.2,0.4,11.9,6.9,11.5,9.3,9.2,2.4,1.7,12.9,14.5,F,laravja01
150,Marcus Smart,16.1,1743,15.4,.547,2025-26,31,LAL,61,53,0,2.0,109,117,0.4,1.6,.054,-2.8,0.6,-2.2,-0.1,9.9,2.5,8.7,5.7,13.1,2.4,1.2,14.5,15.4,G,smartma01
151,Bruce Brown,15.7,1970,14.5,.558,2025-26,29,DEN,81,3,0,2.8,113,117,1.0,1.7,.068,-2.6,0.1,-2.5,-0.3,10.7,5.1,12.5,8.9,11.1,2.1,0.9,13.6,14.5,G-F,brownbr01
152,Cason Wallace,15.6,2046,14.5,.538,2025-26,22,OKC,77,58,0,5.3,112,106,1.0,4.3,.124,-2.0,3.3,1.3,1.7,12.2,3.5,8.9,6.3,12.7,3.5,1.3,10.6,14.5,G,wallaca01
153,Dominick Barlow,15.6,1669,12.8,.594,2025-26,22,PHI,70,59,0,3.8,123,116,2.1,1.7,.110,-1.5,0.4,-1.2,0.3,13.2,8.6,13.5,11.0,7.0,1.8,3.0,10.8,12.8,F,barlodo01
154,Moussa Diabaté,15.1,1873,11.5,.653,2025-26,24,CHO,72,46,0,7.3,139,112,4.6,2.7,.187,0.4,1.2,1.6,1.7,17.2,16.5,21.1,18.9,10.1,1.5,3.4,14.3,11.5,F,diabamo01
155,Davion Mitchell,15.1,1975,13.7,.578,2025-26,27,MIA,69,69,0,4.2,122,118,2.6,1.6,.103,-1.3,0.4,-0.9,0.5,12.0,1.7,8.0,4.8,29.5,1.6,0.5,16.1,13.7,G,mitchda01
156,Luguentz Dort,15.1,1829,14.1,.524,2025-26,26,OKC,68,68,0,3.0,106,110,0.0,3.0,.080,-2.7,0.8,-1.9,0.1,8.2,3.5,10.7,7.2,5.9,1.6,1.4,9.0,14.1,G,dortlu01
157,Herbert Jones,15.0,1588,15.2,.491,2025-26,27,NOP,56,56,0,0.7,103,118,-0.4,1.2,.022,-3.7,0.6,-3.2,-0.5,9.1,3.2,9.8,6.5,12.9,2.7,1.6,12.6,15.2,F,joneshe01
158,Draymond Green,14.8,1869,16.1,.540,2025-26,35,GSW,68,68,0,1.7,104,115,-0.4,2.1,.044,-2.4,1.0,-1.3,0.3,10.4,3.2,19.5,11.2,27.2,1.6,2.1,25.5,16.1,F,greendr01
159,Terance Mann,14.7,1529,13.5,.564,2025-26,29,BRK,63,51,0,1.8,116,121,1.2,0.6,.057,-2.7,-0.7,-3.4,-0.6,10.2,5.1,10.4,7.6,18.6,1.3,0.9,15.0,13.5,G-F,mannte01
160,Oso Ighodaro,14.6,1795,12.2,.638,2025-26,23,PHO,81,23,0,4.6,122,112,2.1,2.5,.123,-2.3,2.2,-0.1,0.9,13.7,8.1,17.7,12.8,14.0,2.0,2.9,19.4,12.2,F,ighodos01
161,Jamal Shead,14.4,1832,15.4,.491,2025-26,23,TOR,81,12,0,2.7,111,116,0.8,1.9,.070,-2.3,0.0,-2.3,-0.1,10.6,1.6,7.3,4.4,30.7,2.0,0.7,16.7,15.4,G,sheadja01
162,Kris Dunn,13.3,2208,12.4,.583,2025-26,31,LAC,81,67,0,4.0,117,116,1.7,2.2,.087,-2.3,1.4,-0.8,0.7,11.4,3.1,10.9,7.1,17.9,2.9,0.6,17.7,12.4,G,dunnkr01
163,Sion James,11.8,1822,11.0,.529,2025-26,23,CHO,81,19,0,3.0,116,116,1.1,1.9,.079,-3.0,1.0,-2.0,0.0,8.2,3.1,14.2,8.7,11.4,1.4,1.0,13.3,11.0,G,jamessi01
