"Player","Regular_Rk","Regular_PTS/G","Regular_From","Regular_To","Regular_Age","Regular_G","Regular_GS","Regular_AS","Regular_MP","Regular_FG","Regular_FGA","Regular_2P","Regular_2PA","Regular_3P","Regular_3PA","Regular_FT","Regular_FTA","Regular_ORB","Regular_DRB","Regular_TRB","Regular_AST","Regular_STL","Regular_BLK","Regular_TOV","Regular_PF","Regular_PTS","Regular_FG%","Regular_2P%","Regular_3P%","Regular_FT%","Regular_TS%","Regular_eFG%","Regular_Pos","Regular_Team","Regular_Player-additional","Postseason_Rk","Postseason_PTS/G","Postseason_G","Postseason_From","Postseason_To","Postseason_Age","Postseason_G_2","Postseason_GS","Postseason_AS","Postseason_MP","Postseason_FG","Postseason_FGA","Postseason_2P","Postseason_2PA","Postseason_3P","Postseason_3PA","Postseason_FT","Postseason_FTA","Postseason_ORB","Postseason_DRB","Postseason_TRB","Postseason_AST","Postseason_STL","Postseason_BLK","Postseason_TOV","Postseason_PF","Postseason_PTS","Postseason_FG%","Postseason_2P%","Postseason_3P%","Postseason_FT%","Postseason_TS%","Postseason_eFG%","Postseason_Pos","Postseason_Player-additional"
"Michael Jordan","1","30.1","1984-85","2002-03","21-39","1072","1039","14","41011","12192","24537","11611","22759","581","1778","7327","8772","1668","5004","6672","5633","2514","893","2924","2783","32292",".497",".510",".327",".835",".569",".509","G-F","CHIWAS","jordami01","1","33.4","179","1984-85","1997-98","21-34","179","179","12","7474","2188","4497","2040","4051","148","446","1463","1766","305","847","1152","1022","376","158","546","541","5987",".487",".504",".332",".828",".568",".503","G-F","jordami01"
"Wilt Chamberlain","2","30.1","1959-60","1972-73","23-36","1045","","13","47859","12681","23497","12681","23497","","","6057","11862","","","23924","4643","","446","","2075","31419",".540",".540","",".511",".547",".540","C","LALPHIPHWSFW","chambwi01","45","22.5","160","1959-60","1972-73","23-36","160","","11","7559","1425","2728","1425","2728","","","757","1627","","","3913","673","","","","412","3607",".522",".522","",".465",".524",".522","C","chambwi01"
"Luka Dončić","3","29.2","2018-19","2025-26","19-26","514","514","6","18001","5052","10778","3420","6146","1632","4632","3285","4349","468","3908","4376","4230","661","237","2032","1181","15021",".469",".556",".352",".755",".592",".544","G-F","DALLAL","doncilu01","2","30.9","55","2019-20","2024-25","20-25","55","55","4","2156","592","1284","410","759","182","525","331","449","36","468","504","427","89","26","232","150","1697",".461",".540",".347",".737",".573",".532","G-F","doncilu01"
"Joel Embiid","4","27.6","2016-17","2025-26","22-31","490","490","7","15608","4458","8909","3873","7182","585","1727","4043","4873","1083","4197","5280","1808","432","784","1656","1451","13544",".500",".539",".339",".830",".613",".533","C","PHI","embiijo01","26","24.9","59","2017-18","2023-24","23-29","59","59","7","2083","466","1015","401","790","65","225","472","570","127","514","641","182","49","102","218","197","1469",".459",".508",".289",".828",".580",".491","C","embiijo01"
"Elgin Baylor","5","27.4","1958-59","1971-72","24-37","846","","11","33863","8693","20171","8693","20171","","","5763","7391","","","11463","3650","","","","2596","23149",".431",".431","",".780",".494",".431","F","LALMNL","bayloel01","10","27.0","134","1958-59","1969-70","24-35","134","","11","5510","1388","3161","1388","3161","","","847","1098","","","1724","541","","","","435","3623",".439",".439","",".771",".497",".439","F","bayloel01"
"Kevin Durant","6","27.1","2007-08","2025-26","19-37","1201","1198","16","44077","11258","22375","8881","16305","2377","6070","7704","8738","781","7473","8254","5280","1236","1344","3800","2279","32597",".503",".545",".392",".882",".622",".556","F-G","BRKGSWHOUOKCPHOSEA","duranke01","4","29.3","170","2009-10","2023-24","21-35","170","170","13","6893","1684","3528","1318","2499","366","1029","1251","1441","129","1198","1327","709","172","204","550","427","4985",".477",".527",".356",".868",".599",".529","F-G","duranke01"
"Jerry West","7","27.0","1960-61","1973-74","22-35","932","","14","36571","9016","19032","9016","19032","","","7160","8801","30","86","5366","6238","81","23","","2435","25192",".474",".474","",".814",".550",".474","G","LAL","westje01","5","29.1","153","1960-61","1973-74","22-35","153","","13","6321","1622","3460","1622","3460","","","1213","1506","0","2","855","970","0","0","","451","4457",".469",".469","",".805",".541",".469","G","westje01"
"LeBron James","8","26.8","2003-04","2025-26","19-41","1622","1620","22","61030","15961","31502","13325","23937","2636","7565","8882","12051","1842","10253","12095","12016","2417","1185","5650","2862","43440",".507",".557",".348",".737",".590",".549","F-G","CLELALMIA","jamesle01","6","28.4","292","2005-06","2024-25","21-40","292","292","18","12062","2971","5984","2491","4541","480","1443","1867","2519","442","2186","2628","2095","493","284","1047","663","8289",".496",".549",".333",".741",".584",".537","F-G","jamesle01"
"Allen Iverson","9","26.7","1996-97","2009-10","21-34","914","901","11","37584","8467","19906","7408","16523","1059","3383","6375","8168","745","2649","3394","5624","1983","164","3262","1777","24368",".425",".448",".313",".780",".518",".452","G","DENDETMEMPHI","iversal01","3","29.7","71","1998-99","2007-08","23-32","71","71","7","3203","755","1882","632","1506","123","376","478","626","59","214","273","425","147","14","221","157","2111",".401",".420",".327",".764",".489",".434","G","iversal01"
"Bob Pettit","10","26.4","1954-55","1964-65","22-32","792","","11","30690","7349","16872","7349","16872","","","6182","8119","","","12849","2369","","","","2529","20880",".436",".436","",".761",".511",".436","F-C","MLHSTL","pettibo01","21","25.5","88","1955-56","1964-65","23-32","88","","9","3545","766","1834","766","1834","","","708","915","","","1304","241","","","","277","2240",".418",".418","",".774",".501",".418","F-C","pettibo01"
"George Gervin","11","26.2","1976-77","1985-86","24-33","791","623","9","26536","8045","15747","7968","15488","77","259","4541","5383","1186","2421","3607","2214","941","670","2137","2331","20708",".511",".514",".297",".844",".572",".513","G-F","CHISAS","gervige01","12","27.0","59","1976-77","1985-86","24-33","59","5","8","2202","622","1225","622","1212","0","13","348","424","110","231","341","186","69","51","187","207","1592",".508",".513",".000",".821",".564",".508","G-F","gervige01"
"Oscar Robertson","12","25.7","1960-61","1973-74","22-35","1040","","12","43886","9508","19620","9508","19620","","","7694","9185","71","208","7804","9887","77","4","","2931","26710",".485",".485","",".838",".564",".485","G-F","CINMIL","roberos01","49","22.2","86","1961-62","1973-74","23-35","86","","8","3673","675","1466","675","1466","","","560","655","15","39","578","769","15","4","","267","1910",".460",".460","",".855",".544",".460","G-F","roberos01"
"Shai Gilgeous-Alexander","13","25.3","2018-19","2025-26","20-27","530","521","4","17550","4674","9193","3945","7166","729","2027","3334","3857","389","2114","2503","2810","761","422","1223","1183","13411",".508",".551",".360",".864",".616",".548","G","LACOKC","gilgesh01","19","25.8","46","2018-19","2024-25","20-26","46","46","2","1702","411","878","340","675","71","203","293","341","38","210","248","262","64","45","102","130","1186",".468",".504",".350",".859",".577",".509","G","gilgesh01"
"Damian Lillard","14","25.1","2012-13","2024-25","22-34","900","900","9","32614","7266","16568","4462","9012","2804","7556","5262","5853","534","3311","3845","6069","874","267","2541","1708","22598",".439",".495",".371",".899",".590",".523","G","MILPOR","lillada01","25","25.2","68","2013-14","2024-25","23-34","68","68","8","2689","541","1324","319","721","222","603","411","460","46","250","296","414","78","21","203","155","1715",".409",".442",".368",".893",".562",".492","G","lillada01"
"Trae Young","15","25.1","2018-19","2025-26","20-27","498","498","4","17006","3946","9112","2642","5404","1304","3708","3293","3776","303","1414","1717","4868","518","76","2090","874","12489",".433",".489",".352",".872",".580",".505","G","ATLWAS","youngtr01","15","26.4","27","2020-21","2022-23","22-24","27","27","1","1019","232","577","162","341","70","236","179","210","17","75","92","243","33","4","119","59","713",".402",".475",".297",".852",".533",".463","G","youngtr01"
"Donovan Mitchell","16","25.1","2017-18","2025-26","21-29","609","601","7","20585","5398","11915","3556","6880","1842","5035","2634","3122","485","2155","2640","2928","844","193","1645","1463","15272",".453",".517",".366",".844",".575",".530","G","CLEUTA","mitchdo01","7","28.3","63","2017-18","2024-25","21-28","63","63","6","2320","617","1403","418","842","199","561","350","424","51","263","314","303","86","21","190","156","1783",".440",".496",".355",".825",".561",".511","G","mitchdo01"
"Karl Malone","17","25.0","1985-86","2003-04","22-40","1476","1471","14","54852","13528","26210","13443","25900","85","310","9787","13188","3562","11406","14968","5248","2085","1145","4524","4578","36928",".516",".519",".274",".742",".577",".518","F","LALUTA","malonka01","28","24.7","193","1985-86","2003-04","22-40","193","193","14","7907","1743","3768","1737","3731","6","37","1269","1725","502","1560","2062","610","258","135","550","662","4761",".463",".466",".162",".736",".526",".463","F","malonka01"
"Kobe Bryant","18","25.0","1996-97","2015-16","18-37","1346","1198","18","48637","11719","26200","9892","20654","1827","5546","8378","10011","1499","5548","7047","6306","1944","640","4010","3353","33643",".447",".479",".329",".837",".550",".482","G-F","LAL","bryanko01","20","25.6","220","1996-97","2011-12","18-33","220","200","13","8641","2014","4499","1722","3617","292","882","1320","1617","230","889","1119","1040","310","144","647","660","5640",".448",".476",".331",".816",".541",".480","G-F","bryanko01"
"Dominique Wilkins","19","24.8","1982-83","1998-99","23-39","1074","995","9","38113","9963","21589","9252","19358","711","2231","6031","7438","2950","4219","7169","2677","1378","642","2669","2061","26668",".461",".478",".319",".811",".536",".478","F-G","ATLBOSLACORLSAS","wilkido01","22","25.4","56","1982-83","1998-99","23-39","56","47","6","2172","515","1201","488","1105","27","96","366","444","158","217","375","143","73","35","153","123","1423",".429",".442",".281",".824",".510",".440","F-G","wilkido01"
"Stephen Curry","20","24.8","2009-10","2025-26","21-37","1069","1061","12","36304","9022","19155","4774","9082","4248","10073","4236","4645","686","4287","4973","6743","1602","282","3308","2385","26528",".471",".526",".422",".912",".626",".582","G","GSW","curryst01","14","26.8","155","2012-13","2024-25","24-36","155","149","9","5773","1388","3056","738","1419","650","1637","721","811","113","715","828","953","231","50","516","388","4147",".454",".520",".397",".889",".608",".561","G","curryst01"
"Kareem Abdul-Jabbar","21","24.6","1969-70","1988-89","22-41","1560","789","19","57446","15837","28307","15836","28289","1","18","6712","9304","2975","9394","17440","5660","1160","3189","2527","4657","38387",".559",".560",".056",".721",".592",".559","C","LALMIL","abdulka01","31","24.3","237","1969-70","1988-89","22-41","237","90","17","8851","2356","4422","2356","4418","0","4","1050","1419","505","1273","2481","767","189","476","447","797","5762",".533",".533",".000",".740",".571",".533","C","abdulka01"
"Devin Booker","22","24.6","2015-16","2025-26","19-29","737","712","5","25295","6295","13588","4749","9194","1546","4394","3984","4562","472","2494","2966","3908","628","208","2236","2140","18120",".463",".517",".352",".873",".581",".520","G","PHO","bookede01","8","28.0","47","2020-21","2023-24","24-27","47","47","3","1880","464","955","354","672","110","283","277","308","38","200","238","247","49","18","156","156","1315",".486",".527",".389",".899",".603",".543","G","bookede01"
"Anthony Edwards","23","24.6","2020-21","2025-26","19-24","442","423","4","15400","3802","8398","2488","4841","1314","3557","1936","2413","317","2002","2319","1826","587","282","1273","888","10854",".453",".514",".369",".802",".574",".531","G-F","MIN","edwaran01","13","26.9","42","2021-22","2024-25","20-23","42","42","3","1660","396","846","266","501","130","345","208","264","43","236","279","230","57","37","114","104","1130",".468",".531",".377",".788",".587",".545","G-F","edwaran01"
"Larry Bird","24","24.3","1979-80","1991-92","23-35","897","870","12","34443","8591","17334","7942","15607","649","1727","3960","4471","1757","7217","8974","5695","1556","755","2816","2279","21791",".496",".509",".376",".886",".564",".514","F","BOS","birdla01","36","23.8","164","1979-80","1991-92","23-35","164","95","12","6886","1458","3090","1378","2841","80","249","901","1012","360","1323","1683","1062","296","145","506","466","3897",".472",".485",".321",".890",".551",".485","F","birdla01"
"Adrian Dantley","25","24.3","1976-77","1990-91","21-35","955","645","6","34151","8169","15121","8162","15080","7","41","6832","8351","2207","3248","5455","2830","944","150","2503","2550","23177",".540",".541",".171",".818",".617",".540","F-G","BUFDALDETINDLALMILUTA","dantlad01","62","21.3","73","1977-78","1990-91","22-35","73","48","2","2515","531","1012","531","1009","0","3","496","623","149","246","395","169","69","6","185","188","1558",".525",".526",".000",".796",".606",".525","F-G","dantlad01"
"Giannis Antetokounmpo","27","24.1","2013-14","2025-26","19-31","895","830","10","29273","7898","14266","7341","12313","557","1953","5178","7491","1697","7185","8882","4484","995","1088","2701","2617","21531",".554",".596",".285",".691",".613",".573","F-G","MIL","antetgi01","11","27.0","84","2014-15","2024-25","20-30","84","84","8","3042","852","1602","790","1363","62","239","504","807","205","817","1022","446","85","110","283","271","2270",".532",".580",".259",".625",".580",".551","F-G","antetgi01"
"James Harden","28","24.0","2009-10","2025-26","20-36","1221","1007","11","42449","8661","19733","5271","10410","3390","9323","8627","10002","911","5898","6809","8873","1794","683","4505","2994","29339",".439",".506",".364",".863",".608",".525","G","BRKCLEHOULACOKCPHI","hardeja01","46","22.5","173","2009-10","2024-25","20-35","173","130","11","6268","1173","2760","739","1485","434","1275","1115","1283","126","822","948","1125","282","98","590","512","3895",".425",".498",".340",".869",".586",".504","G","hardeja01"
"Anthony Davis","29","24.0","2012-13","2025-26","19-32","807","800","10","27741","7269","13923","6884","12617","385","1306","4462","5627","2148","6489","8637","2065","1055","1848","1614","1882","19385",".522",".546",".295",".793",".591",".536","F-C","DALLALNOHNOP","davisan02","16","26.1","60","2014-15","2023-24","21-30","60","60","5","2259","574","1059","538","944","36","115","382","455","148","557","705","170","76","129","140","172","1566",".542",".570",".313",".840",".622",".559","F-C","davisan02"
"Shaquille O'Neal","31","23.7","1992-93","2010-11","20-38","1207","1197","15","41918","11330","19457","11329","19435","1","22","5935","11252","4209","8890","13099","3026","739","2732","3310","4146","28596",".582",".583",".045",".527",".586",".582","C","BOSCLELALMIAORLPHO","onealsh01","32","24.3","216","1993-94","2010-11","21-38","216","214","13","8098","2041","3627","2041","3627","0","0","1168","2317","866","1642","2508","582","117","459","649","769","5250",".563",".563","",".504",".565",".563","C","onealsh01"
"Kyrie Irving","32","23.7","2011-12","2024-25","19-32","779","779","9","26879","6787","14313","4911","9550","1876","4763","2983","3360","638","2535","3173","4364","1022","337","1943","1770","18433",".474",".514",".394",".888",".584",".540","G","BOSBRKCLEDAL","irvinky01","40","23.0","96","2014-15","2023-24","22-31","96","96","4","3595","815","1781","590","1207","225","574","356","403","83","270","353","471","128","53","215","233","2211",".458",".489",".392",".883",".565",".521","G","irvinky01"
"Jayson Tatum","33","23.5","2017-18","2025-26","19-27","601","601","6","20707","4907","10716","3314","6392","1593","4324","2725","3246","520","3933","4453","2328","661","387","1428","1258","14132",".458",".518",".368",".839",".582",".532","F","BOS","tatumja01","33","24.3","121","2017-18","2024-25","19-26","121","121","6","4725","983","2241","691","1401","292","840","678","806","118","871","989","592","143","106","352","318","2936",".439",".493",".348",".841",".566",".504","F","tatumja01"
"Rick Barry","35","23.2","1965-66","1979-80","21-35","794","82","8","28825","7252","16163","7179","15942","73","221","3818","4243","510","2366","5168","4017","1104","269","574","2264","18395",".449",".450",".330",".900",".510",".451","F","GSWHOUSFW","barryri01","27","24.8","74","1966-67","1979-80","22-35","74","","5","2723","719","1688","716","1676","3","12","392","448","69","182","418","340","106","39","12","232","1833",".426",".427",".250",".875",".486",".427","F","barryri01"
"George Mikan","36","23.1","1948-49","1955-56","24-31","439","","4","8350","3544","8783","3544","8783","","","3068","3924","","","4167","1245","","","","1862","10156",".404",".404","",".782",".483",".404","C","MNL","mikange01","35","24.0","70","1948-49","1955-56","24-31","70","","4","1500","563","1394","563","1394","","","554","705","","","665","155","","","","305","1680",".404",".404","",".786",".493",".404","C","mikange01"
"Paul Arizin","37","22.8","1950-51","1961-62","22-33","713","","10","24897","5628","13354","5628","13354","","","5010","6189","","","6129","1665","","","","2764","16266",".421",".421","",".810",".506",".421","F-G","PHW","arizipa01","34","24.2","49","1950-51","1961-62","22-33","49","","8","1815","411","1001","411","1001","","","364","439","","","404","128","","","","177","1186",".411",".411","",".829",".497",".411","F-G","arizipa01"
"Bernard King","41","22.5","1977-78","1992-93","21-36","874","547","4","29417","7830","15109","7807","14975","23","134","3972","5444","1704","3356","5060","2863","866","230","2791","2885","19655",".518",".521",".172",".730",".561",".519","F","GSWNJNNYKUTAWSB","kingbe01","29","24.5","28","1978-79","1992-93","22-36","28","23","1","934","269","481","268","477","1","4","148","203","45","76","121","65","24","6","62","94","687",".559",".562",".250",".729",".602",".560","F","kingbe01"
"Carmelo Anthony","42","22.5","2003-04","2021-22","19-37","1260","1120","10","43514","10119","22643","8388","17770","1731","4873","6320","7764","1983","5825","7808","3422","1223","644","3052","3543","28289",".447",".472",".355",".814",".543",".485","F","DENHOULALNYKOKCPOR","anthoca01","38","23.1","83","2003-04","2020-21","19-36","83","77","5","3092","669","1614","568","1302","101","312","475","575","153","404","557","204","100","29","218","298","1914",".414",".436",".324",".826",".513",".446","F","anthoca01"
"Ja Morant","43","22.4","2019-20","2025-26","20-26","327","325","2","10370","2639","5666","2204","4269","435","1397","1618","2092","296","1217","1513","2428","335","92","1108","555","7331",".466",".516",".311",".773",".557",".504","G","MEM","moranja01","17","26.0","22","2020-21","2024-25","21-25","22","22","2","810","203","456","159","328","44","128","123","164","29","107","136","179","31","7","72","46","573",".445",".485",".344",".750",".542",".493","G","moranja01"
"Nikola Jokić","45","22.2","2015-16","2025-26","20-30","810","769","8","25914","6880","12274","5954","9715","926","2559","3323","4030","2175","6802","8977","6080","1041","589","2419","2168","18009",".561",".613",".362",".825",".641",".598","C-F","DEN","jokicni01","9","27.4","94","2018-19","2024-25","23-29","94","94","7","3601","978","1864","813","1439","165","425","459","556","286","873","1159","712","116","82","311","314","2580",".525",".565",".388",".826",".612",".569","C-F","jokicni01"
"Charles Barkley","46","22.1","1984-85","1999-00","21-36","1073","1012","11","39330","8435","15605","7897","13585","538","2020","6349","8643","4260","8286","12546","4215","1648","888","3376","3287","23757",".541",".581",".266",".735",".612",".558","F","HOUPHIPHO","barklch01","39","23.0","123","1984-85","1998-99","21-35","123","108","9","4849","1009","1965","945","1714","64","251","751","1048","510","1072","1582","482","193","108","353","408","2833",".513",".551",".255",".717",".584",".530","F","barklch01"
"David Thompson","47","22.1","1976-77","1983-84","22-29","509","151","4","16305","4213","8365","4190","8282","23","83","2815","3616","737","1184","1921","1631","459","407","1129","1287","11264",".504",".506",".277",".778",".566",".505","G-F","DENSEA","thompda01","41","22.9","27","1976-77","1982-83","22-28","27","","4","971","249","539","248","536","1","3","120","161","42","73","115","101","24","27","63","83","619",".462",".463",".333",".745",".508",".463","G-F","thompda01"
"Dwyane Wade","49","22.0","2003-04","2018-19","22-37","1054","909","13","35773","8454","17617","7905","15743","549","1874","5708","7463","1258","3675","4933","5701","1620","885","3326","2328","23165",".480",".502",".293",".765",".554",".495","G","CHICLEMIA","wadedw01","48","22.3","177","2003-04","2017-18","22-36","177","172","10","6697","1450","3062","1347","2757","103","305","951","1220","234","694","928","870","273","175","583","467","3954",".474",".489",".338",".780",".549",".490","G","wadedw01"
"Julius Erving","50","22.0","1976-77","1986-87","26-36","836","823","11","28677","7237","14276","7191","14100","46","176","3844","4950","2067","3534","5601","3224","1508","1293","2323","2286","18364",".507",".510",".261",".777",".558",".509","F-G","PHI","ervinju01","54","21.9","141","1976-77","1986-87","26-36","141","30","11","5288","1187","2441","1180","2405","7","36","707","908","360","634","994","594","235","239","396","403","3088",".486",".491",".194",".779",".544",".488","F-G","ervinju01"
"Hakeem Olajuwon","52","21.8","1984-85","2001-02","22-39","1238","1186","12","44222","10749","20991","10724","20867","25","124","5423","7621","4034","9714","13748","3058","2162","3830","3667","4383","26946",".512",".514",".202",".712",".553",".513","C","HOUTOR","olajuha01","18","25.9","145","1984-85","2001-02","22-39","145","140","11","5749","1504","2847","1500","2829","4","18","743","1034","471","1150","1621","458","245","472","424","562","3755",".528",".530",".222",".719",".569",".529","C","olajuha01"
"Alex English","53","21.5","1976-77","1990-91","23-37","1193","837","8","38063","10659","21036","10641","20953","18","83","4277","5141","2778","3760","6538","4351","1067","833","2821","3027","25613",".507",".508",".217",".832",".550",".507","F","DALDENINDMIL","englial01","30","24.4","68","1977-78","1989-90","24-36","68","44","8","2427","668","1328","668","1320","0","8","325","377","166","205","371","293","47","32","142","188","1661",".503",".506",".000",".862",".556",".503","F","englial01"
"Bradley Beal","54","21.4","2012-13","2025-26","19-32","807","758","3","27681","6364","13712","4640","9124","1724","4588","2854","3475","691","2560","3251","3442","885","339","1947","1819","17306",".464",".509",".376",".821",".568",".527","G","LACPHOWAS","bealbr01","42","22.9","49","2013-14","2023-24","20-30","49","49","2","1946","409","926","297","609","112","317","193","233","58","158","216","187","69","28","124","128","1123",".442",".488",".353",".828",".546",".502","G","bealbr01"
"DeMar DeRozan","55","21.1","2009-10","2025-26","20-36","1264","1252","6","43634","9563","20320","8901","18126","662","2194","6923","8209","870","4564","5434","5185","1250","416","2475","2808","26711",".471",".491",".302",".843",".558",".487","G-F","CHISACSASTOR","derozde01","56","21.8","63","2013-14","2021-22","24-32","63","63","5","2368","494","1183","470","1071","24","112","363","426","42","254","296","232","72","14","144","165","1375",".418",".439",".214",".852",".502",".428","G-F","derozde01"
"Patrick Ewing","61","21.0","1985-86","2001-02","23-39","1183","1122","11","40594","9702","19241","9683","19116","19","125","5392","7289","2752","8855","11607","2215","1136","2894","3537","4034","24815",".504",".507",".152",".740",".553",".505","C-F","NYKORLSEA","ewingpa01","80","20.2","139","1987-88","2001-02","25-39","139","135","10","5207","1104","2353","1096","2330","8","23","597","831","337","1098","1435","275","122","303","345","522","2813",".469",".470",".348",".718",".517",".471","C-F","ewingpa01"
"Elvin Hayes","62","21.0","1968-69","1983-84","23-38","1303","129","12","50000","10976","24272","10971","24238","5","34","5356","7999","2778","6973","16279","2398","864","1771","1358","4193","27313",".452",".453",".147",".670",".491",".452","F-C","BALCAPHOUSDRWSB","hayesel01","44","22.9","96","1968-69","1981-82","23-36","96","","9","4160","883","1901","883","1901","0","0","428","656","336","768","1244","185","97","222","124","378","2194",".464",".464","",".652",".501",".464","F-C","hayesel01"
"Russell Westbrook","63","20.9","2008-09","2025-26","20-37","1301","1133","9","43026","9786","22329","8291","17473","1495","4856","6109","7928","2054","6971","9025","10351","2038","418","5038","3304","27176",".438",".475",".308",".771",".526",".472","G","DENHOULACLALOKCSACWAS","westbru01","47","22.5","135","2009-10","2024-25","21-36","135","116","8","4787","1056","2609","869","1984","187","625","736","898","241","664","905","955","223","42","501","391","3035",".405",".438",".299",".820",".505",".441","G","westbru01"
"John Havlicek","66","20.8","1962-63","1977-78","22-37","1270","","13","46471","10513","23930","10513","23930","","","5369","6589","610","1389","8007","6114","476","117","204","3281","26395",".439",".439","",".815",".492",".439","F-G","BOS","havlijo01","52","22.0","172","1962-63","1976-77","22-36","172","","10","6860","1451","3329","1451","3329","","","874","1046","79","199","1186","825","60","16","","527","3776",".436",".436","",".836",".498",".436","F-G","havlijo01"
"Dirk Nowitzki","67","20.7","1998-99","2018-19","20-40","1522","1460","14","51368","11169","23734","9187","18524","1982","5210","7240","8239","1468","10021","11489","3651","1210","1281","2494","3601","31560",".471",".496",".380",".879",".577",".512","F-C","DAL","nowitdi01","24","25.3","145","2000-01","2015-16","22-37","145","145","13","5895","1220","2642","1071","2234","149","408","1074","1204","212","1234","1446","360","149","129","328","407","3663",".462",".479",".365",".892",".577",".490","F-C","nowitdi01"
"Kawhi Leonard","68","20.7","2011-12","2025-26","20-34","798","769","7","25368","5987","11994","4628","8522","1359","3472","3213","3722","943","4132","5075","2470","1377","498","1345","1303","16546",".499",".543",".391",".863",".607",".556","F","LACSASTOR","leonaka01","61","21.5","146","2011-12","2024-25","20-33","146","146","6","5194","1120","2185","871","1561","249","624","644","766","262","880","1142","432","256","99","278","323","3133",".513",".558",".399",".841",".621",".570","F","leonaka01"
"Moses Malone","74","20.6","1976-77","1994-95","21-39","1329","948","12","45071","9435","19225","9427","19145","8","80","8531","11090","6731","9481","16212","1796","1089","1733","3804","3076","27409",".491",".492",".100",".769",".569",".491","C-F","ATLBUFHOUMILPHISASWSB","malonmo01","51","22.1","94","1976-77","1990-91","21-35","94","26","10","3796","750","1566","749","1559","1","7","576","756","510","785","1295","136","84","151","215","244","2077",".479",".480",".143",".762",".547",".479","C-F","malonmo01"
"Paul George","75","20.5","2010-11","2025-26","20-35","945","897","9","31651","6625","15066","4176","8684","2449","6382","3639","4271","770","5110","5880","3502","1601","417","2487","2502","19338",".440",".481",".384",".852",".571",".521","F-G","INDLACOKCPHI","georgpa01","64","21.2","114","2010-11","2023-24","20-33","114","114","8","4444","779","1842","503","1059","276","783","582","705","107","747","854","473","172","62","354","376","2416",".423",".475",".352",".826",".561",".498","F-G","georgpa01"
"Clyde Drexler","76","20.4","1983-84","1997-98","21-35","1086","950","10","37537","8335","17673","7508","15070","827","2603","4698","5962","2615","4062","6677","6125","2207","719","2977","3285","22195",".472",".498",".318",".788",".547",".495","G","HOUPOR","drexlcl01","73","20.4","145","1983-84","1997-98","21-35","145","140","10","5572","1076","2408","935","1919","141","489","670","851","359","643","1002","891","278","108","397","486","2963",".447",".487",".288",".787",".532",".476","G","drexlcl01"
"Lou Hudson","80","20.2","1966-67","1978-79","22-34","890","","6","29794","7392","15129","7392","15129","","","3156","3960","436","718","3926","2432","516","98","249","2439","17940",".489",".489","",".797",".532",".489","F-G","ATLLALSTL","hudsolo01","63","21.3","61","1966-67","1978-79","22-34","61","","5","2199","519","1164","519","1164","","","262","326","8","5","318","164","6","0","10","196","1300",".446",".446","",".804",".497",".446","F-G","hudsolo01"
"Marques Johnson","82","20.1","1977-78","1989-90","21-33","691","359","5","23694","5733","11065","5719","10973","14","92","2412","3265","1825","2992","4817","2502","888","525","1627","1766","13892",".518",".521",".152",".739",".556",".519","F-G","GSWLACMIL","johnsma01","58","21.5","54","1977-78","1983-84","21-27","54","","3","2112","471","964","468","951","3","13","218","311","173","254","427","198","56","45","111","156","1163",".489",".492",".231",".701",".528",".490","F-G","johnsma01"
